timestamp,rpm,egt,cht,oil_pressure,oil_temp,vibration,fuel_flow,mission_profile,altitude_m,ambient_temp_offset_c,fault_type,true_rul_timesteps,fault_onset_idx,failure_idx,flight_id,battery_voltage,injection_timing_deg
0,4995.36980141152,726.8477815460441,173.26499456873924,64.05483142077348,92.9278461953814,1.2253884367468664,20.7441494416204,endurance,4000,-5,none,-1.0,-1,-1,mission_endurance_healthy,27.58237556567744,20.31745161735946
1,4996.52882462083,726.2028645923668,173.64953143665014,63.04865882879766,92.50823957518756,1.2547919932992588,21.063016817719845,endurance,4000,-5,none,-1.0,-1,-1,mission_endurance_healthy,27.673768319405458,20.242345366986687
2,4999.652240897731,734.9364107039602,176.47954805370478,64.2932328930089,94.12302720461147,1.1879292041460197,21.601898083511987,endurance,4000,-5,none,-1.0,-1,-1,mission_endurance_healthy,27.721745277698002,20.258326260416236
3,5001.828135476565,736.2728335488484,171.6099533385641,65.83183037643839,93.727590766345,1.1927324299856787,21.43198069354804,endurance,4000,-5,none,-1.0,-1,-1,mission_endurance_healthy,27.732697441102435,20.07111347752932
4,4997.982604911584,727.7244673667819,175.57757392356052,64.55453572233745,93.92640946824136,1.2009674271250257,21.1310612988558,endurance,4000,-5,none,-1.0,-1,-1,mission_endurance_healthy,27.677683083659698,20.516059967088925
5,5002.26663957399,732.9768427541109,171.78193599060162,64.92857599106844,94.84761580969229,1.2875539683739594,20.73294923810369,endurance,4000,-5,none,-1.0,-1,-1,mission_endurance_healthy,27.77641785491799,19.74112275527878
6,5005.072462214432,737.0982615456613,173.8035233367372,67.20699918414073,93.41838085913624,1.1993273571906358,21.30334273625031,endurance,4000,-5,none,-1.0,-1,-1,mission_endurance_healthy,27.672125212297633,19.772858205603864
7,5007.892356034827,733.7919597801953,175.17933727674514,64.47545975398776,94.96970795212847,1.1860062159075238,20.83810033982313,endurance,4000,-5,none,-1.0,-1,-1,mission_endurance_healthy,27.692979665645353,20.38209318893702
8,5010.872606445474,738.2326313974015,171.52804885141774,64.99508527625476,93.94416749802316,1.420985864757244,21.159556311774747,endurance,4000,-5,none,-1.0,-1,-1,mission_endurance_healthy,27.635748867160146,19.894387566963676
9,5015.289995398964,734.03610018718,174.62484338335116,63.56944744957551,94.46140700903544,1.2876409500590398,21.31643579568362,endurance,4000,-5,none,-1.0,-1,-1,mission_endurance_healthy,27.7461592003677,19.33893415623587
10,5024.261884981902,735.5784433983805,171.48227610096055,64.89776260347794,94.7066036187098,1.4686747624957537,21.131817998247893,endurance,4000,-5,none,-1.0,-1,-1,mission_endurance_healthy,27.661300811888946,19.787977860889487
11,5021.81591249101,733.3407564816899,174.9994950769051,65.30194258260344,93.62992775279812,1.6000049714786584,21.230075549791504,endurance,4000,-5,none,-1.0,-1,-1,mission_endurance_healthy,27.796284967050664,20.273392236473512
12,5022.0047572233725,727.6842329486151,174.26404802258895,64.82966685716295,95.48749036580315,1.3300271490126503,21.319979395566715,endurance,4000,-5,none,-1.0,-1,-1,mission_endurance_healthy,27.74614796194411,20.68399989136465
13,5029.021695953148,733.6777133064041,177.2255569358116,64.32911807607373,95.57836930263116,1.379904005629281,21.13190322130266,endurance,4000,-5,none,-1.0,-1,-1,mission_endurance_healthy,27.787674305655706,19.699530239651818
14,5023.66977648795,731.5262215697608,174.58659626706626,64.87695433253954,95.64002134211243,1.2612623571641854,20.83848420293865,endurance,4000,-5,none,-1.0,-1,-1,mission_endurance_healthy,27.716610080002297,20.249527317601085
15,5024.972074363499,738.2843947114548,174.9805832884066,64.65594048253676,94.4384405614534,1.20392003744964,21.36020642351813,endurance,4000,-5,none,-1.0,-1,-1,mission_endurance_healthy,27.71051587082379,19.786401488383248
16,5022.215603499548,730.0350987736459,173.65579340232563,65.15914641446317,94.19457693593408,1.131595702470549,21.151074933853515,endurance,4000,-5,none,-1.0,-1,-1,mission_endurance_healthy,27.815977228371256,20.533668101831566
17,5022.13631625958,734.1293706221652,175.859858136201,65.3168402518339,94.7082704180728,1.2654292477909508,21.66090708300403,endurance,4000,-5,none,-1.0,-1,-1,mission_endurance_healthy,27.76730301947587,19.958536880156817
18,5024.03532924357,734.9473695864446,173.15433473354656,65.05014778800339,94.12243775786574,1.343948737899198,21.19071794268504,endurance,4000,-5,none,-1.0,-1,-1,mission_endurance_healthy,27.639055724832,20.421720779384913
19,5016.310923578943,735.7429040161204,172.25616874732034,65.10183038120545,94.7669789172999,1.2368008542106883,21.0824557839675,endurance,4000,-5,none,-1.0,-1,-1,mission_endurance_healthy,27.657641992615538,19.98690004732234
20,5012.341010466676,733.6328248893707,173.57157066177183,65.49138343610018,94.97478506717913,1.240492590331335,21.201364531694647,endurance,4000,-5,none,-1.0,-1,-1,mission_endurance_healthy,27.68857308354446,19.497896350108334
21,5006.7191261363005,739.4068557626313,174.36427973240785,65.6377367567037,94.38042496671407,1.1438879714185055,20.905150537998136,endurance,4000,-5,none,-1.0,-1,-1,mission_endurance_healthy,27.574082540292828,20.002113781445765
22,5005.79474410234,734.2805113611837,174.28095312845048,64.73602770940009,93.03001825830567,1.335662935937139,21.19273270126865,endurance,4000,-5,none,-1.0,-1,-1,mission_endurance_healthy,27.626730133488785,19.875371114447972
23,5003.039355762501,733.0553860850421,173.14217150377846,64.70699050006854,93.77768783160776,0.9851968221965504,21.00407907903551,endurance,4000,-5,none,-1.0,-1,-1,mission_endurance_healthy,27.520616867159244,20.05669195120344
24,5009.099778881935,733.7014940770927,172.85690181481723,65.32313229614992,95.6316531803594,1.213262330720421,20.766584473752317,endurance,4000,-5,none,-1.0,-1,-1,mission_endurance_healthy,27.529317259940886,19.744726903920558
25,5006.687092695731,735.9067171019269,171.0122193993612,65.93227809930767,93.828434240084,1.050713476012389,20.93394009528164,endurance,4000,-5,none,-1.0,-1,-1,mission_endurance_healthy,27.510561041293453,19.81774391304881
26,5013.541830645956,728.615876778891,171.41394171922337,64.81813180732965,95.2996056562417,1.4155583778936152,20.9798025085746,endurance,4000,-5,none,-1.0,-1,-1,mission_endurance_healthy,27.452502528967603,19.529778942260286
27,5011.916833882777,730.9438682500564,173.44405954364598,64.97622250520628,94.6774211578926,1.2602654556687831,21.278230092877376,endurance,4000,-5,none,-1.0,-1,-1,mission_endurance_healthy,27.432489360297623,19.514641750315725
28,5013.002471965968,733.6164922485681,174.69453039194377,65.6353063332922,94.74312270185304,0.9188419660934616,21.46096666786064,endurance,4000,-5,none,-1.0,-1,-1,mission_endurance_healthy,27.526802395408573,19.855234020759134
29,5013.161832766315,731.0396570141725,176.08308153712974,64.58193044652315,94.48702258551435,1.3323358875231317,21.44118120895257,endurance,4000,-5,none,-1.0,-1,-1,mission_endurance_healthy,27.393057848621737,20.307363917249685
30,5013.207906039324,733.9351096175703,175.388809565718,65.7065681844876,96.76233955229029,1.3456071600760644,20.740839921168504,endurance,4000,-5,none,-1.0,-1,-1,mission_endurance_healthy,27.522049270729884,19.837456377907948
31,5008.699194005993,727.0797997567487,174.69675920566792,66.0850106141484,94.34340382741917,1.2332619046933948,20.91556172427479,endurance,4000,-5,none,-1.0,-1,-1,mission_endurance_healthy,27.41792895387228,19.63415598652842
32,5010.038045907507,739.270583864626,173.0577438748145,64.90320948013965,93.21688540674316,1.3124972916516242,21.079855094157672,endurance,4000,-5,none,-1.0,-1,-1,mission_endurance_healthy,27.32152257258655,20.094301048949777
33,5011.573612101766,734.3040219439949,171.53286892044343,66.36618405825196,96.70835081316068,1.3596745332287354,21.342308537685337,endurance,4000,-5,none,-1.0,-1,-1,mission_endurance_healthy,27.472053083886294,19.498831239691015
34,5012.524954157714,733.7568947245962,173.3049090818485,64.85963214668908,92.81119190629074,1.351390589964633,21.302471513926577,endurance,4000,-5,none,-1.0,-1,-1,mission_endurance_healthy,27.47108693672494,20.238176481548255
35,5015.010600855155,730.4887703889466,172.79476231888398,64.37408563188947,94.00778884306288,1.236041836858663,21.37933919025085,endurance,4000,-5,none,-1.0,-1,-1,mission_endurance_healthy,27.450976110012984,20.12669712169369
36,5011.733618669075,735.950498230501,172.8026383319252,66.19765416481191,94.93570217238576,1.137512121631406,21.313607794057347,endurance,4000,-5,none,-1.0,-1,-1,mission_endurance_healthy,27.41677162296646,20.46646778260614
37,5010.543301846954,736.2051001739583,174.62914085872848,65.09850581492778,95.06506570886422,1.3129608126540728,20.761759987503847,endurance,4000,-5,none,-1.0,-1,-1,mission_endurance_healthy,27.368002074584137,19.780652796427933
38,5007.897051028132,731.3042895464074,172.7196472994089,64.17280281004348,94.04858748819537,1.2467218468496093,21.00578353129131,endurance,4000,-5,none,-1.0,-1,-1,mission_endurance_healthy,27.46065443804851,20.26330990661389
39,5001.080369726921,731.8698540239802,172.59816406884372,65.24598712897603,95.6825942079298,1.4951567458688428,21.198217744730197,endurance,4000,-5,none,-1.0,-1,-1,mission_endurance_healthy,27.571208199174354,20.1258340591457
40,5002.5505150104855,727.6639040807532,173.47295991574777,65.8878956415904,94.60786006534754,1.19516552532682,21.215196246217054,endurance,4000,-5,none,-1.0,-1,-1,mission_endurance_healthy,27.364382365201656,19.737117509038782
41,5000.008559837127,732.7072294079555,173.67002581346955,66.09984319439629,92.72404205707625,1.2417349677974043,20.926929016630236,endurance,4000,-5,none,-1.0,-1,-1,mission_endurance_healthy,27.435083555043907,19.85257800297019
42,4999.6976778094495,732.1356353344416,173.5068959486959,64.55207634300697,94.47973193137808,1.1696955454451547,21.30746027895516,endurance,4000,-5,none,-1.0,-1,-1,mission_endurance_healthy,27.318599506371548,20.023449581676836
43,5008.69674916137,736.3781434910074,175.36597576696118,66.71101757497853,92.77455980818416,1.344060061345855,21.31888467334011,endurance,4000,-5,none,-1.0,-1,-1,mission_endurance_healthy,27.274754012757064,19.754734239271713
44,5009.617991277167,734.723696596003,171.26726931859628,65.56168467386159,95.7455386592846,1.425870905247133,20.97862653557125,endurance,4000,-5,none,-1.0,-1,-1,mission_endurance_healthy,27.380955617386434,19.946538412520482
45,5010.047654877743,737.0535171220486,176.2703948324769,66.50925902221255,94.04336864267424,1.336199567662597,21.090975641751943,endurance,4000,-5,none,-1.0,-1,-1,mission_endurance_healthy,27.34761408113028,20.12116614861737
46,5014.3434380066765,733.228110361136,173.1619517690627,64.45028287721729,94.16318749396773,1.2983321727507977,21.323975497491343,endurance,4000,-5,none,-1.0,-1,-1,mission_endurance_healthy,27.389104078039832,19.705564694853795
47,5019.328853659881,734.9502847367276,172.32536238770928,65.01837475295659,95.4949561278266,1.0178909815307693,21.20653084938236,endurance,4000,-5,none,-1.0,-1,-1,mission_endurance_healthy,27.273786677326154,19.983964522998072
48,5026.580424448275,734.6018198249906,176.03679261972056,65.33625992214077,95.35810108243946,1.2482081631612472,21.147268134465996,endurance,4000,-5,none,-1.0,-1,-1,mission_endurance_healthy,27.39769946019879,20.594858781873832
49,5024.49448855523,734.9495175095218,170.78784824688665,64.27408350611641,95.22199040333376,1.220244701647293,21.22905022842721,endurance,4000,-5,none,-1.0,-1,-1,mission_endurance_healthy,27.359928425192535,19.35919590198383
50,5031.678228322952,733.6991331550198,174.7935566883745,64.77203021069599,95.794528536547,1.3003268959102936,21.13763088170927,endurance,4000,-5,none,-1.0,-1,-1,mission_endurance_healthy,27.31067015755374,20.092776309211377
51,5031.152797130359,735.3634428190309,171.01035777357916,66.17539523960022,95.12339674884092,1.2122055846351003,21.3546122106317,endurance,4000,-5,none,-1.0,-1,-1,mission_endurance_healthy,27.337675618879445,20.040146890526003
52,5026.5198899583565,733.2818136718854,175.9618182584669,64.71862572433453,93.87235297148668,1.2849383902765137,21.220383739515704,endurance,4000,-5,none,-1.0,-1,-1,mission_endurance_healthy,27.304155547024575,20.06699472709316
53,5022.804324692943,738.190627073773,173.0399944805881,64.66153386408175,95.7780156096296,1.3160298799932666,21.266787046521024,endurance,4000,-5,none,-1.0,-1,-1,mission_endurance_healthy,27.23275553850004,20.237544734230358
54,5027.235712205041,736.4961211868659,179.15495251815014,64.50377856860719,94.35096455197436,1.325200529462227,21.396073853983957,endurance,4000,-5,none,-1.0,-1,-1,mission_endurance_healthy,27.302366394462737,20.388723462564865
55,5030.285878458311,736.1411745577691,172.51946880722366,65.58700755102457,95.42449459934208,1.2844392060324743,20.94570799002882,endurance,4000,-5,none,-1.0,-1,-1,mission_endurance_healthy,27.331228731632564,20.232377827251305
56,5035.415973852435,734.9355172236415,177.1846786180973,64.86484123540727,95.93497324700007,1.3039743550795737,21.365047619696984,endurance,4000,-5,none,-1.0,-1,-1,mission_endurance_healthy,27.305414644402973,20.149369560346837
57,5031.7286760018815,739.1046143446923,174.07703189209897,65.63478203527566,95.67774285475711,1.379379624741399,21.531253095603248,endurance,4000,-5,none,-1.0,-1,-1,mission_endurance_healthy,27.23211614722998,19.927106619467434
58,5030.369516188229,735.9830613924613,174.16396484353143,65.26099804492748,96.29465050331146,1.12047841928709,21.443553326716422,endurance,4000,-5,none,-1.0,-1,-1,mission_endurance_healthy,27.21901215875398,20.0882187711423
59,5025.578647728034,736.7435588318565,173.1888141246058,65.82585924260722,95.0100527514076,1.1601203839629202,20.615527582056977,endurance,4000,-5,none,-1.0,-1,-1,mission_endurance_healthy,27.201386746881422,19.962303151968012
60,5017.676304771961,732.584537006347,172.76429087384227,65.06006863042006,95.93484086021118,1.2973608302935449,21.18619824133114,endurance,4000,-5,none,-1.0,-1,-1,mission_endurance_healthy,27.149465343477893,20.372808379321135
61,5017.604050869278,735.0573403527185,173.24429955591884,63.84583393426813,94.34234361141904,1.2315270076790936,21.50015677595896,endurance,4000,-5,none,-1.0,-1,-1,mission_endurance_healthy,27.063418415147336,19.739486845702537
62,5023.934829366979,732.6716984222659,176.3908522328975,65.94624986617897,93.29885611668333,1.262302809398685,21.6103360241582,endurance,4000,-5,none,-1.0,-1,-1,mission_endurance_healthy,27.191503661638745,19.943976228797275
63,5028.383177867298,733.3075697444885,175.46182500779472,64.7185141138457,93.704143441535,1.3187332976454889,21.067860421729865,endurance,4000,-5,none,-1.0,-1,-1,mission_endurance_healthy,27.18859896389534,19.772819360686196
64,5025.274436776533,733.2059361524456,175.2043767930653,65.26767750110918,96.0268194321078,1.4850411188553982,20.9859245785266,endurance,4000,-5,none,-1.0,-1,-1,mission_endurance_healthy,27.163270982926512,20.171804355688074
65,5029.944315905824,740.8264854622653,172.66339337349456,64.85800526748747,94.53103822538054,1.282952386616662,21.51363733440997,endurance,4000,-5,none,-1.0,-1,-1,mission_endurance_healthy,27.177433702326184,19.483750220178404
66,5027.637202935311,735.6641755152749,174.444915575521,64.32922419846267,94.7989657736293,1.2631707423253369,21.13326451604244,endurance,4000,-5,none,-1.0,-1,-1,mission_endurance_healthy,27.24751053604352,19.78330865454762
67,5028.885650185352,740.0202669135613,175.43575293011904,66.35159078096713,94.8165462630895,1.2252385322529835,20.943078779091596,endurance,4000,-5,none,-1.0,-1,-1,mission_endurance_healthy,27.254165020998403,20.186894544116637
68,5032.193606937743,732.9105512839338,172.58522903360668,66.23665378116868,96.69089353719149,1.322274056768487,21.5666394402319,endurance,4000,-5,none,-1.0,-1,-1,mission_endurance_healthy,27.24080355909729,20.123168261669978
69,5030.56326442684,736.7037168596147,175.62690065247315,65.45403817539902,96.65997351877964,1.427399737046019,21.22562215530428,endurance,4000,-5,none,-1.0,-1,-1,mission_endurance_healthy,27.27465494829916,19.785504673592918
70,5027.024714697659,733.4320905351328,176.2728209144859,65.45578132941652,94.83658914412833,1.2956279961452517,21.130115530468668,endurance,4000,-5,none,-1.0,-1,-1,mission_endurance_healthy,27.220634282444163,20.393761746598283
71,5029.623165303669,736.5049333922447,174.801651230743,66.3580408022397,94.04502015486142,1.3809492534814654,21.34935995827669,endurance,4000,-5,none,-1.0,-1,-1,mission_endurance_healthy,27.36939246928488,20.052299763969522
72,5028.914352991676,740.5247134323588,174.45198741842003,66.27418399981181,94.62454784404687,1.503826426910881,21.16872349101056,endurance,4000,-5,none,-1.0,-1,-1,mission_endurance_healthy,27.242812925098157,19.95110831265587
73,5026.70700955702,739.8757416674111,175.05843074260838,65.47712362737198,94.00950347147658,1.2085402445815503,21.50226861421188,endurance,4000,-5,none,-1.0,-1,-1,mission_endurance_healthy,27.275533580050777,19.991977224846067
74,5029.24419391297,732.8236526014883,173.1087387370103,65.53233197348362,95.51647167754278,1.1877853017795084,20.97221207089512,endurance,4000,-5,none,-1.0,-1,-1,mission_endurance_healthy,27.333284266054118,20.72258667910032
75,5028.384311192044,737.710012985881,175.98125677835876,65.22043209408648,95.88369535117552,1.2606526029672336,21.127613159273984,endurance,4000,-5,none,-1.0,-1,-1,mission_endurance_healthy,27.2903776414465,19.72284153024726
76,5029.915774408372,738.2238897424224,177.38959160878258,64.71403991062688,94.58620395138792,1.4267981613340135,21.53827783981465,endurance,4000,-5,none,-1.0,-1,-1,mission_endurance_healthy,27.23836096245916,20.274357504645877
77,5026.053338952937,734.5508516612225,174.000375515189,65.14379035575685,94.60847893837057,1.1893177578664904,21.175582586866465,endurance,4000,-5,none,-1.0,-1,-1,mission_endurance_healthy,27.22117026605175,19.899748963795425
78,5028.949447849152,734.1195284154551,174.721487695668,66.2955185038969,96.91126267326344,1.2504554709037097,20.96108964154803,endurance,4000,-5,none,-1.0,-1,-1,mission_endurance_healthy,27.257565955668813,19.882291603175265
79,5025.162786348863,732.1585801223652,173.49176152770713,63.9422282455542,94.29467252152595,1.255229620923521,21.208077415665866,endurance,4000,-5,none,-1.0,-1,-1,mission_endurance_healthy,27.34140455705672,20.678368148142138
80,5023.620178230424,735.2862917890828,173.41340641263346,65.53719958957909,96.4537522033318,1.209770312852757,21.45615314761441,endurance,4000,-5,none,-1.0,-1,-1,mission_endurance_healthy,27.369491428847166,19.951835005762092
81,5016.13362221708,729.510808448389,172.96101053490284,65.6515754474132,95.95316357466044,1.3483954637060065,21.707969605993306,endurance,4000,-5,none,-1.0,-1,-1,mission_endurance_healthy,27.35467459543628,20.04305474679596
82,5020.769540400922,733.6045944439051,172.65230108336013,64.26199209698247,95.61313502723566,1.1827568003632036,21.47430561506487,endurance,4000,-5,none,-1.0,-1,-1,mission_endurance_healthy,27.36649901472274,19.761722140677712
83,5021.144067901907,734.7189385671646,175.65660763673478,65.09037974018958,94.41202063240128,1.150932046223376,21.185323553344556,endurance,4000,-5,none,-1.0,-1,-1,mission_endurance_healthy,27.31555838555547,19.932220915301738
84,5022.995148572507,732.3362041873407,173.57933974551798,65.26349976680254,94.42393226118546,1.1498362840353666,21.15033095060616,endurance,4000,-5,none,-1.0,-1,-1,mission_endurance_healthy,27.399780896688757,19.928282638090447
85,5016.18498167582,730.0722155919883,173.56834729096724,65.72567255272047,96.29210922441092,1.271721198196678,21.353290346845203,endurance,4000,-5,none,-1.0,-1,-1,mission_endurance_healthy,27.219643160739544,19.624427906803714
86,5016.799153494201,736.2566861989527,173.9918677913476,65.51126329624381,95.90037462928969,1.1756727394759563,21.68030118680862,endurance,4000,-5,none,-1.0,-1,-1,mission_endurance_healthy,27.289776515375767,20.00148307132595
87,5015.221635562784,733.0875360826847,172.15778141057555,65.04921692047024,95.53161561634263,1.5279365674159702,21.474889060195743,endurance,4000,-5,none,-1.0,-1,-1,mission_endurance_healthy,27.365708759152565,20.15425787827779
88,5020.009757161884,729.342191994082,175.55140015512532,64.36060205634412,93.8198396313082,1.3802958924748312,21.50713992886176,endurance,4000,-5,none,-1.0,-1,-1,mission_endurance_healthy,27.26133988779376,19.996806347988507
89,5013.727744393732,732.7405679716012,175.08069258044782,64.52372557656273,95.20196831007628,1.2446437987143442,21.31358475335755,endurance,4000,-5,none,-1.0,-1,-1,mission_endurance_healthy,27.430975561151968,20.191745754836234
90,5015.139182481768,734.6842005053727,175.95686674068372,66.27838363623546,94.056942077258,1.2591078262559363,20.968953172673743,endurance,4000,-5,none,-1.0,-1,-1,mission_endurance_healthy,27.274481282301977,19.933042256570065
91,5019.361491428933,732.2070270466945,171.61838347790203,65.99856602791667,92.87995683695242,1.1081752721347482,21.35342545024377,endurance,4000,-5,none,-1.0,-1,-1,mission_endurance_healthy,27.176037368170253,20.25649779314109
92,5014.592211317542,734.8643589201181,174.09407701955183,64.87001344136368,93.67002899206476,1.2740048529059478,21.15522923684095,endurance,4000,-5,none,-1.0,-1,-1,mission_endurance_healthy,27.1704454420339,19.39782098044611
93,5015.028706647892,734.2211863993939,175.88884597127543,64.4777221187875,96.01121943875438,1.2765232857488278,21.08397484281789,endurance,4000,-5,none,-1.0,-1,-1,mission_endurance_healthy,27.117926813807184,20.145049361907418
94,5010.69133048109,734.2337629419486,170.8926116429363,65.19849948257465,93.82531325955976,1.1196644242195084,21.23188806077225,endurance,4000,-5,none,-1.0,-1,-1,mission_endurance_healthy,27.200869127929824,19.741381300969202
95,5010.864072887803,731.9865537489787,172.72658743926968,65.84675041939171,95.46532178010575,1.3101902291322347,21.439501776869488,endurance,4000,-5,none,-1.0,-1,-1,mission_endurance_healthy,27.271122310361466,19.946930985506437
96,5012.196653461672,731.6548242756216,171.71976622092427,64.56493355891921,95.6349805277745,1.1257013495725947,21.113107989822414,endurance,4000,-5,none,-1.0,-1,-1,mission_endurance_healthy,27.258820531481145,20.546301822543814
97,5017.464452884869,737.1449389998266,173.9488679140408,65.56208019256563,94.76499701432468,1.346140934325015,20.66416715282924,endurance,4000,-5,none,-1.0,-1,-1,mission_endurance_healthy,27.150198220145306,20.584467365703407
98,5018.137099649661,734.8202139738415,174.4468169938266,64.4305859693542,95.08870979260718,1.1410998419522358,21.460921735825533,endurance,4000,-5,none,-1.0,-1,-1,mission_endurance_healthy,27.245495599777954,20.0288725063666
99,5015.378568176803,735.0306927606971,174.07048656365103,65.85399705996025,94.42343054904548,1.379828160832359,20.81985208164529,endurance,4000,-5,none,-1.0,-1,-1,mission_endurance_healthy,27.250053842178893,20.105148789422415
100,5017.6821496817975,735.9132952074556,173.17114907476952,63.82244203497909,94.53524159076127,1.39563710459821,20.9018063181948,endurance,4000,-5,none,-1.0,-1,-1,mission_endurance_healthy,27.197110561234098,20.3028536079704
101,5017.692379891598,735.1213191722074,174.60929595070675,64.70003965636599,95.03563878553118,1.2035225371040952,20.71304973730407,endurance,4000,-5,none,-1.0,-1,-1,mission_endurance_healthy,27.13359637563267,20.30175661331786
102,5022.0130461371455,735.7195679975425,172.5203794679531,64.59988253520926,94.0991603291574,1.2960819920769984,21.300671075492165,endurance,4000,-5,none,-1.0,-1,-1,mission_endurance_healthy,27.19215342375481,19.874286909674865
103,5019.593197951406,735.2486288422721,175.74107729802932,65.09080004758357,94.20755688090468,1.2503259965835474,20.94449937627035,endurance,4000,-5,none,-1.0,-1,-1,mission_endurance_healthy,27.135757889394384,20.064531973261694
104,5024.939989834725,735.0475820235456,174.0657111331731,64.92010354696342,93.48813511961816,1.1494228428350006,20.99000658821397,endurance,4000,-5,none,-1.0,-1,-1,mission_endurance_healthy,27.10723470164476,19.816400645651722
105,5025.615610097002,733.1208103330985,171.0493632576288,64.51640904171752,95.71325959122724,1.3710899442896625,21.29873701654994,endurance,4000,-5,none,-1.0,-1,-1,mission_endurance_healthy,27.19271691542474,20.166269850922014
106,5026.586251187639,737.551426744834,173.94801713058584,65.83174889817573,94.66837374868098,1.0870911162560477,21.07278403114285,endurance,4000,-5,none,-1.0,-1,-1,mission_endurance_healthy,27.124465856993076,20.846950605047684
107,5030.601467694117,736.4506231709968,175.02603833374397,65.35766937858396,96.40774290538928,1.4966756804587018,21.70775034375358,endurance,4000,-5,none,-1.0,-1,-1,mission_endurance_healthy,27.098426632010163,20.33560547393898
108,5028.4824233376,734.3563905214629,170.17509625617845,65.59888067706872,94.94262646879456,1.289638859944797,21.34200762003711,endurance,4000,-5,none,-1.0,-1,-1,mission_endurance_healthy,27.10178838451367,20.421333059047065
109,5026.439150597804,737.7528593610217,178.24151697285515,64.92152362733877,95.68350214927646,1.3708642379787708,21.43391357660637,endurance,4000,-5,none,-1.0,-1,-1,mission_endurance_healthy,27.05590511107776,19.322594078604677
110,5028.47124133035,741.2672039336629,173.2547936653915,64.46317000100632,95.10794845159596,1.2528951683466454,21.265256129381267,endurance,4000,-5,none,-1.0,-1,-1,mission_endurance_healthy,27.011185755300275,20.016395643483573
111,5028.135553350822,732.3987493812308,171.22853366745164,63.83625482827957,95.14943045545051,1.2940548704492425,21.77883927625443,endurance,4000,-5,none,-1.0,-1,-1,mission_endurance_healthy,26.992856171687148,20.087672418215508
112,5028.323562092752,736.0247124136935,176.06079611343563,64.74692016684055,94.28041206056102,1.3175130098086218,21.77337374474344,endurance,4000,-5,none,-1.0,-1,-1,mission_endurance_healthy,26.967726052568853,19.677485586438493
113,5026.703930125096,739.2482234196506,176.78843288920083,65.20965714114946,95.61922525600916,1.2993529034338385,20.787164359042983,endurance,4000,-5,none,-1.0,-1,-1,mission_endurance_healthy,26.99374065288903,20.05985195232815
114,5025.47304734777,730.7089069680015,175.8846000727177,65.60786483983861,95.69824139435264,1.1499251330669071,21.349661222185667,endurance,4000,-5,none,-1.0,-1,-1,mission_endurance_healthy,26.99357952748548,19.87175135515414
115,5028.923238289599,735.5201288488903,174.76184468029268,64.61935695512872,93.7605069757842,1.194862726817996,21.446807382364963,endurance,4000,-5,none,-1.0,-1,-1,mission_endurance_healthy,27.020998999899177,20.3542917264507
116,5036.766563011112,736.2008669527982,174.34075382054675,66.13996498386184,95.82201699826096,1.2151646666449911,21.77248920418372,endurance,4000,-5,none,-1.0,-1,-1,mission_endurance_healthy,27.0059279681555,20.032440773851626
117,5031.24782376067,733.9159332007008,177.36017447183346,64.27658277692323,93.00676085222038,1.3232771009361612,21.60283452487125,endurance,4000,-5,none,-1.0,-1,-1,mission_endurance_healthy,27.108605544378182,20.38781421710658
118,5037.3066338997305,741.5528629332423,175.87119176557053,65.1887891527448,94.53699082287508,1.4274236022877014,21.19818712478773,endurance,4000,-5,none,-1.0,-1,-1,mission_endurance_healthy,27.092082458551136,20.265514372055787
119,5040.262481500085,739.4243130592425,171.9203560246839,66.75991211589553,95.09269262949444,1.3912215628833433,21.43182797001521,endurance,4000,-5,none,-1.0,-1,-1,mission_endurance_healthy,27.176115453149027,20.27292867712719
120,5045.085001071192,737.1838154920214,176.72895370464138,66.25780218561647,93.88018702554032,1.3462175639363634,21.370259133821936,endurance,4000,-5,none,-1.0,-1,-1,mission_endurance_healthy,27.097013152697716,19.628524407130943
121,5045.800497126533,733.2127987373601,176.9437979028937,67.20498814111694,94.68138964001083,1.3230018134643802,21.448636898350937,endurance,4000,-5,none,-1.0,-1,-1,mission_endurance_healthy,27.2105977560193,19.85624341149408
122,5042.860648547596,737.6045704199393,172.00509635740175,65.87988404098101,95.43038113988544,1.273224297694742,21.40308516167319,endurance,4000,-5,none,-1.0,-1,-1,mission_endurance_healthy,27.115558269049867,19.681242381487923
123,5042.057705477168,734.3675998182582,172.19994278530586,65.75197117103828,93.89315425857411,1.1990506680625814,21.425808264931423,endurance,4000,-5,none,-1.0,-1,-1,mission_endurance_healthy,27.12914782744637,19.984512988849715
124,5038.34669128625,738.1750085178604,176.75321357008605,66.93548681112834,94.72824533666537,1.2823846331819952,21.57738741299261,endurance,4000,-5,none,-1.0,-1,-1,mission_endurance_healthy,27.102121136336667,19.824674953305284
125,5031.659995742215,734.8199259264617,174.2983924992275,64.7819705830983,93.51226694958405,1.4058610576458237,21.667398731322837,endurance,4000,-5,none,-1.0,-1,-1,mission_endurance_healthy,27.149981624384704,19.964796169133596
126,5031.348080428499,736.7021528321283,173.4294468925475,65.31281957888683,94.95314452875874,1.3909091737400952,21.59622183822809,endurance,4000,-5,none,-1.0,-1,-1,mission_endurance_healthy,27.138560431428903,20.20229814289246
127,5032.384351007314,740.4799704049817,173.6186742336395,64.74451915822979,95.68160936313406,1.326563327009577,21.30165993021622,endurance,4000,-5,none,-1.0,-1,-1,mission_endurance_healthy,27.065797697890122,20.08461511436372
128,5031.259371363618,738.1940143423383,176.16353592520184,65.92971564446614,94.63961074163304,1.4646383686476734,21.04447065920685,endurance,4000,-5,none,-1.0,-1,-1,mission_endurance_healthy,27.12759595035754,20.11606656806588
129,5032.018095482105,735.082904225639,173.9361751571552,65.77241908714667,94.88340677049447,1.2926504501556535,21.303865764046527,endurance,4000,-5,none,-1.0,-1,-1,mission_endurance_healthy,27.07075809039275,20.27532772460851
130,5025.826976410221,734.7897768983894,172.35327989016025,64.42821373230663,93.56019437552322,1.2304496924352528,20.895391494385336,endurance,4000,-5,none,-1.0,-1,-1,mission_endurance_healthy,27.17108587016475,19.40269105944927
131,5030.051108244748,732.9964729224566,175.2653673144528,66.19692450877544,95.91626966398866,1.3037677564278902,21.05001763250607,endurance,4000,-5,none,-1.0,-1,-1,mission_endurance_healthy,27.22586105582861,19.813307651842806
132,5029.417042381831,737.9767965414361,174.04157457864628,65.79956385152407,94.22151517664108,1.356391069928343,21.122290108825045,endurance,4000,-5,none,-1.0,-1,-1,mission_endurance_healthy,27.337941729395478,20.187423503285917
133,5029.579186793048,732.81902619258,174.48306816985817,65.75150499675904,96.46409539806024,1.311777271542853,20.90865665371522,endurance,4000,-5,none,-1.0,-1,-1,mission_endurance_healthy,27.2033031727886,20.334090691393367
134,5032.440174742859,734.2051428946683,174.61878292270003,65.46095879442748,94.26391649927923,1.4702900252592903,21.436871369470687,endurance,4000,-5,none,-1.0,-1,-1,mission_endurance_healthy,27.321955342377848,20.090331566258275
135,5030.182916162031,731.243385159584,171.05757147797914,66.7365900318456,93.4548043794951,1.3291330002936386,21.180745161632476,endurance,4000,-5,none,-1.0,-1,-1,mission_endurance_healthy,27.36571507600722,19.34809305236848
136,5040.561936896416,737.172749900973,174.76136232415493,65.15694248403668,96.00287494974256,1.373323395547912,21.28909513755403,endurance,4000,-5,none,-1.0,-1,-1,mission_endurance_healthy,27.3247990643998,19.96199704135946
137,5045.55624324211,743.4883551625062,174.81477175483818,65.8150639328499,95.14260883641911,1.1647529923215365,21.692643988538016,endurance,4000,-5,none,-1.0,-1,-1,mission_endurance_healthy,27.344241281997288,20.231285449848176
138,5050.48341274521,736.7296469346244,175.63030733377786,66.13580674188708,94.63029085247597,1.2170327658690887,21.398493604239857,endurance,4000,-5,none,-1.0,-1,-1,mission_endurance_healthy,27.312645487491352,20.65643543130575
139,5051.088953397133,736.8396740997036,175.65053702994712,65.68685412879955,96.78969435001136,1.4715475047437307,21.537637740408535,endurance,4000,-5,none,-1.0,-1,-1,mission_endurance_healthy,27.335975404713903,19.876665035634687
140,5048.244983330316,736.2202014784873,175.46957142122568,65.08198777866676,91.81345884698086,1.1870313615893888,21.582826163486786,endurance,4000,-5,none,-1.0,-1,-1,mission_endurance_healthy,27.211843847167035,19.730969342029688
141,5050.246475045626,738.4381506160366,175.23225189772154,64.95890586848786,94.22107585270184,1.2657813548503658,21.78920280952068,endurance,4000,-5,none,-1.0,-1,-1,mission_endurance_healthy,27.385306464386158,19.435735099739535
142,5047.331437957992,738.9550388427772,176.27161823953028,65.77928714399717,95.808084736234,1.261289198321019,21.4644348843034,endurance,4000,-5,none,-1.0,-1,-1,mission_endurance_healthy,27.321676047308326,19.86190196422177
143,5048.264670551617,745.489616681213,175.23276844111794,64.16054542191846,96.12882365040996,1.0496884471477368,21.20936495116043,endurance,4000,-5,none,-1.0,-1,-1,mission_endurance_healthy,27.402203505231455,19.828759820762944
144,5049.204534818643,741.8350780130886,177.6239763726312,66.76125053452583,94.48918887772544,1.3615931549347866,21.59205324271871,endurance,4000,-5,none,-1.0,-1,-1,mission_endurance_healthy,27.321650448902243,19.739959798788675
145,5054.146112760769,739.299744768557,174.55529616756257,65.77045508672416,97.13164074167638,1.3491192168055923,21.69613104614234,endurance,4000,-5,none,-1.0,-1,-1,mission_endurance_healthy,27.38532223509423,20.092370055419387
146,5055.910211019323,735.6372706136005,174.56434378521925,66.16129477998906,96.32518083480996,1.1949552059302724,21.39531288380407,endurance,4000,-5,none,-1.0,-1,-1,mission_endurance_healthy,27.34695660733174,20.089302558811696
147,5056.507536241448,743.0214902183441,178.1355634395765,66.1249070034911,93.43396528626162,1.362647015551704,21.47872957777331,endurance,4000,-5,none,-1.0,-1,-1,mission_endurance_healthy,27.306786806998446,19.725273158593136
148,5062.056808825935,741.060025404018,176.11759151243186,66.1292055676733,94.83722993162806,1.5518335294439651,21.930910807294342,endurance,4000,-5,none,-1.0,-1,-1,mission_endurance_healthy,27.464152372965945,19.970783295747925
149,5061.593184314439,737.2678301362606,175.38257362550252,66.01160767267848,94.257841902716,1.2623878484488678,21.99849563541861,endurance,4000,-5,none,-1.0,-1,-1,mission_endurance_healthy,27.417311341294905,20.13962785025396
150,5059.465973684605,740.2159782539335,173.24886303225276,65.13845646439448,92.91357673556112,1.38124811438756,21.91574553268596,endurance,4000,-5,none,-1.0,-1,-1,mission_endurance_healthy,27.36550149755696,19.711677389146352
151,5057.424713081787,739.2722269960481,176.05685617276023,65.25085885175675,94.81371285204747,1.2902194492066177,21.99960698167432,endurance,4000,-5,none,-1.0,-1,-1,mission_endurance_healthy,27.40959453012721,19.48802424865452
152,5063.25584729226,743.3448700841609,173.27088619743606,64.50348720737921,95.1206185257893,1.4494146621663897,21.71420599669465,endurance,4000,-5,none,-1.0,-1,-1,mission_endurance_healthy,27.462472994082678,20.00232656254292
153,5063.38335926563,741.1790714734828,174.54032895483198,67.51720794379669,95.52812858140054,1.105304574375512,21.556965390726607,endurance,4000,-5,none,-1.0,-1,-1,mission_endurance_healthy,27.513046779366356,19.429477759411974
154,5061.088671004254,737.1411323964594,175.15011687368488,66.67764092023748,95.341302856561,1.2334539108319804,21.46768520766675,endurance,4000,-5,none,-1.0,-1,-1,mission_endurance_healthy,27.545554298242557,19.4370809052012
155,5053.258834122469,739.6704599590951,177.26260122319928,66.80471021704139,96.2714765275148,1.1784307322305538,21.63317547470348,endurance,4000,-5,none,-1.0,-1,-1,mission_endurance_healthy,27.597741161210333,20.255595161739542
156,5049.084716809892,743.0477065115372,176.57780532194147,65.69203086911098,96.76424853415828,1.2159558227987373,21.591993225959573,endurance,4000,-5,none,-1.0,-1,-1,mission_endurance_healthy,27.56445423996235,19.759794090556372
157,5050.335346698347,739.4669935592831,175.60621536796063,67.01011272230853,95.3294936633401,1.4636148218442322,21.6279984754614,endurance,4000,-5,none,-1.0,-1,-1,mission_endurance_healthy,27.52025537903136,20.14805737080912
158,5052.678271786817,737.3171919589162,176.18083955727084,66.62897267040188,95.46416651903036,1.4603822149850954,21.10394766507501,endurance,4000,-5,none,-1.0,-1,-1,mission_endurance_healthy,27.47973447283193,19.98222070983085
159,5059.33456699461,737.6062194535269,175.23811613705138,66.10872570127995,95.29443662572888,1.3086272421323173,21.79946235703751,endurance,4000,-5,none,-1.0,-1,-1,mission_endurance_healthy,27.5953779189614,20.071575653118234
160,5056.549327140127,746.3609951354975,176.5625954187278,65.75840172656727,96.28031246846174,1.391600779771638,21.37867881179792,endurance,4000,-5,none,-1.0,-1,-1,mission_endurance_healthy,27.52054243594305,19.766410840504545
161,5058.542392571776,743.159805022648,175.4134568969262,66.91250853898406,96.10632875410384,1.2161594272082106,21.54960709157765,endurance,4000,-5,none,-1.0,-1,-1,mission_endurance_healthy,27.53867921617923,20.205890584799118
162,5063.7262231542245,737.0300252431098,176.5635135061371,66.23299120739198,95.40501830294274,1.2292421674715792,21.880601380446244,endurance,4000,-5,none,-1.0,-1,-1,mission_endurance_healthy,27.494077216759116,19.891435771433343
163,5054.583543061955,740.5234515102809,176.19573395035937,64.51672882546619,93.2678331998966,1.4536843975451808,21.505335109652,endurance,4000,-5,none,-1.0,-1,-1,mission_endurance_healthy,27.49065985562503,20.26640846247887
164,5063.828301818916,743.8655810408238,172.1907673357862,66.31242586560845,94.5260456856191,1.42598877199933,21.40297583198883,endurance,4000,-5,none,-1.0,-1,-1,mission_endurance_healthy,27.455337882488024,19.93019003435965
165,5059.285471812571,741.936547267116,172.760897313978,64.69820672885747,95.70617713149356,1.3640531759499115,21.343012514668487,endurance,4000,-5,none,-1.0,-1,-1,mission_endurance_healthy,27.48720137251,20.22755062852632
166,5054.738954819031,737.2488370238749,171.0972489967132,68.15283341516296,94.66199440341896,1.2605527351516486,21.68758631113537,endurance,4000,-5,none,-1.0,-1,-1,mission_endurance_healthy,27.451991993345388,20.357480589954715
167,5058.4741153066425,738.8143263888746,171.53114734166243,66.25070456241167,95.75743389587196,1.1998715902415449,21.887504876948285,endurance,4000,-5,none,-1.0,-1,-1,mission_endurance_healthy,27.439431465240332,20.359680740205302
168,5060.13043723125,733.2142085887737,174.72885025488958,65.61259557158635,95.3402834826842,1.2279868682581254,21.372510214514264,endurance,4000,-5,none,-1.0,-1,-1,mission_endurance_healthy,27.50213234985456,20.29146788237065
169,5064.992489105099,739.1602229301081,175.38168970675602,66.54796983728635,95.60845255206785,1.388960050175733,21.94374251029744,endurance,4000,-5,none,-1.0,-1,-1,mission_endurance_healthy,27.383205231287818,19.898831846227623
170,5067.596716251923,739.6761683377241,177.55813152509455,66.90255966623458,95.13236166220368,1.345788988308634,21.88041131028541,endurance,4000,-5,none,-1.0,-1,-1,mission_endurance_healthy,27.382336334673802,19.992220662450833
171,5068.808640002527,742.9493462961755,179.38457726460885,65.51342780568307,96.10143984558503,1.360498609198825,21.53941088505461,endurance,4000,-5,none,-1.0,-1,-1,mission_endurance_healthy,27.37881730473491,20.38104260368145
172,5068.3063895117375,739.4406490732183,175.08999299148255,66.856598730483,97.3320353613156,1.2001485841370791,21.605856210070822,endurance,4000,-5,none,-1.0,-1,-1,mission_endurance_healthy,27.408414044582088,20.1115188229399
173,5065.205969210536,738.1186651892209,177.78992667518227,65.88193156418004,95.66338052318925,1.4360286698043734,21.719611493800937,endurance,4000,-5,none,-1.0,-1,-1,mission_endurance_healthy,27.143086484957163,20.114246647662387
174,5067.565213217308,745.1292871739298,178.08811527899186,65.841190307368,95.13311204805882,1.0646608321078914,22.09523248825608,endurance,4000,-5,none,-1.0,-1,-1,mission_endurance_healthy,27.20912265743105,19.86781274622854
175,5059.879200809826,742.2717195272504,176.5436205465557,66.8828792833548,96.85347655332026,1.435813224989806,21.908713149908618,endurance,4000,-5,none,-1.0,-1,-1,mission_endurance_healthy,27.209187216233975,19.964930372064
176,5059.143487027864,737.2413211161082,172.48680742838545,66.20350265085789,94.17334606143736,1.418806328104313,21.842559996117703,endurance,4000,-5,none,-1.0,-1,-1,mission_endurance_healthy,27.14387171706188,19.825055033381716
177,5062.267633134291,732.7115508674168,173.71765577305712,65.89462441481055,95.0783929134141,1.451604782991489,21.84063233136649,endurance,4000,-5,none,-1.0,-1,-1,mission_endurance_healthy,27.14011702347911,20.09834376665743
178,5057.660884820498,733.3109124029644,173.7436330580687,65.56510613233611,94.42461420911968,1.0949905385501972,21.31088171164097,endurance,4000,-5,none,-1.0,-1,-1,mission_endurance_healthy,27.157811130746435,19.809123229802083
179,5061.028877491386,738.7636593818956,176.18277043202232,66.42924444452406,95.11325437086288,1.3237565350117109,21.597157255206515,endurance,4000,-5,none,-1.0,-1,-1,mission_endurance_healthy,27.199629275246167,19.710010924511987
180,5064.952346387326,739.6459496158003,177.97227974039876,66.53936014413367,96.31846937999322,1.3062961726762443,21.623552179622763,endurance,4000,-5,none,-1.0,-1,-1,mission_endurance_healthy,27.1518948314219,19.848537559253163
181,5065.261617277584,739.326321796217,173.80392069102786,66.49379902095414,94.1133185375268,1.3837578286501706,21.529772936259334,endurance,4000,-5,none,-1.0,-1,-1,mission_endurance_healthy,27.20172942536329,20.535462959887226
182,5064.654261078924,742.3818418739802,174.66618500864317,65.35887414704393,94.9966022973062,1.4368642692859832,21.337690046621155,endurance,4000,-5,none,-1.0,-1,-1,mission_endurance_healthy,27.120862347057624,20.23895645039027
183,5066.87285395667,745.6295933388794,175.6444060335462,66.28272334795878,95.89171134208856,1.3520327362544795,21.90225967768507,endurance,4000,-5,none,-1.0,-1,-1,mission_endurance_healthy,27.136600062084444,19.646180511462568
184,5069.444471650512,742.719131585378,176.5493704046743,65.52123882257078,96.471511164791,1.3879302104820743,21.684890997561805,endurance,4000,-5,none,-1.0,-1,-1,mission_endurance_healthy,27.122021471568974,19.809663212926942
185,5068.446841872378,741.0229883056487,174.57170128704138,65.67560942723424,95.68440563853332,1.1360671178403332,21.629257384946563,endurance,4000,-5,none,-1.0,-1,-1,mission_endurance_healthy,27.18760162847199,20.400344798498075
186,5076.695399006328,741.9233359650617,178.10093251862887,66.28882807893838,96.7309857232774,1.2741929301165316,21.811325991109985,endurance,4000,-5,none,-1.0,-1,-1,mission_endurance_healthy,27.22201473680203,20.133549901063716
187,5082.792235700403,737.2942013787308,177.16790414111637,66.0075637802706,96.24764369607972,1.3079364372104136,21.85591700413244,endurance,4000,-5,none,-1.0,-1,-1,mission_endurance_healthy,27.15489767522192,20.252043719815084
188,5086.820469194749,745.3929241627417,178.6003045740213,66.84612789965352,95.73485510386676,1.313736601452521,21.972237269015395,endurance,4000,-5,none,-1.0,-1,-1,mission_endurance_healthy,27.276431719696774,20.469890777448907
189,5092.424088601575,742.3612671234548,175.26186607150612,66.73303832484864,96.19183555911412,1.571095144388071,21.902346226861905,endurance,4000,-5,none,-1.0,-1,-1,mission_endurance_healthy,27.093919200557597,19.920976582762826
190,5097.669191163282,746.7364966642332,178.42535469704876,67.07553266791383,95.95387651512031,1.3462037146733796,21.95931698810137,endurance,4000,-5,none,-1.0,-1,-1,mission_endurance_healthy,27.20945137026834,19.904185067152667
191,5092.147301641551,739.2773906637589,174.99661280767924,66.29525329081703,96.24271958149822,1.3353294868024803,21.79716825407898,endurance,4000,-5,none,-1.0,-1,-1,mission_endurance_healthy,27.19905111372547,19.755451946093558
192,5102.331657944428,743.3210218413966,178.45509057271153,67.75998818207773,95.90028712280984,1.280317486058292,22.11540088393331,endurance,4000,-5,none,-1.0,-1,-1,mission_endurance_healthy,27.34273303084249,19.93399211597789
193,5096.555212666533,738.2984554744752,177.84728200950067,65.10497350691222,95.31035883532164,1.1651288521047924,21.786069196616904,endurance,4000,-5,none,-1.0,-1,-1,mission_endurance_healthy,27.266971780795547,20.31552364489215
194,5097.40501521038,742.6058210582074,178.31043130980316,66.48455935150668,94.72360281566768,1.390404198979082,21.801319362598704,endurance,4000,-5,none,-1.0,-1,-1,mission_endurance_healthy,27.2460771246772,20.17254839633267
195,5092.976969777117,748.604403540493,178.20189581630734,67.60391665971008,95.15016820008684,1.331791721305642,22.678964085755855,endurance,4000,-5,none,-1.0,-1,-1,mission_endurance_healthy,27.357650274952356,19.836205527562846
196,5095.522000165595,741.0301004155414,178.0660805812335,66.32826131408554,94.78934721414528,1.291844677475319,21.784750708978805,endurance,4000,-5,none,-1.0,-1,-1,mission_endurance_healthy,27.29198841213067,19.843976081235194
197,5097.29808275813,742.1656527781562,176.42674453565667,66.96482484028445,95.39318799141344,1.3976656210356626,21.99578882165779,endurance,4000,-5,none,-1.0,-1,-1,mission_endurance_healthy,27.229868103714256,20.3463307544718
198,5098.280422390938,742.1371236124023,180.08410631870333,67.21237271769907,95.54669766810082,1.3580345269522616,21.983501609542444,endurance,4000,-5,none,-1.0,-1,-1,mission_endurance_healthy,27.275688292556733,19.980681560276043
199,5086.792266961517,743.3436998209644,173.94490530547282,65.76403826682257,94.19674305588616,1.295173806005208,21.914598601890088,endurance,4000,-5,none,-1.0,-1,-1,mission_endurance_healthy,27.362608475716232,20.129643169470096
200,5090.024432733901,739.4413270408988,178.88880382557133,66.73919272052186,98.2188341065682,1.1862661783025152,21.892510436157423,endurance,4000,-5,none,-1.0,-1,-1,mission_endurance_healthy,27.269394780640503,20.140843350628607
201,5091.045530812385,741.1687675066108,177.08125255976375,67.1576984162231,95.38791767920348,1.2481339563439622,21.96301373554884,endurance,4000,-5,none,-1.0,-1,-1,mission_endurance_healthy,27.349073934590447,20.212672324186485
202,5082.832167045305,737.4658646088243,175.9206358662558,67.09112933622059,97.73855591511514,1.3980417498812228,21.35457233746753,endurance,4000,-5,none,-1.0,-1,-1,mission_endurance_healthy,27.31338840891521,20.445800416042704
203,5088.892908756995,751.2507054642529,174.93003969049383,67.18286624807345,95.10307679111185,1.3877131164135197,21.98613951038897,endurance,4000,-5,none,-1.0,-1,-1,mission_endurance_healthy,27.220344110485314,19.934593307230575
204,5088.292976440049,740.4344995339636,175.81788134542535,64.3062681169198,94.23764602095692,1.4303682922994805,21.88458592174759,endurance,4000,-5,none,-1.0,-1,-1,mission_endurance_healthy,27.161986255166486,20.129417458061216
205,5085.262486919675,741.4022815741287,175.67518106635129,67.11459251639423,95.8169476569789,1.2334011087032135,21.912102693323,endurance,4000,-5,none,-1.0,-1,-1,mission_endurance_healthy,27.281829944147,20.11555988583894
206,5087.002838461093,738.3692739771939,172.71245943781037,65.92833789808084,96.29339168375198,1.3762719683066744,21.54459837572332,endurance,4000,-5,none,-1.0,-1,-1,mission_endurance_healthy,27.110257871146143,20.21387908674759
207,5084.858987412699,742.1566269430502,177.10277956082805,67.0303840555228,93.73417007559046,1.5469895878965525,21.62270165081078,endurance,4000,-5,none,-1.0,-1,-1,mission_endurance_healthy,27.13360122125034,19.582040078670097
208,5086.438780330383,741.2421906108805,173.91696081539746,67.48762080598708,94.45253687187795,1.3696108771655942,22.034548505706923,endurance,4000,-5,none,-1.0,-1,-1,mission_endurance_healthy,27.01333119276426,20.1902540656003
209,5084.991833652265,735.7521719343188,175.1105273773694,66.08275281378258,93.17098344862822,1.6120249120566932,21.928757692913493,endurance,4000,-5,none,-1.0,-1,-1,mission_endurance_healthy,27.08682899856901,20.11445006644366
210,5081.398804525529,750.8362395953923,173.75034299804935,66.6808591514359,96.02604563791893,1.490946243047974,21.994839977467525,endurance,4000,-5,none,-1.0,-1,-1,mission_endurance_healthy,27.022682874091252,20.18459592389745
211,5076.823779991747,739.67267554537,179.51566703975982,64.91375058744794,96.01510190629298,1.2668491283655805,21.594778927268127,endurance,4000,-5,none,-1.0,-1,-1,mission_endurance_healthy,26.95644113096772,19.970298270740614
212,5080.063335354192,740.1118877491504,176.35505756501175,65.50963497543137,95.46368215573511,1.2043273346318584,22.059285666861072,endurance,4000,-5,none,-1.0,-1,-1,mission_endurance_healthy,27.100689108220724,19.966359112536114
213,5080.477750905952,743.9154467472893,177.16934777516792,66.49047625111888,95.4489225065407,1.281342736073498,21.88146565849468,endurance,4000,-5,none,-1.0,-1,-1,mission_endurance_healthy,27.0053953991792,19.60853231085551
214,5077.456431213308,734.4397118061673,176.45271633989918,66.55610429625152,94.83805991668002,1.06224777153254,21.89631963466117,endurance,4000,-5,none,-1.0,-1,-1,mission_endurance_healthy,27.054307722038715,20.299775075066567
215,5075.127678308651,740.1962292721661,176.38721636313596,66.27243780840526,96.7937543135,1.1959300957327017,21.713535666570856,endurance,4000,-5,none,-1.0,-1,-1,mission_endurance_healthy,26.996660719982412,19.963830328165162
216,5071.604780567317,736.2482266325761,175.8567322765631,65.95734811209431,96.05118497046956,1.3174071176786184,21.650635436277447,endurance,4000,-5,none,-1.0,-1,-1,mission_endurance_healthy,26.928831757661253,19.58710706098053
217,5080.248221380308,739.1177546538283,174.8849421921624,64.84031286840901,96.01949129799192,1.2084452811467383,21.80656823237468,endurance,4000,-5,none,-1.0,-1,-1,mission_endurance_healthy,27.04331021915868,19.814675487907575
218,5081.785508361734,740.0542182156985,179.1448257198201,67.31655041632709,95.73492697099094,1.2918817301436345,22.039164799975712,endurance,4000,-5,none,-1.0,-1,-1,mission_endurance_healthy,27.07523745161925,20.187789754485767
219,5082.522344617874,733.7947325672806,177.50732757081536,65.39212758054883,95.63443130464104,1.5559987222760203,21.87673474365196,endurance,4000,-5,none,-1.0,-1,-1,mission_endurance_healthy,26.993907374663152,20.470592070555973
220,5088.636819682704,740.6300840772592,174.77657654819834,66.17368402156822,95.27693783720464,1.1324875844603235,21.5328959918786,endurance,4000,-5,none,-1.0,-1,-1,mission_endurance_healthy,27.01061195098831,20.463174380688788
221,5086.05000480042,742.8918531872698,177.18967092403216,66.23243318617624,96.69373195649634,1.1553548561975422,21.59492346830186,endurance,4000,-5,none,-1.0,-1,-1,mission_endurance_healthy,27.05360161577378,19.985106677785442
222,5081.666379640338,738.3849165353985,175.26555938390243,65.71959825383183,94.90837900429788,1.383042439900766,21.990807339953037,endurance,4000,-5,none,-1.0,-1,-1,mission_endurance_healthy,26.956569236595556,19.820220653875566
223,5079.649276077592,741.8538754142538,174.19831193648528,64.79887459853649,96.30999924293928,1.762338582839639,21.818484192764316,endurance,4000,-5,none,-1.0,-1,-1,mission_endurance_healthy,27.016405739224133,19.90554789597654
224,5080.341801797326,740.5266082230986,173.79321792039957,66.46437774493772,95.78449493809184,1.3611198476537738,21.87693153367116,endurance,4000,-5,none,-1.0,-1,-1,mission_endurance_healthy,27.165886648254087,20.47374979264003
225,5079.525962402777,745.661624053273,175.58695330142987,66.04057371789989,94.71923456652426,1.5495140349812764,21.38235794423795,endurance,4000,-5,none,-1.0,-1,-1,mission_endurance_healthy,27.005777290931228,20.175936031136327
226,5078.141577906543,740.6616089754533,173.7608769102271,67.26737821541602,94.81523021450208,1.3266474500235466,21.8306385198136,endurance,4000,-5,none,-1.0,-1,-1,mission_endurance_healthy,26.920439145243524,20.181537977890777
227,5078.747705496955,742.2344792648449,174.83136042777596,66.23379545765533,94.3912867508249,1.5616439558216697,21.679686110432957,endurance,4000,-5,none,-1.0,-1,-1,mission_endurance_healthy,26.982252669712384,19.599260719716163
228,5076.955180749808,741.3028329294622,175.92697461923325,65.56059075710434,96.80870385762402,1.5054923833845344,21.842977597442054,endurance,4000,-5,none,-1.0,-1,-1,mission_endurance_healthy,26.82511050398871,20.295941700035666
229,5072.523294693962,739.6606144880697,173.75551440282348,65.59816464979208,93.64523273452072,1.3635641753308902,21.61659245033516,endurance,4000,-5,none,-1.0,-1,-1,mission_endurance_healthy,26.94304062823963,19.92705805991209
230,5075.475149473428,746.149546768655,175.45058002933564,66.06948258524012,97.0764508698142,1.3340139721489048,21.64980695203812,endurance,4000,-5,none,-1.0,-1,-1,mission_endurance_healthy,27.00498071725903,19.698723212256386
231,5074.348027167131,742.1532176951445,174.59105710465997,65.45977383100931,94.3405509620155,1.315550058184668,21.45981773142765,endurance,4000,-5,none,-1.0,-1,-1,mission_endurance_healthy,26.96765275353971,20.438149381066776
232,5073.105321350967,741.7357322826813,178.63761836935035,64.95710232432884,94.71430418484016,1.2161860664519293,21.495450253923156,endurance,4000,-5,none,-1.0,-1,-1,mission_endurance_healthy,26.951293616294695,20.12922671936043
233,5075.104978838878,743.278033467622,175.8753219890389,66.61232596212996,95.13584823921164,1.327392826466339,21.93141885027002,endurance,4000,-5,none,-1.0,-1,-1,mission_endurance_healthy,26.882715767897874,20.148386388271177
234,5076.709871705648,747.8560539129071,178.43985848819543,66.3673396607292,95.34960059494568,1.2604184248637178,21.912150037938435,endurance,4000,-5,none,-1.0,-1,-1,mission_endurance_healthy,26.945317469059635,20.130696265879635
235,5072.1214178650425,737.8570319503581,177.75659847300523,66.04926300566706,94.57928373483549,1.260597763931288,21.965657905588785,endurance,4000,-5,none,-1.0,-1,-1,mission_endurance_healthy,26.912766767842257,20.622133299724215
236,5069.076326851194,744.6579847544832,177.3670788555441,66.74462609782935,94.28783711233636,1.1634537053900578,22.081314447992813,endurance,4000,-5,none,-1.0,-1,-1,mission_endurance_healthy,27.047244283912864,19.741387807751487
237,5063.364587846028,736.2791455804456,174.6686602377166,65.88911125924741,94.04646394059108,1.233572133308235,21.445720203285774,endurance,4000,-5,none,-1.0,-1,-1,mission_endurance_healthy,26.97831907519712,20.155258067037497
238,5058.42347574916,738.5684317753618,175.03805160009833,66.48956807226993,95.3386001321802,1.4550824742331798,22.15088934251818,endurance,4000,-5,none,-1.0,-1,-1,mission_endurance_healthy,26.97266940428217,19.949956068351245
239,5059.537353669514,741.4214854127624,177.45379513953807,65.67795559488161,96.4244590181478,1.345594012945559,21.766003781193103,endurance,4000,-5,none,-1.0,-1,-1,mission_endurance_healthy,26.949687482591695,19.782480719405505
240,5057.451202771081,742.7698690989886,176.97941539404837,67.17468450481176,95.40327097049231,1.105558151946689,21.732223054149976,endurance,4000,-5,none,-1.0,-1,-1,mission_endurance_healthy,26.922285305521072,19.443302119776778
241,5053.540019229622,735.740979130493,173.742650581215,65.17592503327113,95.28440995519286,1.1615733258817158,21.399748733997523,endurance,4000,-5,none,-1.0,-1,-1,mission_endurance_healthy,27.143323164569217,19.995511677738776
242,5048.067303490393,741.5738529354693,170.59849741270816,66.28681119443297,96.23452616674466,1.1162514320988035,21.656517444556656,endurance,4000,-5,none,-1.0,-1,-1,mission_endurance_healthy,27.042064522129365,19.68317577998143
243,5053.016890700306,740.471001684852,175.35865860856822,65.89766772902075,94.96978428664067,1.1264566443423605,22.167363187808483,endurance,4000,-5,none,-1.0,-1,-1,mission_endurance_healthy,27.072909326408332,20.128753054812933
244,5051.197060544841,745.5769822154887,174.04087139428785,65.19407335604127,95.36366092633372,1.1536422493344385,21.31213795850579,endurance,4000,-5,none,-1.0,-1,-1,mission_endurance_healthy,26.988851296300663,20.429285055121404
245,5051.990266064655,734.1270548721558,175.69270774115282,65.54087191877866,93.5545218383212,1.1900509451942738,21.53255137626337,endurance,4000,-5,none,-1.0,-1,-1,mission_endurance_healthy,27.10935550082269,20.022410175180873
246,5051.517319109749,739.8902960490542,176.75271704331183,66.45108003916307,95.88217775958084,1.1915910432851842,21.175764345173725,endurance,4000,-5,none,-1.0,-1,-1,mission_endurance_healthy,27.109960535719242,19.866567740113076
247,5047.54271018902,736.257847265093,176.1772362213341,65.5355743731998,97.64226713749323,1.2394338088368055,21.54152851239389,endurance,4000,-5,none,-1.0,-1,-1,mission_endurance_healthy,27.058865751841576,20.1425490364369
248,5049.1175947112,736.7415901860628,174.43480985268795,65.18559535269664,93.29740813100976,1.3182568700346065,21.613402679562864,endurance,4000,-5,none,-1.0,-1,-1,mission_endurance_healthy,26.952445186464654,19.77830651589148
249,5049.458122409208,737.9355189542854,171.69226493848822,66.21756906633654,94.12963889253416,1.4615415698783725,21.349272131205808,endurance,4000,-5,none,-1.0,-1,-1,mission_endurance_healthy,27.002859898038675,20.22371783176316
250,5054.544181647649,736.8754423124396,177.13639862793315,66.95632191085147,94.97731425731072,1.340955733924051,21.73491744828007,endurance,4000,-5,none,-1.0,-1,-1,mission_endurance_healthy,27.13446734868812,20.09031493971993
251,5056.764115773386,740.3493684180556,176.3267673476293,66.35334652390787,93.66080806595714,1.5210582085089552,21.48758159555777,endurance,4000,-5,none,-1.0,-1,-1,mission_endurance_healthy,26.949159681960687,19.319354746512484
252,5051.553552079293,738.523602584666,174.44000913252526,66.03436623075285,96.36714644251644,1.2917270347758312,21.71307711325485,endurance,4000,-5,none,-1.0,-1,-1,mission_endurance_healthy,27.119503629806047,20.455773700307585
253,5050.849617024284,734.8764523705206,175.34842544778508,65.84655708111572,94.28817570079426,1.4877230794074658,21.36448839947437,endurance,4000,-5,none,-1.0,-1,-1,mission_endurance_healthy,27.116362331607768,19.78125776967388
254,5050.205839675185,745.4206776258843,175.20946520043677,65.99945331802044,96.00355005624748,1.4840245334976414,21.57147512585531,endurance,4000,-5,none,-1.0,-1,-1,mission_endurance_healthy,27.07567779170431,20.422673394224837
255,5049.697453262641,738.1111555860174,174.9042524419573,66.00386171228767,94.5690953603944,1.2534636574154332,21.616511326139776,endurance,4000,-5,none,-1.0,-1,-1,mission_endurance_healthy,27.081691324169554,20.34415906208418
256,5044.500672966515,731.6024579378131,174.66937632911012,66.63280660669281,94.33527995728582,1.2683432609885716,21.324713603233494,endurance,4000,-5,none,-1.0,-1,-1,mission_endurance_healthy,27.060536599362933,20.48253273580693
257,5037.553821296011,735.6771107315462,175.05271925072063,66.1368685366547,94.5483965891936,1.2544696246111209,21.33484116826081,endurance,4000,-5,none,-1.0,-1,-1,mission_endurance_healthy,27.209735545719973,20.09114559944674
258,5036.817188010909,736.5659976568967,173.79209291114947,65.59457330739434,93.2615400266574,1.2077845288091211,21.491112896465307,endurance,4000,-5,none,-1.0,-1,-1,mission_endurance_healthy,27.092824913844595,19.976997859749996
259,5037.998665211481,735.6117951695446,174.4581281927492,66.29115300731232,95.5593681772508,1.1992157010623248,21.70104888235522,endurance,4000,-5,none,-1.0,-1,-1,mission_endurance_healthy,27.134207160027714,19.88238530181749
260,5032.990164909967,735.0410415405931,174.71885945783052,64.56192411601278,95.04637077248192,1.3300338814324917,21.180172038279668,endurance,4000,-5,none,-1.0,-1,-1,mission_endurance_healthy,27.099885201802984,20.367581536404828
261,5040.246912489226,740.8496088692544,173.24038476132094,64.90887016342768,94.6115702477341,1.1856151314668264,21.21927213998773,endurance,4000,-5,none,-1.0,-1,-1,mission_endurance_healthy,27.116998804082286,20.38106060056077
262,5042.672616204003,735.2812928556513,173.7877244667584,65.09782057755,94.84020423375664,1.3844560928377947,21.48067761389351,endurance,4000,-5,none,-1.0,-1,-1,mission_endurance_healthy,27.130131450443628,19.36395055712944
263,5040.504050920771,735.3696020376406,172.4336104920211,65.37210929032122,94.81390839097894,1.331751173780682,21.334142950643614,endurance,4000,-5,none,-1.0,-1,-1,mission_endurance_healthy,27.146067852385922,20.37661995101449
264,5048.527712345781,736.0787574136134,177.3918591472323,67.3087626046145,94.88739886498234,1.2237389829169387,21.410897808863314,endurance,4000,-5,none,-1.0,-1,-1,mission_endurance_healthy,27.142865420772257,20.298352197819195
265,5042.212166024435,735.7862091181653,174.12303341607745,65.2326561281394,96.31118712031012,1.5174364851828015,21.178078726424484,endurance,4000,-5,none,-1.0,-1,-1,mission_endurance_healthy,27.103681973919166,19.835727643286805
266,5037.945441745434,734.3537628278843,177.39113876983453,67.27066401822665,95.71124618900768,1.3869224004542462,21.235593931098755,endurance,4000,-5,none,-1.0,-1,-1,mission_endurance_healthy,27.12593632558582,20.31124236330449
267,5033.426542109043,736.3632876615138,171.98955887669388,64.89356001954108,96.40378829279727,1.3356565449018825,21.227988649782912,endurance,4000,-5,none,-1.0,-1,-1,mission_endurance_healthy,27.19755860912974,19.724321790315827
268,5037.945212930161,740.0426948106277,176.17773994114526,64.82954599381019,93.98504818648075,1.189842719053136,21.896714197841128,endurance,4000,-5,none,-1.0,-1,-1,mission_endurance_healthy,27.13521441280022,19.60714991020202
269,5034.767547281637,736.5826338863236,176.43629323085932,66.38238031603238,95.71152845386088,1.3186888800479375,21.43254044825832,endurance,4000,-5,none,-1.0,-1,-1,mission_endurance_healthy,27.16877692007343,19.687238405133535
270,5037.531307491738,736.9713446863373,175.70113002130807,66.07744404135092,94.80060610344762,1.1175136560351808,21.39114637717338,endurance,4000,-5,none,-1.0,-1,-1,mission_endurance_healthy,27.189363820889994,20.234009770116113
271,5038.354488691532,735.0514704836771,175.85615285327563,65.17767446095623,94.2408778309403,1.2978033958933364,21.715488403210625,endurance,4000,-5,none,-1.0,-1,-1,mission_endurance_healthy,27.398092078658767,20.116665232860637
272,5035.818271064114,734.6174924193285,177.31792318116752,65.62244607528993,93.83837785185678,1.284183525619416,21.26780630688227,endurance,4000,-5,none,-1.0,-1,-1,mission_endurance_healthy,27.241832840050584,19.92625631134317
273,5036.157696684764,731.6216146042912,177.59159902143753,64.47404157847089,95.21883915826488,1.4203148895689597,21.05723124489263,endurance,4000,-5,none,-1.0,-1,-1,mission_endurance_healthy,27.330550551563963,19.69219778482835
274,5031.226659800208,741.652966807586,172.63539024318217,66.12242934913527,95.05949859904004,1.345621148188895,21.69880616639491,endurance,4000,-5,none,-1.0,-1,-1,mission_endurance_healthy,27.278308282514818,19.936332303905097
275,5034.40942528518,735.274249462943,171.49406582537813,65.83978605712365,95.85820055452162,1.0855162423983196,21.56619534618486,endurance,4000,-5,none,-1.0,-1,-1,mission_endurance_healthy,27.37375123572143,19.96481049098868
276,5030.270600300742,732.5391102950799,171.2754608210334,66.51694973573048,95.485297925713,1.363179174599444,20.865293295214062,endurance,4000,-5,none,-1.0,-1,-1,mission_endurance_healthy,27.383362149032713,20.071400941995822
277,5026.579209389507,735.2946319851368,173.41181095048938,65.37627075128958,94.86232467889867,1.0882035334885831,21.677560569803305,endurance,4000,-5,none,-1.0,-1,-1,mission_endurance_healthy,27.450277894571613,20.124112660876218
278,5029.1512309656655,734.7723548723429,173.25136085032986,65.17720615805375,96.03500332086506,1.4011881652784324,21.159032897161985,endurance,4000,-5,none,-1.0,-1,-1,mission_endurance_healthy,27.371993519402725,19.793037186547934
279,5027.061846216101,738.8906830063268,173.40470854724398,64.53499891131759,97.8662443919479,1.4056441531221189,21.698452822270884,endurance,4000,-5,none,-1.0,-1,-1,mission_endurance_healthy,27.331014223260944,20.183634692626647
280,5034.406971711074,737.3232330297363,173.62437893732414,64.76977545487894,96.73387194383416,1.2867893441359124,21.523232552025583,endurance,4000,-5,none,-1.0,-1,-1,mission_endurance_healthy,27.44521562060796,20.053366083907875
281,5039.806641831778,733.2208496836644,174.77703890919344,65.33504998614374,94.5646287562789,1.3544242912882778,21.49077615492912,endurance,4000,-5,none,-1.0,-1,-1,mission_endurance_healthy,27.407170876199366,20.466922808419817
282,5033.041197641027,734.2175243801742,174.35237430237504,65.38622613580986,95.43762215070998,1.3417828421393223,21.371316297171777,endurance,4000,-5,none,-1.0,-1,-1,mission_endurance_healthy,27.45018801598544,19.571516552786335
283,5033.52559932857,733.1031884412396,175.21587380290362,65.67602156212274,95.38265723815766,1.4467825324102812,21.576962398184403,endurance,4000,-5,none,-1.0,-1,-1,mission_endurance_healthy,27.528576392987087,19.920456771334266
284,5032.817193588881,735.2722052714163,172.40716817794615,64.93599010913454,91.87198004731066,1.23517207115699,21.66779550656188,endurance,4000,-5,none,-1.0,-1,-1,mission_endurance_healthy,27.469685028020077,20.213617918057192
285,5041.307012977272,731.8998220732591,174.486353574362,64.43432118295357,95.24657101345696,1.222013690035808,21.156448617399978,endurance,4000,-5,none,-1.0,-1,-1,mission_endurance_healthy,27.464102397479756,20.77271993154962
286,5038.970404855538,742.0124912723421,175.40017638888023,66.39224211502015,94.90754728782424,1.1212194979620398,21.71822064633955,endurance,4000,-5,none,-1.0,-1,-1,mission_endurance_healthy,27.495607221869747,19.854231652337443
287,5036.336482134266,737.492500707507,177.48244401623995,65.45380693538186,95.35541004713072,1.064576929566361,21.217051242822365,endurance,4000,-5,none,-1.0,-1,-1,mission_endurance_healthy,27.562888450045474,20.008826669126943
288,5035.417626485109,736.7743969413023,175.43272924919552,65.74333146969683,94.49746770488204,1.2395714279068788,20.91445808160848,endurance,4000,-5,none,-1.0,-1,-1,mission_endurance_healthy,27.579763833263907,20.066866193973926
289,5034.432859194663,736.9449983827892,174.00120201303568,66.39442533106154,94.42530343994684,1.1764616531879275,21.083804178071752,endurance,4000,-5,none,-1.0,-1,-1,mission_endurance_healthy,27.476020506633336,20.787993933754915
290,5030.68360858901,737.5889506426349,175.14908239832403,66.18143759203113,93.62060009168027,1.3946185462317802,21.32791547664536,endurance,4000,-5,none,-1.0,-1,-1,mission_endurance_healthy,27.48525607176119,19.964776506390038
291,5031.592151765644,733.0612370475312,175.82197794891118,63.79333757468489,93.37377557377144,1.2940462219229445,21.368317202222453,endurance,4000,-5,none,-1.0,-1,-1,mission_endurance_healthy,27.487646544935387,20.359194592821925
292,5029.32129585122,735.8631385821182,174.5990164250444,64.45027777295594,95.28434993746934,1.3239302226609038,21.250108572061787,endurance,4000,-5,none,-1.0,-1,-1,mission_endurance_healthy,27.49898542969131,20.13205430166891
293,5025.788777192943,740.2196454206353,173.9069346728831,64.6266614338333,94.754899693854,1.302211370554456,21.23343653991852,endurance,4000,-5,none,-1.0,-1,-1,mission_endurance_healthy,27.489574763872753,19.652596914779586
294,5031.770463102153,740.3592094566621,173.5692545467888,65.49378672019819,95.40042701904407,1.3349679713520302,21.182111456362893,endurance,4000,-5,none,-1.0,-1,-1,mission_endurance_healthy,27.4949365669848,20.080640771511728
295,5032.255104442926,732.2967087589931,172.3194701142248,65.55212958594407,94.93113963422628,1.122880167609333,21.419352510337244,endurance,4000,-5,none,-1.0,-1,-1,mission_endurance_healthy,27.490391670461772,20.45576306219827
296,5027.912012966686,733.7765031126177,174.88575664418835,66.79589843873642,93.50826706878888,1.2735269808049474,21.338193241444472,endurance,4000,-5,none,-1.0,-1,-1,mission_endurance_healthy,27.420554749943793,19.813306200391672
297,5022.236694868087,733.6564197511577,171.96252171080238,66.35828932763941,95.31082641486591,1.2031034930003772,21.312715893939515,endurance,4000,-5,none,-1.0,-1,-1,mission_endurance_healthy,27.498210437513425,20.242793610806977
298,5020.783716126135,728.5551860963371,174.25982832847708,66.30512029264128,94.98513390238224,1.44714756568472,20.980275492561205,endurance,4000,-5,none,-1.0,-1,-1,mission_endurance_healthy,27.48807503945394,19.94586564122798
299,5015.671673409128,731.8522768032888,172.2503531143552,66.00420834826183,95.05381910803378,1.1509701075388503,20.30182071071482,endurance,4000,-5,none,-1.0,-1,-1,mission_endurance_healthy,27.58221532104335,20.201019864899774
300,5010.351009765077,733.096941313815,172.40992466472306,63.83663002040595,95.16231095785768,1.2359965451444797,20.82187997541569,endurance,4000,-5,none,-1.0,-1,-1,mission_endurance_healthy,27.438900966710577,19.53882205269758
301,5014.656673856319,735.3117273512541,174.18113827752995,65.87962274607584,95.1236214458746,1.3023054647062005,21.380836605711867,endurance,4000,-5,none,-1.0,-1,-1,mission_endurance_healthy,27.544558891848048,19.969746367591853
302,5013.945125748245,733.0809554439832,174.774874103533,65.18698229312557,96.2370947157018,1.2111591778661144,21.24221157457209,endurance,4000,-5,none,-1.0,-1,-1,mission_endurance_healthy,27.50343420680232,19.899533345479394
303,5011.573088923805,728.7406129860465,173.84686698334764,66.08541402581238,93.40493890410536,1.22992174715284,21.132616049110027,endurance,4000,-5,none,-1.0,-1,-1,mission_endurance_healthy,27.50753197658295,19.98573830491465
304,5012.2004358620925,732.6375140819455,173.30783333404483,65.78313229661146,94.9119878782314,1.301413860814764,21.503712624377812,endurance,4000,-5,none,-1.0,-1,-1,mission_endurance_healthy,27.44011321878865,20.385574791772783
305,5009.82413466439,730.6160162705513,173.73812478202473,64.07109494391328,93.5094199450308,1.3324377176693407,21.046290677148285,endurance,4000,-5,none,-1.0,-1,-1,mission_endurance_healthy,27.496527212166004,19.19095053944089
306,5010.012759936745,736.1914284917892,175.66001515533875,65.88147107922867,95.05334445160528,1.3494990144068102,21.09829298382004,endurance,4000,-5,none,-1.0,-1,-1,mission_endurance_healthy,27.436052553334388,20.305918414917254
307,5017.1588963337845,736.7903332631544,171.97882666904002,65.10054953456414,93.3277997352136,1.342210568457896,21.30911746661998,endurance,4000,-5,none,-1.0,-1,-1,mission_endurance_healthy,27.39940478083836,19.57928028646487
308,5016.92913357836,732.4232917647383,176.88288634539953,65.36544309697271,94.58420200411427,1.2906862929930922,21.181696805373807,endurance,4000,-5,none,-1.0,-1,-1,mission_endurance_healthy,27.35881118790516,19.686976724938354
309,5014.3935178446445,737.8436217613527,175.58734365895856,65.35409341311468,93.12759230472302,1.4656242822776409,21.10311921195176,endurance,4000,-5,none,-1.0,-1,-1,mission_endurance_healthy,27.49848162006512,20.213480236457958
310,5009.725392648767,732.1031475723742,173.38760311841278,65.24178037683748,95.36994932159476,1.0763654286372006,20.281110739077928,endurance,4000,-5,none,-1.0,-1,-1,mission_endurance_healthy,27.442280088103875,20.327134490485154
311,5012.166697190247,734.4302689840671,175.59745289859154,65.76856648664402,93.80823477273472,1.3926874298011571,21.10850794534815,endurance,4000,-5,none,-1.0,-1,-1,mission_endurance_healthy,27.555641284127155,20.312498939098155
312,5011.388324894038,737.9656993912655,173.82873786126206,65.74382174238427,94.9136576445738,1.231864327179851,21.142159555481545,endurance,4000,-5,none,-1.0,-1,-1,mission_endurance_healthy,27.560900959968677,20.016435881655624
313,5012.914930426592,735.7601555539404,173.8300091031309,65.61694266088696,94.58956513191724,1.4609728006182738,20.91262206735335,endurance,4000,-5,none,-1.0,-1,-1,mission_endurance_healthy,27.487195969139137,19.735125473086004
314,5006.354773207951,732.1023605243106,175.593332360592,64.29931542518223,92.33549353165118,1.2787052182083092,21.340875750024104,endurance,4000,-5,none,-1.0,-1,-1,mission_endurance_healthy,27.399087258374454,20.081039109447367
315,5004.719110752502,733.1500761861803,174.75266493138716,65.63994832227195,95.01978288244392,1.080509016219772,20.81613856067304,endurance,4000,-5,none,-1.0,-1,-1,mission_endurance_healthy,27.514430106585433,20.309737504086154
316,5005.012984940947,741.2197106904243,171.0643614551916,65.25701791816256,95.0439425558922,1.247753481338902,20.85031985461299,endurance,4000,-5,none,-1.0,-1,-1,mission_endurance_healthy,27.43761206633567,19.476308047813838
317,5007.034357443476,732.2455749615208,173.2185727183169,65.14137301991134,93.38649884646532,1.1551692583201292,21.176413767233324,endurance,4000,-5,none,-1.0,-1,-1,mission_endurance_healthy,27.357312862848303,20.297500886322528
318,5007.97496833126,734.3110096622928,174.85051798239874,65.45623562954795,93.22037323149078,1.3956464711507106,20.79687508631014,endurance,4000,-5,none,-1.0,-1,-1,mission_endurance_healthy,27.396769020454407,20.1465234223677
319,5006.782488979742,729.6100175322717,170.4574800089763,63.92827560033495,93.0541405830094,1.284877525900593,20.839715501654947,endurance,4000,-5,none,-1.0,-1,-1,mission_endurance_healthy,27.47935953593926,19.8600944472407
320,5011.79678046657,735.3080850630708,173.19585414862885,64.84681469012841,93.5656340237127,1.308183685700485,21.04527918613937,endurance,4000,-5,none,-1.0,-1,-1,mission_endurance_healthy,27.502366439484998,19.49851290891001
321,5011.602983952319,732.113315068496,169.4601561938517,65.81126180522809,93.98479713876334,1.3709872761481083,21.226712265093443,endurance,4000,-5,none,-1.0,-1,-1,mission_endurance_healthy,27.545647280171718,20.158526034665826
322,5003.189841406985,735.2570845694565,175.51761858659427,66.18084733464816,93.16386759450242,1.336715263015273,21.19533436748001,endurance,4000,-5,none,-1.0,-1,-1,mission_endurance_healthy,27.561743822421647,19.34243741438765
323,4997.987944235527,729.2051331750993,173.27048647312006,64.3572545653781,95.505621286899,1.4095135471191376,20.873240075315326,endurance,4000,-5,none,-1.0,-1,-1,mission_endurance_healthy,27.53931331799075,19.80108866236082
324,4997.687471263949,733.9654433702866,173.83005535707406,65.51916406653443,94.31818417430708,1.3034007331669046,21.144877918261432,endurance,4000,-5,none,-1.0,-1,-1,mission_endurance_healthy,27.604134194720146,19.82751150243327
325,4998.4977300863975,732.1472773159179,173.96708559191725,65.29780152290539,93.42640137903426,1.2934489140751806,20.73696343586417,endurance,4000,-5,none,-1.0,-1,-1,mission_endurance_healthy,27.542268508077868,20.2877048549949
326,4993.064287195294,732.4153882919975,174.01917668665826,64.6350774992704,92.3510807274248,1.306684082229065,20.80904804061919,endurance,4000,-5,none,-1.0,-1,-1,mission_endurance_healthy,27.654791378113067,19.900218997904123
327,4988.121993091527,732.362239373169,170.652324784207,65.38123677094529,94.16762957812924,1.3322075208498203,20.586256437051123,endurance,4000,-5,none,-1.0,-1,-1,mission_endurance_healthy,27.665163500526873,20.127085071926853
328,4989.496626452829,733.4046500023628,174.31289033431077,64.14421965118096,94.09687597221784,1.253686354977123,20.724268661139085,endurance,4000,-5,none,-1.0,-1,-1,mission_endurance_healthy,27.59802418938933,19.80609042358485
329,4990.448944043817,728.2639992272284,171.47764676871444,64.69867591511357,95.19502204818232,0.8987640130112886,21.05733088779515,endurance,4000,-5,none,-1.0,-1,-1,mission_endurance_healthy,27.692395949805167,19.923067162320066
330,4991.843051512407,725.2235696356506,172.35979034478484,64.75137003473029,92.9432555173559,1.2843167208226924,20.738320936541086,endurance,4000,-5,none,-1.0,-1,-1,mission_endurance_healthy,27.711052905359832,20.631530785928387
331,4994.615348471075,731.1190078446486,176.15272768756435,63.79284037577308,93.83368996628349,1.5385238621308996,21.08301726169641,endurance,4000,-5,none,-1.0,-1,-1,mission_endurance_healthy,27.67878385757519,20.031868874364076
332,4994.774021131538,733.7953048460085,171.54214457800518,65.3405315389751,96.03819309834206,1.227336675619885,20.834924708029625,endurance,4000,-5,none,-1.0,-1,-1,mission_endurance_healthy,27.71750738350665,20.084144750656066
333,4991.53626936873,727.5545069557197,173.62582249576525,63.71403522118805,93.85350016961384,1.247079039096064,21.20887550165236,endurance,4000,-5,none,-1.0,-1,-1,mission_endurance_healthy,27.672240604988147,20.09735053045906
334,4996.563809739176,735.1205439766424,174.66456748228418,64.74411379863564,94.15730243746246,1.2091137581780174,20.827052639382543,endurance,4000,-5,none,-1.0,-1,-1,mission_endurance_healthy,27.711791358378395,19.59651666611714
335,5000.668536344626,729.3746988290874,171.73040356029972,63.47395446906073,95.46122829283964,1.2996509906852434,20.897882300272013,endurance,4000,-5,none,-1.0,-1,-1,mission_endurance_healthy,27.79802323471951,19.776183938185042
336,5007.531382623238,733.5369902379437,173.60672878159392,65.02169314135631,94.98924986059762,1.211482925966953,21.051806622978404,endurance,4000,-5,none,-1.0,-1,-1,mission_endurance_healthy,27.694109320725584,19.621548862405376
337,5009.408707336278,733.3780679734584,173.47241205543205,64.99129776956269,93.59168543465216,1.4709350838662991,21.026310771253712,endurance,4000,-5,none,-1.0,-1,-1,mission_endurance_healthy,27.707858948233813,19.585824431514432
338,5010.032188191959,733.615092016351,174.16214090452843,65.47483059443273,94.92785750098666,1.3258830048119723,20.979271530894028,endurance,4000,-5,none,-1.0,-1,-1,mission_endurance_healthy,27.76118723585606,19.86092887995634
339,5011.080864851763,737.8795853818227,175.38790031890602,65.31855383676938,93.11551317125694,1.3364805055641702,21.349346254333188,endurance,4000,-5,none,-1.0,-1,-1,mission_endurance_healthy,27.736866615004676,19.80678298918367
340,5012.51803940142,729.953568696444,174.68617863152014,65.48651571128606,93.49265216010234,1.4210416219684334,20.74696147048193,endurance,4000,-5,none,-1.0,-1,-1,mission_endurance_healthy,27.776281451807304,20.133931191058092
341,5005.372277019142,729.7594711576603,174.27869375183988,65.31302276576469,94.17115147190854,1.367884740617353,21.22751813869306,endurance,4000,-5,none,-1.0,-1,-1,mission_endurance_healthy,27.712411321430924,19.537181762593708
342,5004.999376155948,731.2011633681899,170.32628273312554,66.55132469660012,95.39926666971456,1.1675163030062907,20.81228061778446,endurance,4000,-5,none,-1.0,-1,-1,mission_endurance_healthy,27.764941057630914,20.14224942603617
343,5003.843060144033,733.3338530920295,173.14008738269732,63.55706808916718,94.42734530042482,1.2986223878324,20.740812860928685,endurance,4000,-5,none,-1.0,-1,-1,mission_endurance_healthy,27.818092584567108,19.981303411457542
344,5005.602759698621,730.0264385745476,175.29720193586107,65.44653290108529,95.08826442994784,1.2738946575975458,21.12975400628795,endurance,4000,-5,none,-1.0,-1,-1,mission_endurance_healthy,27.70701344105707,20.18902684673662
345,5007.133255408627,737.1546484370054,173.06266923817336,65.86954753893372,94.68551978497142,1.2681249890748243,21.213661264406724,endurance,4000,-5,none,-1.0,-1,-1,mission_endurance_healthy,27.773175482370785,19.988729693698424
346,5006.15358334728,732.9381311054374,173.12965349385993,65.50517439793514,94.53893880190954,1.1396685441005452,21.030776473144183,endurance,4000,-5,none,-1.0,-1,-1,mission_endurance_healthy,27.71994206375722,19.721717466028988
347,5004.679522117177,732.4867646297732,174.377450813905,66.42116808478252,94.75566710969268,1.3352325785094088,20.50818414604463,endurance,4000,-5,none,-1.0,-1,-1,mission_endurance_healthy,27.684387268264036,19.808691577213768
348,4999.62921404916,730.606069503409,172.88352379500998,65.74021764807034,94.48516603319834,1.0941325021937134,21.01971532147093,endurance,4000,-5,none,-1.0,-1,-1,mission_endurance_healthy,27.76079251243094,19.709357802504833
349,5001.033128778945,735.1619354093231,172.99330260173812,65.55210135275843,95.44015631525716,1.601026113573791,21.11708687738459,endurance,4000,-5,none,-1.0,-1,-1,mission_endurance_healthy,27.74894813998518,20.07492301474092
350,4999.435311702231,736.4256540095021,173.47032880139034,65.82359190510283,94.60222852026656,1.2540000020322617,20.920520421165804,endurance,4000,-5,none,-1.0,-1,-1,mission_endurance_healthy,27.762720007790985,20.00563298663825
351,4998.305790406602,724.0405049500885,170.99256720336697,64.2101187291252,95.35599244221405,1.2405709212494682,20.955828762262517,endurance,4000,-5,none,-1.0,-1,-1,mission_endurance_healthy,27.811361725450737,20.17551063119497
352,5002.901474440556,734.0735807521394,173.59939337280932,64.23838174678303,94.66665666189589,1.2619979277305653,21.236685632708127,endurance,4000,-5,none,-1.0,-1,-1,mission_endurance_healthy,27.849898583746675,19.537533392775927
353,5007.381141202271,729.4689795059062,170.72797038584403,66.14337890829914,92.40304062059852,1.432896530125096,20.72609527754589,endurance,4000,-5,none,-1.0,-1,-1,mission_endurance_healthy,27.786980131580474,20.37293120206512
354,5006.388829402261,734.0959593910023,172.4810331593957,65.04814877584622,94.213255830391,1.1701139246009886,21.539047683355435,endurance,4000,-5,none,-1.0,-1,-1,mission_endurance_healthy,27.742294157537987,19.980192165484123
355,5013.429679842946,734.2389862540354,170.86944156688438,63.413330554561576,94.97514133566382,1.272938567276147,20.684285469030264,endurance,4000,-5,none,-1.0,-1,-1,mission_endurance_healthy,27.851782658625833,20.100726172306366
356,5016.5673821197215,734.979621301801,172.116075882447,65.49992618156789,94.68014546322765,1.2614475575389326,20.93687393028167,endurance,4000,-5,none,-1.0,-1,-1,mission_endurance_healthy,27.823077027668518,19.99998141326845
357,5016.994625601134,733.7225726821397,172.3795241453223,66.29475174210388,95.01699832760652,1.2828182964086987,21.31898670191511,endurance,4000,-5,none,-1.0,-1,-1,mission_endurance_healthy,27.866695460820086,20.304396019537222
358,5013.599195504648,732.2181275085045,175.32901556779456,65.8192381419351,94.35346589098432,1.2540598353955694,21.419624462270427,endurance,4000,-5,none,-1.0,-1,-1,mission_endurance_healthy,27.73682151587402,20.43993978796132
359,5010.219852120797,735.7926646732278,175.03653229370346,64.0911931613723,93.4466685900874,1.358607467293217,21.02863041057246,endurance,4000,-5,none,-1.0,-1,-1,mission_endurance_healthy,27.84529105164862,19.993827117339112
360,5014.13498378155,730.73340688827,173.30172384635472,65.4557045576921,96.33950945418611,1.34164814924999,21.02168444285043,endurance,4000,-5,none,-1.0,-1,-1,mission_endurance_healthy,27.842668602833974,19.85895354088691
361,5006.407622484434,737.4001607206895,172.7550235095642,66.63447481555595,93.38095317232008,1.3374964173209687,21.30028785530903,endurance,4000,-5,none,-1.0,-1,-1,mission_endurance_healthy,27.86296375352533,19.934244189993347
362,5013.377420767318,735.9703603765154,174.7510198344183,66.60702637783446,95.98991911617736,1.3915086089209756,21.35532705549049,endurance,4000,-5,none,-1.0,-1,-1,mission_endurance_healthy,27.91957307078053,19.450374935633405
363,5016.219331376032,729.8890901748427,171.30178873506426,65.7807104647263,94.7634349304215,1.268552043114532,21.005160832191795,endurance,4000,-5,none,-1.0,-1,-1,mission_endurance_healthy,27.931812166602015,19.97390042941072
364,5014.858919058097,728.6196927173492,174.49025249061066,65.20199562741499,93.11881605543772,1.3537451209918303,21.17366390022741,endurance,4000,-5,none,-1.0,-1,-1,mission_endurance_healthy,27.92938313143956,19.858934352041004
365,5021.397547724943,739.7678547861268,172.99653400114434,65.11966455698756,95.51240978427823,1.2423604392585224,21.32099385323806,endurance,4000,-5,none,-1.0,-1,-1,mission_endurance_healthy,27.832704205176146,19.853504979952266
366,5022.365488172231,734.3357917297569,175.60305232400702,65.20055981537965,93.06734558452492,1.095290645309006,21.066052218230134,endurance,4000,-5,none,-1.0,-1,-1,mission_endurance_healthy,27.920580306425727,20.251104548161585
367,5017.326025482521,730.7340472491187,174.97174699055694,64.77660978924243,94.62612384593878,1.2728810118469256,21.318277450436547,endurance,4000,-5,none,-1.0,-1,-1,mission_endurance_healthy,27.922901570795382,19.978839083044335
368,5014.591915254713,736.7149198169502,173.12053521698957,65.6343130164612,93.9498201243751,1.3095461453187738,20.781248443347664,endurance,4000,-5,none,-1.0,-1,-1,mission_endurance_healthy,27.93905052362156,20.070385633938596
369,5010.144987050369,733.5840607524243,173.87904949389534,64.84760167533628,92.96542844474408,1.2456434581358664,21.13595955873568,endurance,4000,-5,none,-1.0,-1,-1,mission_endurance_healthy,27.90165236931737,20.071870488729886
370,5005.203492802123,734.1825102190929,172.41838150628945,65.56604246693128,94.52878877907273,1.1912404347513443,20.863125964647,endurance,4000,-5,none,-1.0,-1,-1,mission_endurance_healthy,27.887582671089547,20.33953597851641
371,5012.941873178906,733.6176004907048,170.6844592175465,64.11407675550063,93.5198136036856,1.214244348502464,21.081594943422814,endurance,4000,-5,none,-1.0,-1,-1,mission_endurance_healthy,27.881733323650142,19.749445259140202
372,5013.223704456626,733.9288010556115,176.81798632307766,66.23227007338963,95.42425761018322,1.2089004142825093,21.495080410878547,endurance,4000,-5,none,-1.0,-1,-1,mission_endurance_healthy,27.811681739418756,20.134141973532124
373,5012.345709577523,735.4537343888177,174.9028455033732,65.28266958455383,93.738093040059,1.2035080082879976,21.008708691568565,endurance,4000,-5,none,-1.0,-1,-1,mission_endurance_healthy,27.948114736149655,19.870821185617988
374,5015.403714777426,736.5412946871332,174.70867172337614,64.59914608614949,92.37806657782164,1.3831012458294594,20.903497601828363,endurance,4000,-5,none,-1.0,-1,-1,mission_endurance_healthy,27.835546333108688,19.72098695996456
375,5017.561882089039,728.0056278560274,173.05103182330222,66.78277873223057,95.92238883567724,1.2387798832045305,20.91982803710036,endurance,4000,-5,none,-1.0,-1,-1,mission_endurance_healthy,27.84276223592263,19.75428359124564
376,5014.618788905492,733.4600882983436,173.05123867203042,66.04411449548415,93.5813344541969,1.23820018644586,20.97956506763085,endurance,4000,-5,none,-1.0,-1,-1,mission_endurance_healthy,27.729453986052167,20.190722369960486
377,5010.394445151832,735.4897453009913,171.9995117547688,64.45346011259649,95.42565357252616,1.2561337060318765,20.77577361008123,endurance,4000,-5,none,-1.0,-1,-1,mission_endurance_healthy,27.787950454335913,19.751544820464495
378,5002.277863436217,735.5656683512403,175.24636736054737,64.61803563414182,92.55161292633927,1.2786249108990837,20.75749385634956,endurance,4000,-5,none,-1.0,-1,-1,mission_endurance_healthy,27.804714664041548,20.14750160946567
379,5005.777693115376,731.5842530607267,171.62687117069515,64.73603681078049,94.53812561870828,1.3361098418074162,20.59875238620992,endurance,4000,-5,none,-1.0,-1,-1,mission_endurance_healthy,27.867818095853206,19.927772712857056
380,5004.513668157828,732.2643983407812,172.6022272708574,65.7417019454507,96.04895787505411,0.9483609338619272,21.2392031646672,endurance,4000,-5,none,-1.0,-1,-1,mission_endurance_healthy,27.721308082153023,19.993598075590523
381,5007.882766195542,730.4107481403028,172.4352472106741,63.63953828924401,95.0423396112106,1.238593122482299,21.213105084487417,endurance,4000,-5,none,-1.0,-1,-1,mission_endurance_healthy,27.775523837037863,19.994360678432816
382,5007.711481213614,727.4197695866895,170.46489312960165,65.5982527186241,93.64886290644084,1.4177486359542162,20.8418868711852,endurance,4000,-5,none,-1.0,-1,-1,mission_endurance_healthy,27.785800299467578,20.118242514430385
383,5001.932306055786,730.4153648994725,171.0618951832908,64.1639429239517,92.26710111424244,1.1753589425808686,21.393952963247006,endurance,4000,-5,none,-1.0,-1,-1,mission_endurance_healthy,27.84446906432353,19.91663918522286
384,4999.182956603005,733.5221690496112,176.45394779452687,64.55294185174414,94.10606478088005,1.4189593606576485,20.88564603795704,endurance,4000,-5,none,-1.0,-1,-1,mission_endurance_healthy,27.739186981621387,19.678747138186754
385,5004.935985694493,732.271550749484,174.4709797218517,64.84484417799675,93.8355571183572,1.3177318620475404,21.114455452202336,endurance,4000,-5,none,-1.0,-1,-1,mission_endurance_healthy,27.65314515129912,20.12793147499337
386,5002.209057262789,735.8025938357486,171.70219085466633,64.70990301029451,95.06579277097929,1.3743247334075286,21.4952584118506,endurance,4000,-5,none,-1.0,-1,-1,mission_endurance_healthy,27.635746754018854,20.089091707418007
387,5003.954969234411,730.553108759998,172.21366702187143,65.09886376840814,94.6359129504972,1.079340830081006,20.841166430832537,endurance,4000,-5,none,-1.0,-1,-1,mission_endurance_healthy,27.820959531930633,19.99191565333084
388,4994.154549494942,732.6715386143417,175.5877279169746,64.6528853171295,93.76256633007226,1.2712123928144292,21.441825657242664,endurance,4000,-5,none,-1.0,-1,-1,mission_endurance_healthy,27.691761927363924,20.23139124016776
389,4990.71601537699,730.2047291939134,172.82692270477443,64.67399367945613,95.04471205390114,1.2440292367372354,20.661507854856445,endurance,4000,-5,none,-1.0,-1,-1,mission_endurance_healthy,27.810952080367255,20.13249308993604
390,4994.376376510148,732.5302116440985,170.69457404291,64.99569323200642,94.20048405717056,1.2828669400019004,21.22410707873196,endurance,4000,-5,none,-1.0,-1,-1,mission_endurance_healthy,27.865988991263485,20.461723260791693
391,4986.518533854094,727.9105716675195,170.29821763069847,63.99945256804542,96.36907733423124,1.3292041815006508,20.767069838825748,endurance,4000,-5,none,-1.0,-1,-1,mission_endurance_healthy,27.724533493893595,19.594992563727484
392,4990.613905083531,730.3290835288476,174.7862115418414,65.35650467851237,93.67379115076989,1.3642505682288972,20.675096303499483,endurance,4000,-5,none,-1.0,-1,-1,mission_endurance_healthy,27.743137190548694,20.260056695687034
393,4988.450025342522,730.2969754119803,173.40762231143256,64.53304236022473,94.38345226634448,1.3399809669463356,20.838701417529823,endurance,4000,-5,none,-1.0,-1,-1,mission_endurance_healthy,27.740717825948277,20.00654957779881
394,4985.847679117728,730.9280157347939,174.88921155257714,63.984709351377305,92.40757278810068,1.1929414296733638,20.474385301693857,endurance,4000,-5,none,-1.0,-1,-1,mission_endurance_healthy,27.711953971201577,20.206766340631567
395,4991.520907689232,736.9851722671555,172.34319569832655,64.54563803329026,94.89207820463672,1.2844516504290575,20.342322607988933,endurance,4000,-5,none,-1.0,-1,-1,mission_endurance_healthy,27.626429441652018,19.324679616016574
396,4989.361530593346,726.6836287169921,170.28574072185967,64.02777241087354,94.22254052116097,1.3902166470649864,21.18010738374483,endurance,4000,-5,none,-1.0,-1,-1,mission_endurance_healthy,27.672807519460253,19.718703805140752
397,4993.734423489217,733.8808883697174,172.21671941012312,65.34752753106216,94.9896807505157,1.3643492583076402,20.709863366266216,endurance,4000,-5,none,-1.0,-1,-1,mission_endurance_healthy,27.724978130862574,20.245185739316526
398,4992.154666219123,728.815144489732,173.9187841878223,63.88814978238,93.2321812534619,1.269795066217606,20.77923595250513,endurance,4000,-5,none,-1.0,-1,-1,mission_endurance_healthy,27.84563353002698,19.96252882032341
399,4993.711815878415,731.4861730801631,174.78317661025773,65.42928978645932,93.69195944406412,1.1422021718709383,20.49254069796301,endurance,4000,-5,none,-1.0,-1,-1,mission_endurance_healthy,27.804242402905338,19.854725926899096
400,4997.993566920772,730.8182277086588,174.86187972216817,65.26376731395176,93.7012948858234,1.0476540851271303,20.8098575629572,endurance,4000,-5,none,-1.0,-1,-1,mission_endurance_healthy,27.814790084555305,19.650908053427123
401,5002.4723843656775,732.1724813288761,174.71685407538268,65.87320659318198,93.81312197299157,1.101048995282915,21.07903356648656,endurance,4000,-5,none,-1.0,-1,-1,mission_endurance_healthy,27.858973871479243,20.16927079535475
402,5001.60729441517,736.9390825197025,171.49000102751606,64.15929880793315,93.07269088412151,1.149331725337886,21.02042715873213,endurance,4000,-5,none,-1.0,-1,-1,mission_endurance_healthy,27.848569561489143,19.839376634634768
403,4992.54310087505,730.1049771033838,174.44599843495718,66.81252452139165,94.96753256503855,1.1332138668868987,21.3981082808019,endurance,4000,-5,none,-1.0,-1,-1,mission_endurance_healthy,27.908457884984006,19.906656528232297
404,4999.687623390146,737.451610589947,173.12398926424024,65.29492360093832,93.43237042838024,1.3082746420579172,20.907842715123184,endurance,4000,-5,none,-1.0,-1,-1,mission_endurance_healthy,27.967498506996396,19.901434555892013
405,4997.608232180702,728.1887092000893,172.63765050647282,64.97518768918945,94.29195396858074,1.2011607315857824,21.189268090856675,endurance,4000,-5,none,-1.0,-1,-1,mission_endurance_healthy,27.992208195080448,20.00565519363304
406,5002.949670011388,732.4982901335483,172.90364633586628,64.97086216492468,96.31674189978452,1.2794674698977275,21.16130785668993,endurance,4000,-5,none,-1.0,-1,-1,mission_endurance_healthy,28.0507402819512,20.10427609334638
407,4999.904984405453,730.6678606500325,175.3533247584284,63.44702564346182,94.95838258171707,1.281157133951748,20.642862795831228,endurance,4000,-5,none,-1.0,-1,-1,mission_endurance_healthy,28.072767712138234,19.92888967647335
408,4998.384563466769,728.1014936681823,175.4782606885648,64.02973534589573,94.55441495404187,1.166843635140862,21.198780509951195,endurance,4000,-5,none,-1.0,-1,-1,mission_endurance_healthy,28.008958901932424,19.808330643188928
409,4999.015119919308,732.9251441182741,173.26584216562114,66.33505349173538,93.90844557855802,1.266044259448894,20.97024818746185,endurance,4000,-5,none,-1.0,-1,-1,mission_endurance_healthy,27.936305161819618,20.503076972631632
410,4999.116823077617,729.7637854941936,174.84210007761152,65.39211980802268,95.46044051680894,1.19548655735286,21.233731719719472,endurance,4000,-5,none,-1.0,-1,-1,mission_endurance_healthy,28.03922915801652,19.784876578260025
411,5007.256741789817,735.3333896244376,170.86643056945562,64.57122235556022,94.24162522841442,1.4306782021631363,20.87270924515301,endurance,4000,-5,none,-1.0,-1,-1,mission_endurance_healthy,27.984866861819285,19.79828785709404
412,5000.522712115542,729.4812931372289,173.00652514770823,66.49540801216878,97.61972626806433,1.198822068695914,20.97211552744569,endurance,4000,-5,none,-1.0,-1,-1,mission_endurance_healthy,28.026188463481557,19.895515293547632
413,4998.557202550571,732.5100841419686,169.54198107814133,64.60342263953201,95.3263378442198,1.2609372834785366,20.91854568450545,endurance,4000,-5,none,-1.0,-1,-1,mission_endurance_healthy,27.990378996312582,19.876096585683467
414,4999.899369606212,732.7061708959131,173.75184226421513,63.94007997490285,94.14278551958928,1.2350448568731986,21.242430037589603,endurance,4000,-5,none,-1.0,-1,-1,mission_endurance_healthy,27.963405906091612,19.86325581563353
415,5001.906667553971,737.8370946139657,174.93747409078367,64.44302125385518,95.57310018860568,1.373240184317715,21.203744123579963,endurance,4000,-5,none,-1.0,-1,-1,mission_endurance_healthy,27.9284731658874,19.92199652096276
416,5002.290022708158,733.5846769159732,174.9699067090733,64.59068171216313,95.64208923437155,1.2740313270518857,21.127631873693478,endurance,4000,-5,none,-1.0,-1,-1,mission_endurance_healthy,27.949060628279945,19.83283052215653
417,5003.32114243737,730.4169153374554,174.69562534386085,64.84196690134085,93.64665194439677,1.3607343150620306,21.14477440527532,endurance,4000,-5,none,-1.0,-1,-1,mission_endurance_healthy,28.04044137066069,20.063559062968434
418,5007.674808901469,727.6555060189575,174.99795525721666,66.77773640312071,95.9307242560015,1.2824514268694251,21.11788509023312,endurance,4000,-5,none,-1.0,-1,-1,mission_endurance_healthy,28.132186309160513,19.56699780464811
419,5005.67207519001,732.201455057418,170.87439883843982,65.03008868234362,94.29261668496952,1.3319111481480534,20.882037273773168,endurance,4000,-5,none,-1.0,-1,-1,mission_endurance_healthy,28.080178919075305,19.385349473014948
420,5003.66040644654,736.202648944609,172.57695706976065,66.01149417018047,94.51845516861609,1.1737291534085943,20.99990002839065,endurance,4000,-5,none,-1.0,-1,-1,mission_endurance_healthy,28.149515344981687,20.309281132072577
421,5003.430045027443,734.0965002426917,175.79738957135717,64.61249473064157,95.85625088972137,1.189986344101602,20.530246356750048,endurance,4000,-5,none,-1.0,-1,-1,mission_endurance_healthy,28.092712345174785,19.63261595011057
422,5006.4356774261705,730.2362172812096,172.79001231094597,65.01587978332854,92.69155379817278,1.4174599359571138,20.787338031713464,endurance,4000,-5,none,-1.0,-1,-1,mission_endurance_healthy,28.121892623660056,19.349119747922696
423,5000.826943327523,732.4621896267503,172.3202657678453,65.94034353991277,96.18957091479412,1.1943457741840482,21.07640646665139,endurance,4000,-5,none,-1.0,-1,-1,mission_endurance_healthy,28.005410641652038,19.55775969493717
424,5008.615626311129,734.7376363818167,175.08362355701013,64.22559122684765,94.34116607124056,1.202691733174376,20.97327335873988,endurance,4000,-5,none,-1.0,-1,-1,mission_endurance_healthy,28.047961128460162,19.796322449530237
425,5007.35405101594,731.9813594136963,175.01080120893224,64.91966272408239,93.50820679435546,1.276634426966085,21.185849743150907,endurance,4000,-5,none,-1.0,-1,-1,mission_endurance_healthy,28.129084708147868,20.560630376971854
426,5004.98217691162,732.7116108462382,173.14368346472656,65.51656955391171,94.59636542006436,1.2314199166288198,21.519315969162168,endurance,4000,-5,none,-1.0,-1,-1,mission_endurance_healthy,28.108729924564987,19.983508509800608
427,5003.748712034024,732.0411980258486,172.65897599310978,64.58671569241736,96.51644109731068,1.2786811319304192,20.634425128153843,endurance,4000,-5,none,-1.0,-1,-1,mission_endurance_healthy,28.136921731322317,19.87075876532983
428,4999.475710965731,732.1433230413377,173.68752448056043,65.72064208367031,94.93385975093436,1.365205246138402,20.756406973484967,endurance,4000,-5,none,-1.0,-1,-1,mission_endurance_healthy,28.097758562825376,20.130414256031848
429,4995.859557179968,734.6004858853623,174.4286385231422,64.46030240623608,94.73308997040952,1.0624115701002346,21.143499313308684,endurance,4000,-5,none,-1.0,-1,-1,mission_endurance_healthy,28.004609839981917,19.471075614961467
430,4994.69718955492,723.4955899680152,171.63108009527934,62.86315811443971,95.414738164103,1.1205322472193784,21.069236641510823,endurance,4000,-5,none,-1.0,-1,-1,mission_endurance_healthy,28.037280564548837,20.0118720652862
431,4996.73331665751,722.9889347564076,175.58723477109902,65.55970762517777,94.12012467042446,1.1405363538739746,21.203366587626867,endurance,4000,-5,none,-1.0,-1,-1,mission_endurance_healthy,28.0317144426474,20.506285827023735
432,4999.812209591156,735.2563434611712,172.7486652548666,65.05611516207354,94.14704921921216,1.4330974723905996,20.73785054949424,endurance,4000,-5,none,-1.0,-1,-1,mission_endurance_healthy,28.062780050677166,20.22455058691048
433,4998.352589965758,730.3568946774001,172.1152031763071,66.03631253272353,94.19944264281663,1.3108950236337822,21.08260894287783,endurance,4000,-5,none,-1.0,-1,-1,mission_endurance_healthy,28.104401677936945,20.331542657494822
434,4997.281411808686,735.1842150512997,173.9594720341349,66.02743528163033,93.28800670169647,1.4455955344765072,21.013177466520222,endurance,4000,-5,none,-1.0,-1,-1,mission_endurance_healthy,27.994276493321475,20.511776776826075
435,4999.223819206191,736.5645490242498,170.37999462097528,64.58824493787901,95.70010473718364,1.2893835069064243,20.97785792386695,endurance,4000,-5,none,-1.0,-1,-1,mission_endurance_healthy,28.04054023741648,20.162735372735117
436,4991.712500326502,729.5250590259791,174.33486584122838,65.55433340475909,94.08661766593669,1.245100251359358,20.96912518595271,endurance,4000,-5,none,-1.0,-1,-1,mission_endurance_healthy,27.927954300267633,20.0006527268697
437,4991.119134929564,730.2416356650373,175.32793464366966,65.2676876279417,94.6918968720094,1.1168462210994603,21.07928127139397,endurance,4000,-5,none,-1.0,-1,-1,mission_endurance_healthy,27.99381567072926,20.437927750511484
438,4995.458447254483,734.7725101983124,173.91580048527123,65.20743038246484,94.63603996153547,1.264039118959911,20.69942214709134,endurance,4000,-5,none,-1.0,-1,-1,mission_endurance_healthy,27.876625748391024,20.147094917599752
439,5002.209604155686,735.6662409412916,172.69655268020946,63.24316192151053,94.50276316602636,0.993851436253777,20.821749344410545,endurance,4000,-5,none,-1.0,-1,-1,mission_endurance_healthy,28.00025255671341,19.814996991783588
440,5001.500075517136,733.2603929834984,173.02105987684843,65.14910833639047,92.77597991231792,1.355849361287757,21.142186019314213,endurance,4000,-5,none,-1.0,-1,-1,mission_endurance_healthy,27.967293164961806,19.626496234308053
441,4996.048771959088,734.0178333201825,170.78233869478152,64.8840285503547,94.50545082746856,1.5011600687169553,21.073847647772595,endurance,4000,-5,none,-1.0,-1,-1,mission_endurance_healthy,27.935385342802274,20.108964006208264
442,4993.695141135618,730.1681103891807,172.35282777582253,63.64165750791259,94.5841563450697,1.4199740053949683,20.53522655089797,endurance,4000,-5,none,-1.0,-1,-1,mission_endurance_healthy,27.912775020352804,20.03955253740657
443,4998.797394686383,733.1464224294838,173.91572852442135,66.23072749059794,94.34891772067137,1.132451738996114,20.973696567836623,endurance,4000,-5,none,-1.0,-1,-1,mission_endurance_healthy,27.904433220030096,19.988178483974
444,5007.055714120906,731.4434129010575,174.95567603054488,64.93907618563136,93.08983549119364,1.292427829888553,20.785716976314013,endurance,4000,-5,none,-1.0,-1,-1,mission_endurance_healthy,27.887841340731754,19.924984678213082
445,5006.47657140573,735.1229179963528,173.1222203743391,63.43505918209624,95.0511572724395,1.3217799453333,20.42207357167698,endurance,4000,-5,none,-1.0,-1,-1,mission_endurance_healthy,27.954511043394284,20.00563609548691
446,5000.515260652462,729.7373766610368,174.26733611629652,65.13616277279964,92.62739736962558,1.3268505980906709,21.190005393853856,endurance,4000,-5,none,-1.0,-1,-1,mission_endurance_healthy,27.981767470077653,20.306704051675695
447,5001.223358027498,732.0534640044986,174.5932434218921,64.57745578125326,95.12204419905144,1.2736050960349128,20.849358837230348,endurance,4000,-5,none,-1.0,-1,-1,mission_endurance_healthy,28.084378802117755,19.77084182144088
448,5004.466090456628,733.225230154034,174.7082614827589,63.96018809332719,94.30223319910468,1.1947133475546845,20.953012793951583,endurance,4000,-5,none,-1.0,-1,-1,mission_endurance_healthy,28.036558016419587,19.79762994596598
449,5008.186757708709,725.6526284564133,172.2433947865861,66.28207822876112,95.0787575828544,1.0659580019725006,21.37758155872413,endurance,4000,-5,none,-1.0,-1,-1,mission_endurance_healthy,27.96414539527229,19.94998089445653
450,5009.772791623965,738.0236815912408,173.74844726575145,63.831650243634975,94.19621173043788,1.342800027771562,21.300581121315737,endurance,4000,-5,none,-1.0,-1,-1,mission_endurance_healthy,27.952950315332316,19.92378696459077
451,5019.769016219035,729.1366741479463,172.94847472794535,65.35333793537141,97.39166412562368,1.315074143613285,21.42598982338852,endurance,4000,-5,none,-1.0,-1,-1,mission_endurance_healthy,27.927784388620864,20.164268500038762
452,5019.854016161202,733.3046220019038,173.6837732460462,65.48283198643249,95.28698629581572,1.2513113958797677,21.29246689288436,endurance,4000,-5,none,-1.0,-1,-1,mission_endurance_healthy,27.936620147360735,20.121787844388816
453,5031.464871807621,734.397801863666,174.18156232937687,66.22115736424628,94.2373899803898,1.2294204994424234,21.59007878883787,endurance,4000,-5,none,-1.0,-1,-1,mission_endurance_healthy,27.997289791468933,19.84574946089987
454,5027.236224969918,734.6810239160355,174.66062187519307,67.21649423937642,95.30021429662008,1.2263516755548012,21.74081202819884,endurance,4000,-5,none,-1.0,-1,-1,mission_endurance_healthy,27.91255388054803,19.004546576812853
455,5033.246670680045,729.3669294571024,177.3132757015144,64.66499139912659,93.61677844174496,1.2851413642477976,21.206979300668458,endurance,4000,-5,none,-1.0,-1,-1,mission_endurance_healthy,28.098425119338234,19.789073711055078
456,5037.86533448292,738.4949215061338,172.17480802494325,65.76055992165256,93.73162483191264,1.4382838567271252,21.08641021855617,endurance,4000,-5,none,-1.0,-1,-1,mission_endurance_healthy,27.907931486516564,19.915356659374883
457,5041.282654956909,738.0357772582094,175.0624096750227,65.99920596515268,96.60840937237204,1.1550755860586903,21.451406610066403,endurance,4000,-5,none,-1.0,-1,-1,mission_endurance_healthy,27.971771064895183,19.886700942667378
458,5038.271887612865,737.2712844204433,174.9250951623374,66.70193083545826,94.12916062705264,1.09828052444182,21.603007159687586,endurance,4000,-5,none,-1.0,-1,-1,mission_endurance_healthy,27.96068052814219,19.848859933425853
459,5037.818614515649,737.8882333997586,173.64091954617783,65.59024007378925,94.36302318287812,1.3859244033398563,21.239578885969674,endurance,4000,-5,none,-1.0,-1,-1,mission_endurance_healthy,28.03451120065187,19.856142519395462
460,5033.125788037161,740.0524709585255,173.75943708064753,65.31430132857861,96.31512707571868,1.200191455369637,21.238304534709236,endurance,4000,-5,none,-1.0,-1,-1,mission_endurance_healthy,27.985262866195608,20.043344859747883
461,5033.400535531879,735.0513217514427,174.08891408173594,64.89393113667398,94.52001491545902,1.277396195818465,21.76952189522597,endurance,4000,-5,none,-1.0,-1,-1,mission_endurance_healthy,27.859035298093556,20.07311929048422
462,5034.6406275754825,734.0877873435469,175.13355235716875,66.09770703155652,94.45169338219642,1.3204617371511629,21.286855195592512,endurance,4000,-5,none,-1.0,-1,-1,mission_endurance_healthy,27.864584388296148,20.48869332240453
463,5037.030995349769,739.3218883289226,174.3065560841765,65.56207808348283,94.9895139583814,1.2228727857924355,21.430657633175684,endurance,4000,-5,none,-1.0,-1,-1,mission_endurance_healthy,27.924871844507116,19.939209650491467
464,5032.237735071704,732.2418384357833,173.88036019293585,64.56518802486558,94.60448702885176,1.2521630657740077,21.35292903008413,endurance,4000,-5,none,-1.0,-1,-1,mission_endurance_healthy,27.865469742210845,19.900916877714078
465,5029.393094023076,734.2225027354261,175.0650858897178,65.2859679790961,94.27900107911596,1.263518861501847,21.75308310436031,endurance,4000,-5,none,-1.0,-1,-1,mission_endurance_healthy,27.980378478216075,19.830873743843817
466,5020.773017703215,731.5010436018032,172.94078864702735,66.28606576161762,94.9020216240199,1.3373866918083035,21.00105065444699,endurance,4000,-5,none,-1.0,-1,-1,mission_endurance_healthy,27.87953198850993,20.157919815454516
467,5021.102952079032,738.0596182767628,172.34904894082737,64.52396946490688,94.34328076878782,1.2780031489284045,21.31746638787332,endurance,4000,-5,none,-1.0,-1,-1,mission_endurance_healthy,27.921967488276184,19.74247076622446
468,5016.976284140726,733.7741773202181,173.63391173053793,64.77317340031429,94.42714455865956,1.326727309033472,21.248991792775808,endurance,4000,-5,none,-1.0,-1,-1,mission_endurance_healthy,27.932719545508604,20.40398007708335
469,5021.2530179923615,737.6753963116976,173.05495006037066,64.55993039808982,94.23798069597612,1.3101678437701454,21.356713883933043,endurance,4000,-5,none,-1.0,-1,-1,mission_endurance_healthy,27.9069712504043,19.616777061122715
470,5019.11381058598,736.0962149540719,173.36362737929798,66.57009292163565,95.83328075612268,1.2161772350134676,21.23599208006087,endurance,4000,-5,none,-1.0,-1,-1,mission_endurance_healthy,27.88513671754776,19.323497970475554
471,5021.201497607259,731.1738245424361,173.89284073134465,64.42011725023734,93.1170815143637,1.1096336388417576,21.8621117999234,endurance,4000,-5,none,-1.0,-1,-1,mission_endurance_healthy,27.841441136312337,19.973173885122048
472,5019.694013622662,734.0382143515675,172.62903607531928,65.31212906060736,94.65438587760018,1.1970116753116389,20.998858738497653,endurance,4000,-5,none,-1.0,-1,-1,mission_endurance_healthy,27.891440166986474,19.63078103463831
473,5019.597188873522,731.0491322432126,174.7920377969888,64.10847092632774,95.30164106299532,1.171916137647962,21.08176313203236,endurance,4000,-5,none,-1.0,-1,-1,mission_endurance_healthy,27.80018940638838,20.377400023746223
474,5018.7745909132045,728.3698337692139,173.47656449237286,64.80449029199372,93.27816432974812,1.3212513962955226,21.5797423099731,endurance,4000,-5,none,-1.0,-1,-1,mission_endurance_healthy,27.785099735485684,19.847120717545504
475,5013.983887995406,733.6476482787436,174.7670638634291,65.74706289327288,94.64643436822648,1.2652488813034033,21.06686855820463,endurance,4000,-5,none,-1.0,-1,-1,mission_endurance_healthy,27.88290246320823,19.900202483947485
476,5017.433124881727,730.6483886264754,175.59083276507366,67.69449426676157,94.6246244576411,1.3139820220230505,21.40645578766268,endurance,4000,-5,none,-1.0,-1,-1,mission_endurance_healthy,27.818912247338556,20.173123999177257
477,5013.90538883408,733.1613378726751,174.62838869086994,65.82654913797488,92.49244156044593,1.4026628825676206,20.41755597953852,endurance,4000,-5,none,-1.0,-1,-1,mission_endurance_healthy,27.767048777384375,19.88889164727236
478,5019.042069746717,733.4716156889798,174.37766582771573,64.37055008086732,95.779185390637,1.4057874149960228,21.618113696927967,endurance,4000,-5,none,-1.0,-1,-1,mission_endurance_healthy,27.759207026810326,19.587556892969243
479,5009.1013491661015,737.8047098410855,174.14460062310349,65.09740132945994,93.92193961639042,1.2103187605217944,20.632317765480423,endurance,4000,-5,none,-1.0,-1,-1,mission_endurance_healthy,27.859708082333444,20.219233435764984
480,5007.067947457451,731.4989027756462,174.2644143066726,64.20029386524725,94.05302869167056,1.181542689077258,20.994709274690123,endurance,4000,-5,none,-1.0,-1,-1,mission_endurance_healthy,27.726150265527394,20.12622312596724
481,5010.374915055013,731.225699433962,174.35070126556732,64.42083426758965,94.35417178440171,1.1056260297966132,21.13263056670796,endurance,4000,-5,none,-1.0,-1,-1,mission_endurance_healthy,27.67138613609427,19.829543015854817
482,5013.75493391664,733.069038906137,173.33492862779127,64.75349010470921,94.72326660013668,1.2704001915242291,21.37320621107599,endurance,4000,-5,none,-1.0,-1,-1,mission_endurance_healthy,27.633243326551273,19.85979823661667
483,5005.870434344109,729.0616550854745,172.11758974476209,65.94686318561534,95.60940682797003,1.3732073226250212,21.15049925904982,endurance,4000,-5,none,-1.0,-1,-1,mission_endurance_healthy,27.71742955058613,20.103018140120295
484,5006.583384411181,733.0708830307576,173.48888663664434,66.50786753397786,94.310400006805,1.357548667401868,21.4190711534078,endurance,4000,-5,none,-1.0,-1,-1,mission_endurance_healthy,27.67964306638038,20.0878815600113
485,5007.222783837172,734.3548948824539,175.52908303549586,64.59990688468535,95.36452352398476,1.1316655670895628,21.326548981745265,endurance,4000,-5,none,-1.0,-1,-1,mission_endurance_healthy,27.688400712312117,19.88481412353534
486,5008.220305760201,731.108435883223,175.92669396682857,64.28813973419037,94.11377686674952,1.3245692794048716,20.94362029952823,endurance,4000,-5,none,-1.0,-1,-1,mission_endurance_healthy,27.76608787159301,20.200019315360212
487,5006.600476705576,728.7065950418456,174.78122813301815,64.73195760226118,93.63777348613256,1.2236221296524574,21.314968629846327,endurance,4000,-5,none,-1.0,-1,-1,mission_endurance_healthy,27.75369094380507,19.720801007902047
488,5003.326501690378,729.7308844314243,174.83820801370442,65.63197128132705,95.17227378628098,1.381782835807377,21.057382832453676,endurance,4000,-5,none,-1.0,-1,-1,mission_endurance_healthy,27.832453129224074,19.875929205088802
489,5003.974573783559,734.8302507499562,171.812446644201,66.21862221607718,96.45433960174616,1.3509606756460677,20.60002241337624,endurance,4000,-5,none,-1.0,-1,-1,mission_endurance_healthy,27.84918821236313,20.203134900070545
490,5006.126454827464,730.2067562624472,173.60173396301246,64.22444883600996,93.58631300979292,1.3120779072868796,20.71707571389177,endurance,4000,-5,none,-1.0,-1,-1,mission_endurance_healthy,27.847568988464936,20.011173521598103
491,5009.963681817801,732.8369045384379,170.38242083882278,65.31828304376431,94.85876129340946,1.3118801773206326,20.844357582366868,endurance,4000,-5,none,-1.0,-1,-1,mission_endurance_healthy,27.869266919184053,20.328329682486714
492,5009.501314838454,730.442543247036,171.11127909137477,64.78434508133743,96.18033635065572,1.1822149237116224,21.036306328306733,endurance,4000,-5,none,-1.0,-1,-1,mission_endurance_healthy,27.874703286902317,20.513173786127695
493,5006.052890027244,729.8838002940176,179.0732972842853,64.82147826973471,96.3527924264884,1.3710368917630984,21.185027945089654,endurance,4000,-5,none,-1.0,-1,-1,mission_endurance_healthy,27.891401970832263,19.93712951535513
494,5008.851059516675,735.0515040568947,174.38530228349848,64.45126570991417,95.08840596214873,1.0654385114486784,21.139471832847352,endurance,4000,-5,none,-1.0,-1,-1,mission_endurance_healthy,27.88147375751872,20.525881285983207
495,5003.174845225956,726.4606148314896,173.6482199248957,65.93121262957098,93.3282100322938,1.221126227053283,20.8944668686886,endurance,4000,-5,none,-1.0,-1,-1,mission_endurance_healthy,27.793180247307262,19.7948679048573
496,5000.192584961936,736.1706475465819,171.8884155549855,65.55592661350171,94.0831369398568,1.214579949978532,21.04631103690453,endurance,4000,-5,none,-1.0,-1,-1,mission_endurance_healthy,27.93468649365395,19.790219264561287
497,4997.473815446158,732.2306820367114,174.77533567763754,65.41163316204774,93.76518150783316,1.317642367593199,20.870093217581484,endurance,4000,-5,none,-1.0,-1,-1,mission_endurance_healthy,27.932459074193634,19.860807784499215
498,4997.299262156805,733.8658869813653,173.95790734674765,63.9583692788647,93.93611547788566,1.1363822383931306,20.752616320687395,endurance,4000,-5,none,-1.0,-1,-1,mission_endurance_healthy,27.91859318845018,20.00039930908305
499,4997.881275287842,729.6475902216198,173.75306728983543,63.87009660510858,92.6709696696294,1.090558305075853,21.049297130098115,endurance,4000,-5,none,-1.0,-1,-1,mission_endurance_healthy,27.84520956813293,20.401869794888505
500,5005.731756864007,728.7500863155431,171.05945455728593,64.32816549830022,94.42932784780866,1.3443444781000984,21.219762941425444,endurance,4000,-5,none,-1.0,-1,-1,mission_endurance_healthy,27.906888052177393,20.575860588763753
501,5008.189403543792,724.8550990335884,172.57867593826154,65.8263868623388,93.74606146216745,1.093396667288817,21.09678342617634,endurance,4000,-5,none,-1.0,-1,-1,mission_endurance_healthy,27.74925477110098,19.97095586952864
502,5011.944153543762,731.1974195748644,175.53565832806342,64.75285117980461,92.75005661278138,1.419593957085444,21.167498759275023,endurance,4000,-5,none,-1.0,-1,-1,mission_endurance_healthy,27.95627341222382,19.581211466258498
503,5010.264146292743,735.0043429242769,173.239912491938,65.61127555791539,94.08412360206908,1.1193080500266752,21.702270026008375,endurance,4000,-5,none,-1.0,-1,-1,mission_endurance_healthy,28.033704658535097,20.597310756884568
504,5005.882717119031,733.2013976310768,175.87854525749873,64.88161317781683,93.05926119802216,1.2077613266555258,21.032176767386005,endurance,4000,-5,none,-1.0,-1,-1,mission_endurance_healthy,28.07526303774985,19.57983762128909
505,5004.356244165247,733.3899504642017,172.90335153559283,64.49109888680071,93.53958828468608,1.0795046883432768,21.320098219298934,endurance,4000,-5,none,-1.0,-1,-1,mission_endurance_healthy,27.938726650830628,20.211127570839842
506,5002.244013824069,728.9085627123342,173.52538156163922,65.57865036914738,95.91988119583668,1.3230336046882845,20.820744895127746,endurance,4000,-5,none,-1.0,-1,-1,mission_endurance_healthy,28.01250698388264,20.53611424314606
507,5010.554517181887,730.9779167961447,173.35719331185754,66.01815567876538,93.85611379688692,1.271440860758432,21.332946500285512,endurance,4000,-5,none,-1.0,-1,-1,mission_endurance_healthy,27.93539235927175,20.0890851705796
508,5016.466437181563,737.0712084563877,176.72547777224963,65.88478901160754,94.84936961023976,1.4058132917466992,21.440234729677908,endurance,4000,-5,none,-1.0,-1,-1,mission_endurance_healthy,27.982414752809262,19.58751726522222
509,5019.932042253176,729.8884904130762,172.00499355845534,65.15327488845789,95.29742752153231,1.1618571246058464,21.067762217516343,endurance,4000,-5,none,-1.0,-1,-1,mission_endurance_healthy,27.860893538082955,19.810772853534935
510,5019.624310454834,730.3337736958779,176.03397305290514,65.77942851752229,93.63803774239057,1.3562609484296475,21.572766833212214,endurance,4000,-5,none,-1.0,-1,-1,mission_endurance_healthy,27.977662298189333,20.430448461737594
511,5014.451611466909,738.6276854026305,175.77103085028315,65.599367047192,94.60371189252857,1.4780857544009285,20.484283363876248,endurance,4000,-5,none,-1.0,-1,-1,mission_endurance_healthy,28.006574317733488,19.771011015278816
512,5013.200439273482,735.4252631556685,173.5766081720742,65.89741962316657,93.46865805645334,1.3357843511272591,21.219297960844727,endurance,4000,-5,none,-1.0,-1,-1,mission_endurance_healthy,27.832971243291475,20.072606170536734
513,5010.728958254361,736.0867806708737,175.75241554602425,66.38881248641638,94.72772867595964,1.1860775053190955,21.408241406317504,endurance,4000,-5,none,-1.0,-1,-1,mission_endurance_healthy,27.893792705010895,19.79067762240564
514,5007.718738934176,731.6632652967985,174.17986033236133,67.4926648568095,94.81532293311172,1.2708840966960793,21.3163909710072,endurance,4000,-5,none,-1.0,-1,-1,mission_endurance_healthy,27.827077179907555,20.050473493924812
515,5009.48816753702,729.6651197854459,172.05791819110513,65.25794845275922,96.15825613632708,1.349548547999915,21.590830521240143,endurance,4000,-5,none,-1.0,-1,-1,mission_endurance_healthy,27.99243325599898,19.602296695366903
516,5016.621381546479,733.2620284948115,172.40579845520912,65.09713490231411,95.70961515971696,1.4903337340688234,21.246413131298677,endurance,4000,-5,none,-1.0,-1,-1,mission_endurance_healthy,27.944294533557976,20.196353798512384
517,5024.961734537956,735.7595418064919,172.3543884695804,66.79733936007916,96.4282090355886,1.2236401128959835,21.30375247386574,endurance,4000,-5,none,-1.0,-1,-1,mission_endurance_healthy,27.859650426292173,20.065235878265614
518,5024.295690440963,738.7092674664244,173.03961597200723,64.74979105336617,94.83389328240696,1.2001682780083132,21.34927420897991,endurance,4000,-5,none,-1.0,-1,-1,mission_endurance_healthy,27.85372607330118,20.267986194533325
519,5024.824749880463,740.154588537319,176.54898501642052,65.96594259113323,94.52398646186975,1.1771915058969609,21.367647906299545,endurance,4000,-5,none,-1.0,-1,-1,mission_endurance_healthy,27.809174034017722,20.350831357634426
520,5026.2477524933,733.7686797530554,171.55934140735343,65.91439379497871,94.09796185276667,1.2324953842718922,21.36937039938277,endurance,4000,-5,none,-1.0,-1,-1,mission_endurance_healthy,27.99514419915053,20.12396478615962
521,5023.718803123034,736.6279466577121,172.12258770113257,65.42692869781864,93.34314923598258,1.3489975196082982,21.534290698632564,endurance,4000,-5,none,-1.0,-1,-1,mission_endurance_healthy,27.75560425816197,19.800872776762553
522,5029.211385573738,733.2579785099508,172.53676265806197,65.21945294173106,94.15505461166852,1.2988810033885003,21.412611187566636,endurance,4000,-5,none,-1.0,-1,-1,mission_endurance_healthy,27.887694739059572,20.151236999111102
523,5031.495866715344,734.1489037572867,174.5281584309411,65.17187505711362,94.6142249669539,1.195615497302842,21.44638978797861,endurance,4000,-5,none,-1.0,-1,-1,mission_endurance_healthy,27.911457651907106,20.21656031600767
524,5032.061174791526,734.5668676227256,176.16478497127034,64.23209833647805,94.55995435989423,1.487702412858801,21.32553371402388,endurance,4000,-5,none,-1.0,-1,-1,mission_endurance_healthy,27.873824008249738,20.20934768081982
525,5034.491026847561,732.1504227427048,175.29797214147771,64.45416863450612,94.74561204604,1.193973420111167,21.46813664533293,endurance,4000,-5,none,-1.0,-1,-1,mission_endurance_healthy,27.88784717622871,19.83345900888844
526,5032.852449107146,732.360529200635,176.02112576447357,66.07340221722292,94.5965019382571,1.2968347876974686,21.7349684701007,endurance,4000,-5,none,-1.0,-1,-1,mission_endurance_healthy,27.771348597618267,20.252743936585176
527,5032.166658869796,743.2120225614833,173.18618273449408,66.0749747192409,96.4461230441936,1.3634745471159055,21.20952973387082,endurance,4000,-5,none,-1.0,-1,-1,mission_endurance_healthy,27.840643226717003,20.517975075605257
528,5037.495501935913,733.2769744239373,174.42818408600724,64.49845350862256,95.51061313031018,1.3357291750768805,21.12441505049472,endurance,4000,-5,none,-1.0,-1,-1,mission_endurance_healthy,27.865562792592737,19.557442423839262
529,5041.722732996714,742.2004575625676,175.48980587088974,65.11156424877534,95.8774708441837,1.1387711023850682,21.779618211596144,endurance,4000,-5,none,-1.0,-1,-1,mission_endurance_healthy,27.928231875965974,20.26076560739354
530,5042.632430440383,735.1399416668014,174.26746116196244,65.15308857444991,94.60873989588264,1.3275427219404767,21.8319232147272,endurance,4000,-5,none,-1.0,-1,-1,mission_endurance_healthy,27.86224998344181,20.07394608279082
531,5037.134186999292,737.7512406238626,174.06792174198543,64.53554675126436,95.25376561293938,1.2245046621146751,21.73300938261784,endurance,4000,-5,none,-1.0,-1,-1,mission_endurance_healthy,27.88388639268992,20.0455744921656
532,5047.406194814138,732.8751048695485,176.53811272280595,66.76857559318546,95.57332651394474,1.4123308127150187,21.613400427511625,endurance,4000,-5,none,-1.0,-1,-1,mission_endurance_healthy,27.788395553133224,19.925809594641397
533,5049.564555459338,744.2472358730819,173.91669336296937,66.50394735001191,94.74368938236135,1.2638919058140523,21.456307571228653,endurance,4000,-5,none,-1.0,-1,-1,mission_endurance_healthy,27.797379128312922,19.672713577787537
534,5053.751522721488,740.1704509892456,175.31132395577234,65.53269369592768,96.60150851515718,1.369386695179014,21.771555006382744,endurance,4000,-5,none,-1.0,-1,-1,mission_endurance_healthy,27.887978195258153,20.025936476594747
535,5050.195491406303,733.5598649642703,172.83720513379816,64.97926510949415,94.62928342263884,1.2408652065209511,21.388841335045925,endurance,4000,-5,none,-1.0,-1,-1,mission_endurance_healthy,27.85166021238614,20.296462409936844
536,5052.922842890163,738.3228167167022,170.75301446094386,65.13270782359226,94.79247513542236,1.3661507100008896,21.66783263714609,endurance,4000,-5,none,-1.0,-1,-1,mission_endurance_healthy,27.844085601330278,20.56963871364302
537,5055.723512543419,741.0366893172152,176.46324746848404,66.46485310205772,95.18029104392237,1.4328574424518763,21.38543827832745,endurance,4000,-5,none,-1.0,-1,-1,mission_endurance_healthy,27.889143028105885,20.62954952890957
538,5057.449316785399,734.5011796156141,174.70190080870094,66.10343502181526,94.78494283147762,1.338306848986388,21.645651428778304,endurance,4000,-5,none,-1.0,-1,-1,mission_endurance_healthy,27.78436589988835,19.771599761887
539,5062.650432675622,743.9189558293739,177.24688550178712,65.24086763306059,95.1617329478888,1.395484815929863,21.86259717562319,endurance,4000,-5,none,-1.0,-1,-1,mission_endurance_healthy,28.010939773098865,19.476912159310565
540,5056.117361461361,737.8237358800033,175.71620052688925,66.06190481965874,92.40996044276028,1.4334522473920353,21.57334457936249,endurance,4000,-5,none,-1.0,-1,-1,mission_endurance_healthy,27.838058169058474,20.220141709608377
541,5061.465542325988,739.1970458059019,176.1675268317974,65.51764934517384,94.60055444845956,1.3228218711019493,21.52660774266165,endurance,4000,-5,none,-1.0,-1,-1,mission_endurance_healthy,27.859183720225612,19.759026202280356
542,5060.40003813143,734.3967209407105,176.11351911786346,67.28196329863695,93.90490233505992,1.2175164318881713,21.79941530804537,endurance,4000,-5,none,-1.0,-1,-1,mission_endurance_healthy,27.808853233036523,20.06261333091104
543,5058.877026949164,737.9795810855211,174.22927025731008,66.24298709131595,95.37269753027216,1.4614140897031405,21.15696035973192,endurance,4000,-5,none,-1.0,-1,-1,mission_endurance_healthy,27.81520381540936,20.021419473370536
544,5059.296005356165,742.7859030507921,176.10379170710715,65.98936083195093,95.5702787986391,1.2031123538818382,21.39957902204916,endurance,4000,-5,none,-1.0,-1,-1,mission_endurance_healthy,27.8314554380775,19.849299313998454
545,5061.511424829453,739.3751904617161,173.12597906961176,66.3071126087218,95.22713357249334,1.3521916505299945,21.56846645864438,endurance,4000,-5,none,-1.0,-1,-1,mission_endurance_healthy,27.90572896037962,19.79735501317926
546,5062.813862596917,737.6498549369422,175.46057123896696,65.433459997916,95.93653102571776,1.3751670605246478,21.650137301471663,endurance,4000,-5,none,-1.0,-1,-1,mission_endurance_healthy,27.821002828348174,20.073615196509778
547,5061.766695691331,736.0096497998263,172.4692876816118,65.98943978436057,94.7286199290096,1.291090253199451,21.53096694710424,endurance,4000,-5,none,-1.0,-1,-1,mission_endurance_healthy,27.81230810672121,19.634963931561046
548,5064.644436949419,737.4365459855002,172.28701585266455,65.65061532711829,94.22428318825956,1.3264925696391348,21.47887301867349,endurance,4000,-5,none,-1.0,-1,-1,mission_endurance_healthy,27.77718140453225,19.73078144777911
549,5076.5997338907855,744.453574329941,175.53453544196404,66.224829626472,93.72090444571457,1.3374379349157337,22.18149984368772,endurance,4000,-5,none,-1.0,-1,-1,mission_endurance_healthy,27.733930976823352,20.233609141507245
550,5079.818809068357,740.8447198391998,176.39868180075567,65.39247904259432,94.71399478331482,1.215906057555987,22.179543236186955,endurance,4000,-5,none,-1.0,-1,-1,mission_endurance_healthy,27.712065410299285,19.994630232946765
551,5078.825561726462,738.005310188054,174.8039467366415,65.75379410171878,95.57951016304874,1.4774039461223665,21.716584476450997,endurance,4000,-5,none,-1.0,-1,-1,mission_endurance_healthy,27.792437810141656,19.699677418871413
552,5084.229293875324,745.5710899741916,175.60156885606082,65.70633113858655,96.54473120159696,1.2447185446550355,22.22986624641604,endurance,4000,-5,none,-1.0,-1,-1,mission_endurance_healthy,27.79939335141103,19.794506484975187
553,5088.325274159172,742.4544673328412,178.27950351537731,66.89164715443304,95.09738499729843,1.3411676656232276,21.97767735838852,endurance,4000,-5,none,-1.0,-1,-1,mission_endurance_healthy,27.694444640620127,20.05181264436999
554,5085.684166781681,747.4503005574317,175.73350815887983,66.25493911147072,95.32424136551856,1.3913038371491997,21.84944226232684,endurance,4000,-5,none,-1.0,-1,-1,mission_endurance_healthy,27.774065471060442,20.319675715147124
555,5091.203219208527,748.3618288592872,177.42804049632798,65.92518898559734,94.67843722469122,1.3562967460875002,22.031094424215805,endurance,4000,-5,none,-1.0,-1,-1,mission_endurance_healthy,27.73472387767779,20.150048921062353
556,5086.180162441305,743.1122978394866,177.01761306871097,64.51462690332188,94.3628778596603,1.394298156503938,22.022193126979623,endurance,4000,-5,none,-1.0,-1,-1,mission_endurance_healthy,27.752683033101352,19.508315937242454
557,5088.628358589021,739.2060193151611,175.39685972456476,64.53342812486564,96.73311534754072,1.1612916760002685,22.187154916122108,endurance,4000,-5,none,-1.0,-1,-1,mission_endurance_healthy,27.632782557208746,19.462000604658062
558,5096.605090936795,741.5444636829724,175.75028532938694,67.56112160983709,98.31405808771854,1.2132246339515291,22.57770252514701,endurance,4000,-5,none,-1.0,-1,-1,mission_endurance_healthy,27.587471375618353,19.70113133521283
559,5092.24846131625,745.8887663311828,178.56920870890823,66.52838097401829,95.91979163745016,1.2149063805940667,21.852646365037632,endurance,4000,-5,none,-1.0,-1,-1,mission_endurance_healthy,27.665471403715202,19.855790538296993
560,5090.842036866016,745.2321185152578,176.35178453170172,65.32502587657379,96.34140349270471,1.3571491226181376,21.76533144517465,endurance,4000,-5,none,-1.0,-1,-1,mission_endurance_healthy,27.756641285839844,19.895608425300434
561,5088.027494417065,742.1196428722125,176.7523934317418,66.9037222088722,95.46997393626005,1.3806186256598962,21.75813184967528,endurance,4000,-5,none,-1.0,-1,-1,mission_endurance_healthy,27.696973845195537,19.840027105462987
562,5093.844537690959,745.5559994184566,177.71345278504344,65.40382927884922,97.74039460005469,1.3948283731430922,21.36739064977336,endurance,4000,-5,none,-1.0,-1,-1,mission_endurance_healthy,27.76812179788634,20.552029328037083
563,5091.392270822903,743.0367499547423,176.85175451447137,65.508972193893,94.18513386772996,1.5642524273622913,21.876524273404105,endurance,4000,-5,none,-1.0,-1,-1,mission_endurance_healthy,27.707652793302714,19.88553490121369
564,5091.377197883139,737.4742352438462,173.26442252517404,65.9318070286264,96.86085737289078,1.3005554883598742,22.254665229324644,endurance,4000,-5,none,-1.0,-1,-1,mission_endurance_healthy,27.66333432233441,19.804186439867554
565,5093.343610120286,744.861736776289,178.31004403354717,65.28876823256053,95.77643685089603,1.408599059707211,22.0424390528354,endurance,4000,-5,none,-1.0,-1,-1,mission_endurance_healthy,27.686968105959814,19.913419197224083
566,5097.604792325993,743.1096584964189,177.7717208182749,66.378062352737,96.317934162206,1.234663248050862,21.997938120592785,endurance,4000,-5,none,-1.0,-1,-1,mission_endurance_healthy,27.672178149383612,19.612495525693586
567,5100.733411673376,744.0601031539657,176.79818889288734,65.97693883341434,97.05690298141788,1.5065921664849995,21.82799234703393,endurance,4000,-5,none,-1.0,-1,-1,mission_endurance_healthy,27.681448933604496,20.434887270068447
568,5097.170460399679,742.0370237184231,177.4686538318407,65.69451809545825,95.6286936691546,1.25503977813429,22.055061761679426,endurance,4000,-5,none,-1.0,-1,-1,mission_endurance_healthy,27.785872346817523,20.06301776454992
569,5089.311077216307,748.1120452261288,177.82346378709852,66.82337981867205,95.78047519561056,1.3259946459044252,22.173843110834905,endurance,4000,-5,none,-1.0,-1,-1,mission_endurance_healthy,27.701916122705985,19.8217176027986
570,5093.314925969169,743.5762296113675,178.7276274545452,65.31667817806866,95.78882531694026,1.372462071884408,22.06374493494842,endurance,4000,-5,none,-1.0,-1,-1,mission_endurance_healthy,27.741222310807053,20.197232230116203
571,5093.628790603183,739.4650117896805,176.57620416355215,66.1438932621136,96.9122810857056,1.498493159417407,21.855955178110666,endurance,4000,-5,none,-1.0,-1,-1,mission_endurance_healthy,27.767389328345512,20.28209323411756
572,5096.246707256084,742.9096135567544,175.03255948436433,65.6301991446317,95.58786326755762,1.3853713482612258,22.052184643846097,endurance,4000,-5,none,-1.0,-1,-1,mission_endurance_healthy,27.75977567383294,19.838861390137158
573,5093.8573657860325,749.1192601080035,177.73712781323368,66.77977317964543,95.59973771838312,1.446419133842896,21.956843974527004,endurance,4000,-5,none,-1.0,-1,-1,mission_endurance_healthy,27.769116519108117,20.067352107814592
574,5093.846658544309,741.9834239857205,173.642178103185,66.73847898416257,96.84912841568072,1.4614376200845596,22.2653078769836,endurance,4000,-5,none,-1.0,-1,-1,mission_endurance_healthy,27.80476905844923,20.00984231727372
575,5099.40568597825,740.8945080752005,179.91485130949175,67.02583786274788,95.70702325637885,1.285374817623384,22.235109167403028,endurance,4000,-5,none,-1.0,-1,-1,mission_endurance_healthy,27.785728406452698,19.99475701330418
576,5093.492045464707,743.6020267388794,176.27334037351403,66.22767206316571,95.17403804645338,1.4529204519156145,21.76239880599718,endurance,4000,-5,none,-1.0,-1,-1,mission_endurance_healthy,27.71450440913924,19.806894127901717
577,5092.692442363647,744.3517494967031,174.43438086288208,66.62353037229092,95.99539582040404,1.371279788734478,21.783009475153246,endurance,4000,-5,none,-1.0,-1,-1,mission_endurance_healthy,27.807960083300916,20.144649733015846
578,5086.45381277645,743.5760792464232,176.14487734700043,66.56803478588253,96.11704632899372,1.6962815504693791,21.974702168999947,endurance,4000,-5,none,-1.0,-1,-1,mission_endurance_healthy,27.841458614906145,19.90437154082311
579,5091.762419300235,741.1537146965763,174.59471379107936,65.3653448163152,97.66451911110808,1.4275344412208164,22.098072228648405,endurance,4000,-5,none,-1.0,-1,-1,mission_endurance_healthy,27.77360319782899,19.85027634389995
580,5092.433487473677,742.3621743341158,177.2937613655446,66.27119265480437,96.71771188633366,1.402543320902793,21.982891602391355,endurance,4000,-5,none,-1.0,-1,-1,mission_endurance_healthy,27.818974530420842,20.277337500743904
581,5088.586058800775,741.6886094138307,175.45080912902938,66.73272253784877,94.23124417910842,1.2611600927443811,21.668791210232925,endurance,4000,-5,none,-1.0,-1,-1,mission_endurance_healthy,27.829980756358193,19.5887883428039
582,5081.990359591904,744.1908825109177,176.30289636781785,64.61896985173247,95.53486512152584,1.3038547009844503,21.959083540470097,endurance,4000,-5,none,-1.0,-1,-1,mission_endurance_healthy,27.72820420603812,19.945735775567808
583,5082.354903797666,741.3301247603632,179.0894629785566,66.1034798239637,96.14649563066,1.08609713167058,21.702709320687767,endurance,4000,-5,none,-1.0,-1,-1,mission_endurance_healthy,27.73866606929898,19.80733612386727
584,5082.936089216685,743.665493101847,179.9660925643702,66.59148227948522,97.42541633462136,1.371789699792371,21.785251893826597,endurance,4000,-5,none,-1.0,-1,-1,mission_endurance_healthy,27.839134294875787,20.27152806141848
585,5082.251655189538,751.9383360086476,176.93202030632392,64.63282192497994,96.68171263939688,1.4235038712269672,21.31355780681061,endurance,4000,-5,none,-1.0,-1,-1,mission_endurance_healthy,27.747274074326093,20.107412478962704
586,5087.616872158865,743.3638418192982,175.67926302965165,66.55708924695242,96.08896917924304,1.086960081544723,21.77375267784701,endurance,4000,-5,none,-1.0,-1,-1,mission_endurance_healthy,27.789314310253033,19.347169974439048
587,5083.636803491896,742.7484035999886,177.10039158666982,65.6392709053977,95.47714241199724,1.4530898593658126,21.731123774316327,endurance,4000,-5,none,-1.0,-1,-1,mission_endurance_healthy,27.774499266199296,19.727886782486838
588,5086.735746492949,742.8931681994799,177.40683289095713,68.20681899272532,96.8583423286096,1.0916505975601034,21.86231105332145,endurance,4000,-5,none,-1.0,-1,-1,mission_endurance_healthy,27.799237152722405,20.11405228871978
589,5092.817922632104,739.8651542806957,173.4016013975217,65.39341471816381,96.48239189043262,1.3479474673697858,21.90807975303188,endurance,4000,-5,none,-1.0,-1,-1,mission_endurance_healthy,27.72128314360868,20.450564084985384
590,5090.48883170446,745.9711605923318,175.10268623048208,64.67871208713024,95.21942018569024,1.408275600772834,21.46582071515953,endurance,4000,-5,none,-1.0,-1,-1,mission_endurance_healthy,27.83402368110848,19.490427427335984
591,5093.988797220429,741.2747436345751,176.45471982738715,67.07305621797263,97.32189003771028,1.3513838603509405,21.89850028286321,endurance,4000,-5,none,-1.0,-1,-1,mission_endurance_healthy,27.767719163763722,19.70638935368165
592,5100.121982159117,749.7955282680193,179.34591633088488,66.26291586775744,94.67396966262648,1.383530125024277,21.993666384965632,endurance,4000,-5,none,-1.0,-1,-1,mission_endurance_healthy,27.677896206121723,19.93277291261254
593,5094.683704024665,741.8029635807071,178.1000683391607,66.46851941784227,95.61181526230096,1.4067718278752182,22.5790257657729,endurance,4000,-5,none,-1.0,-1,-1,mission_endurance_healthy,27.72877008337323,19.45633551140082
594,5092.186409346442,748.368000706651,178.84646126080645,64.97170406366793,94.55165980116348,1.2190899295500215,21.97120375959029,endurance,4000,-5,none,-1.0,-1,-1,mission_endurance_healthy,27.631824137643168,20.228157180201443
595,5087.150786124533,741.193997961921,174.7606669886411,66.31497021503577,94.97233769136066,1.3435966221499618,21.94736366557926,endurance,4000,-5,none,-1.0,-1,-1,mission_endurance_healthy,27.70710333140567,20.258812743039993
596,5089.24030936256,745.6089140279263,176.7081035701277,64.37374721672388,94.07400484240286,1.397833471564018,22.31112864798139,endurance,4000,-5,none,-1.0,-1,-1,mission_endurance_healthy,27.663954889264463,19.790961292329424
597,5096.7964029742825,743.0973282433151,176.40850983219815,66.88651802520717,97.59002567816135,1.084684276843059,22.011416694973903,endurance,4000,-5,none,-1.0,-1,-1,mission_endurance_healthy,27.670270676860113,20.326595185533908
598,5091.1789957710425,747.9356443683499,177.29895615604306,66.828156978781,95.42022362109738,1.228600252034966,21.813808552914768,endurance,4000,-5,none,-1.0,-1,-1,mission_endurance_healthy,27.82997441508097,19.984010675361233
599,5091.275207719359,749.3079779752804,179.41487113327284,65.71604801059158,94.69452271627,0.965160864936664,22.05529808543408,endurance,4000,-5,none,-1.0,-1,-1,mission_endurance_healthy,27.79197755332125,20.03581959217033
600,5102.0400424115405,744.4571185687155,178.6399676069991,65.60589287179045,96.31636219604157,1.4277413816062283,21.7736365352876,endurance,4000,-5,none,-1.0,-1,-1,mission_endurance_healthy,27.68029896506059,20.215860784669275
601,5099.590393885143,743.8348012000863,176.31137821087592,67.54968652905877,92.78091367395326,1.5008036417346629,22.04513557963292,endurance,4000,-5,none,-1.0,-1,-1,mission_endurance_healthy,27.751296313440914,19.754035932083482
602,5102.16625084529,743.6234691877879,177.92180235101253,67.12521622031996,95.31194072867316,1.3941592673886818,21.781910697714107,endurance,4000,-5,none,-1.0,-1,-1,mission_endurance_healthy,27.85498476736012,19.685578917206968
603,5104.585270846852,744.4929048685926,179.56776639907687,67.45342405846102,96.64749394754782,1.388128363852669,22.228332701474077,endurance,4000,-5,none,-1.0,-1,-1,mission_endurance_healthy,27.73487737127075,19.93929297714795
604,5102.60916693961,744.8809714337406,178.60217136819435,66.0364804073077,98.066566168361,1.2090694947939435,21.839352085454586,endurance,4000,-5,none,-1.0,-1,-1,mission_endurance_healthy,27.719704172934588,19.67884476182828
605,5106.296651744452,746.3388704411323,177.33134987431214,66.93125767269579,96.53331249935074,1.547465927803208,21.793646632782195,endurance,4000,-5,none,-1.0,-1,-1,mission_endurance_healthy,27.74672922040469,19.50857618748885
606,5107.830535860249,747.2601184830455,179.2800267380593,67.2932345029887,98.49660929142,1.4463197674897916,22.49325984754321,endurance,4000,-5,none,-1.0,-1,-1,mission_endurance_healthy,27.784803473556426,20.13905216288551
607,5107.467012519436,743.9840289045646,176.08001474623828,65.58265141407337,95.66725447922651,1.491069698822988,22.40396878108654,endurance,4000,-5,none,-1.0,-1,-1,mission_endurance_healthy,27.75879128595161,19.746926334900273
608,5106.406816791558,745.2851222149458,176.35504748235974,66.91813453915194,95.66795173756093,1.4602933583387132,21.887945831594013,endurance,4000,-5,none,-1.0,-1,-1,mission_endurance_healthy,27.725014051919857,20.356525521686834
609,5111.628839444616,745.0104114067057,178.88477752338892,66.43214427770755,94.95463297363789,1.221816602697807,21.89317895184428,endurance,4000,-5,none,-1.0,-1,-1,mission_endurance_healthy,27.73071365804445,19.736521474748777
610,5112.265853641991,743.9427983177596,178.104475829255,66.78808907270337,96.39356304026371,1.3903823709131518,22.501815986637315,endurance,4000,-5,none,-1.0,-1,-1,mission_endurance_healthy,27.65370575564369,20.41349347881997
611,5109.285183982312,749.098865270615,175.94124124914902,67.5903381364933,95.77768174128435,1.4299673915171178,22.631022805169323,endurance,4000,-5,none,-1.0,-1,-1,mission_endurance_healthy,27.679400453189036,19.610964215594638
612,5107.285559034757,743.6248630903744,177.61393702680837,66.4267407170215,96.15063320065454,1.4928170838230774,21.959098478139666,endurance,4000,-5,none,-1.0,-1,-1,mission_endurance_healthy,27.8126566746814,20.12125101473844
613,5108.538894772897,744.6967592530735,177.9260705856589,66.70031331545626,97.43078796485068,1.3976253309286724,22.206772387128968,endurance,4000,-5,none,-1.0,-1,-1,mission_endurance_healthy,27.739419994448564,19.494437983084875
614,5110.31689436465,744.9249223824393,173.94929859979092,67.00946742658655,96.95960092066989,1.2886768049713329,21.99647013393288,endurance,4000,-5,none,-1.0,-1,-1,mission_endurance_healthy,27.753507225612697,19.770480549831017
615,5104.701652793351,744.0677544692121,178.4905657650324,66.87741059395759,96.27361857271714,1.5122140106100768,22.319499918620387,endurance,4000,-5,none,-1.0,-1,-1,mission_endurance_healthy,27.85496578852803,20.22506428995557
616,5108.32389036411,743.0541958512476,176.38632368207962,66.85988752228023,96.60965734695957,1.2887778573411834,22.04731200079045,endurance,4000,-5,none,-1.0,-1,-1,mission_endurance_healthy,27.80345849450346,19.71652408954277
617,5103.503793401385,744.269350483206,174.06812165183132,67.68170037809567,94.78908100889753,1.488588546632165,21.588177446228016,endurance,4000,-5,none,-1.0,-1,-1,mission_endurance_healthy,27.856469433613068,19.88878448880241
618,5096.253576327041,750.764178309331,176.02711512975034,67.58987758089903,95.85323286233373,1.361771448620524,22.276480452427727,endurance,4000,-5,none,-1.0,-1,-1,mission_endurance_healthy,27.736541422978476,19.74079553272873
619,5094.945637427616,741.0750495336355,176.7710889547622,65.69848996610685,96.93864904980563,1.4848878629087772,22.289049239361155,endurance,4000,-5,none,-1.0,-1,-1,mission_endurance_healthy,27.72760827459828,19.76264824544521
620,5096.303372927548,741.0197775419654,178.77385763243674,67.13284808015072,95.30997142802138,1.3397803178315322,21.938943962664503,endurance,4000,-5,none,-1.0,-1,-1,mission_endurance_healthy,27.827943649282183,19.757012747852453
621,5100.198846491369,746.5106123766074,175.2907316457555,65.52385454647332,96.33484234631976,1.2510196855090976,21.996252815152555,endurance,4000,-5,none,-1.0,-1,-1,mission_endurance_healthy,27.88368625595495,20.04747126760564
622,5095.6031390805865,738.6339107244181,175.00826732456676,66.9250521732664,95.52400887915536,1.4166755786348564,21.900983522136023,endurance,4000,-5,none,-1.0,-1,-1,mission_endurance_healthy,27.77712116553001,19.75076445074945
623,5094.144323222624,744.3856318816792,177.4505187682325,65.7257712079598,95.42259776445891,1.4074158161392636,22.01557092619024,endurance,4000,-5,none,-1.0,-1,-1,mission_endurance_healthy,27.834229888129524,20.22452095127503
624,5098.324782567707,740.9708258994001,174.40561249418258,67.52784858022666,94.23690870300996,1.4585560943030398,21.87694882333557,endurance,4000,-5,none,-1.0,-1,-1,mission_endurance_healthy,27.844010304699214,20.032386037335055
625,5098.1544599087065,740.2404738748179,180.54362468579416,65.65530893955803,94.43740595113556,1.5416683996579232,21.780811095660216,endurance,4000,-5,none,-1.0,-1,-1,mission_endurance_healthy,27.729006070504877,20.369895798691605
626,5102.743904301354,738.9487531802198,176.26398217864548,66.96277517230268,95.90253940016706,1.3395671957436928,22.27125022363837,endurance,4000,-5,none,-1.0,-1,-1,mission_endurance_healthy,27.716146946208934,20.591673461182513
627,5105.412347838096,746.5660678161623,178.3210107551612,66.20331810438157,95.4144700783096,1.4687953319099112,22.26482809880157,endurance,4000,-5,none,-1.0,-1,-1,mission_endurance_healthy,27.840485020910428,20.49973852085827
628,5099.452443759949,739.8425680031662,176.80143059883576,65.79534419207178,94.3379348354129,1.3801392047290095,21.73202308739542,endurance,4000,-5,none,-1.0,-1,-1,mission_endurance_healthy,27.795744143417014,19.581466513462495
629,5096.251089039862,743.7817609755472,178.17079681855668,66.9004223581126,97.17365120131666,1.4019570982034142,22.412924967954705,endurance,4000,-5,none,-1.0,-1,-1,mission_endurance_healthy,27.844948217160102,19.66841122648043
630,5099.863380699399,742.4529093560019,176.66366773569143,65.96584490597103,95.93100859954056,1.5473481878740392,21.873426797716363,endurance,4000,-5,none,-1.0,-1,-1,mission_endurance_healthy,27.86682205210821,20.14122363270544
631,5090.213261769156,745.1632013214121,175.9592635836581,67.42303494704774,94.75312314773213,1.3745961452369473,22.03843157393372,endurance,4000,-5,none,-1.0,-1,-1,mission_endurance_healthy,27.79377831037445,19.941959342944198
632,5093.637941160674,741.4987410298619,176.10439979499628,65.70792463429106,95.95956891980909,1.515409490181858,22.11563583432105,endurance,4000,-5,none,-1.0,-1,-1,mission_endurance_healthy,27.732607332381907,19.814112280663185
633,5093.040127616528,748.7596496452719,179.40107618077698,68.67150137527895,96.50400883202072,1.2459994408240678,22.22639800971436,endurance,4000,-5,none,-1.0,-1,-1,mission_endurance_healthy,27.753103969806673,20.007626941390914
634,5089.552458340157,745.2659610126882,177.5181157296609,66.84061643116465,95.09738893549408,1.461792391034974,21.86131148144253,endurance,4000,-5,none,-1.0,-1,-1,mission_endurance_healthy,27.89971123376599,20.258786075722185
635,5098.703272453647,748.3031790581601,176.62610196896898,67.08618167184855,96.09483904169775,1.3850382452283132,22.11020538617537,endurance,4000,-5,none,-1.0,-1,-1,mission_endurance_healthy,27.755920746647387,19.785987486821593
636,5095.208430574339,739.3014027074672,177.01619502196965,67.62342602494533,98.46248322191704,1.3806134003772168,22.13316894101329,endurance,4000,-5,none,-1.0,-1,-1,mission_endurance_healthy,27.784359737573954,20.15234702999227
637,5092.668049983855,744.3320534746555,178.5160859018333,66.00595969295979,95.55671660703575,1.5106410705836055,21.46090964665528,endurance,4000,-5,none,-1.0,-1,-1,mission_endurance_healthy,27.72451454376276,20.190340016302144
638,5091.491922321135,746.7877147962167,178.5189493203653,66.44224455948608,94.5650022473126,1.2994344601463117,21.888905965632265,endurance,4000,-5,none,-1.0,-1,-1,mission_endurance_healthy,27.739044349344923,19.66847728682255
639,5090.259063650577,745.0054706612399,175.8067743149219,67.1673498677819,94.60790672061124,1.4429386602007224,21.6453761713624,endurance,4000,-5,none,-1.0,-1,-1,mission_endurance_healthy,27.754493639939998,19.125811020370858
640,5092.481746535242,738.7228278342811,174.77434743376472,66.60838783241125,95.28510075799342,1.3678217966717146,21.92867634327249,endurance,4000,-5,none,-1.0,-1,-1,mission_endurance_healthy,27.620435641940645,20.68754697775327
641,5094.17508478386,738.47775680132,178.0988051596744,68.4566317881426,96.34216754548824,1.1287839939894997,22.03278423111513,endurance,4000,-5,none,-1.0,-1,-1,mission_endurance_healthy,27.605946162844358,20.047097085815967
642,5084.627412026166,739.4141966522258,177.58667034178126,65.97918301981092,96.15439599617616,1.4672245759901112,22.120801971719143,endurance,4000,-5,none,-1.0,-1,-1,mission_endurance_healthy,27.689850446849082,19.704549494267415
643,5089.371152786029,740.0470582617141,177.71854882536493,67.14959157410759,95.71452348384209,1.2465619731569026,21.924303519510563,endurance,4000,-5,none,-1.0,-1,-1,mission_endurance_healthy,27.66393033582898,20.149292530885408
644,5093.78352450668,745.7338363182351,179.03671776536035,66.5206014743366,99.97321635622949,1.3791033701047857,21.914782025185414,endurance,4000,-5,none,-1.0,-1,-1,mission_endurance_healthy,27.570042690570283,19.788544847253053
645,5097.588137380817,744.5588237722336,175.7352712990058,65.77706872687119,95.64602922472795,1.4685233212196336,21.93580214640415,endurance,4000,-5,none,-1.0,-1,-1,mission_endurance_healthy,27.68837620696196,20.394433801275895
646,5099.617727137717,738.4966344903308,177.26764550263005,65.95824932605638,95.48907184218548,1.3438758057783158,22.49670418540032,endurance,4000,-5,none,-1.0,-1,-1,mission_endurance_healthy,27.730124232285217,19.59847048095751
647,5093.551146244179,744.1585939652389,177.3627530764496,65.49718393196657,96.1788270496308,1.353594192625571,21.938258705982225,endurance,4000,-5,none,-1.0,-1,-1,mission_endurance_healthy,27.6561218632345,19.814682410556905
648,5096.657783262191,744.7568939314627,177.23954322840265,66.10075858624863,96.18205683160336,1.2168576340416406,21.686842960939902,endurance,4000,-5,none,-1.0,-1,-1,mission_endurance_healthy,27.626943643303413,20.269383879444163
649,5094.882289915086,744.9821312707193,175.38511655805604,65.84776747077942,96.07846401717178,1.4088484459505433,22.025158922384005,endurance,4000,-5,none,-1.0,-1,-1,mission_endurance_healthy,27.68206761855752,19.967248081279276
650,5090.639937242301,741.4592000002947,178.6720527162784,66.53483476290516,95.06425544180398,1.6242561701658098,21.81906020010342,endurance,4000,-5,none,-1.0,-1,-1,mission_endurance_healthy,27.67105235126906,19.942970675826746
651,5090.87103643908,739.5023011016843,178.37955547333604,67.07691006524978,95.70627965708664,1.421344572485984,21.59343895958684,endurance,4000,-5,none,-1.0,-1,-1,mission_endurance_healthy,27.661909756270436,19.611069732968662
652,5093.580878557112,739.1016301609701,177.687381882503,65.23375472714162,96.25354628922432,1.320983472900989,21.83009181500645,endurance,4000,-5,none,-1.0,-1,-1,mission_endurance_healthy,27.586298465354655,20.131561050069095
653,5089.606507044665,743.4003618535005,177.4249782258007,65.61217130344264,94.00936855607888,1.213982074097702,22.04267056057204,endurance,4000,-5,none,-1.0,-1,-1,mission_endurance_healthy,27.664816993332444,20.056294161140276
654,5085.365130170068,736.7701962907455,176.69395440922978,64.92396289095585,98.168913070288,1.1873363290193697,21.93067607370913,endurance,4000,-5,none,-1.0,-1,-1,mission_endurance_healthy,27.65525137311569,19.90259285093551
655,5087.803769404039,738.985454498468,174.33004240385768,66.01852528733262,94.71550416143026,1.3658412358294147,21.841257586763422,endurance,4000,-5,none,-1.0,-1,-1,mission_endurance_healthy,27.604358297654585,20.407766508867866
656,5091.99271944655,746.0389556416754,176.0826316641714,66.60059827237846,97.85386171883052,1.414245512354271,21.833208961731,endurance,4000,-5,none,-1.0,-1,-1,mission_endurance_healthy,27.60654475399085,19.89009452958984
657,5089.824145062083,745.9261970044934,174.8498182648256,65.694052318318,96.11087991484403,1.3631518825603133,21.825646096079733,endurance,4000,-5,none,-1.0,-1,-1,mission_endurance_healthy,27.617809625460396,20.317784772792997
658,5090.697614571104,744.6873860289661,178.16620566004227,65.01948152793605,95.269280007259,1.5791362116274037,22.266935427421835,endurance,4000,-5,none,-1.0,-1,-1,mission_endurance_healthy,27.686589795333255,20.129977089594682
659,5090.759226689401,740.7644648648942,175.15607960047163,66.50713675534581,95.4238151621956,1.4977569012063237,22.19278395306519,endurance,4000,-5,none,-1.0,-1,-1,mission_endurance_healthy,27.588661557487743,20.008528410515627
660,5096.161796353248,747.5097934726799,175.5088323803808,66.57477604323597,94.84818182486327,1.2020703168017488,21.942576658571443,endurance,4000,-5,none,-1.0,-1,-1,mission_endurance_healthy,27.59784171473396,20.099930674221515
661,5097.32161023121,737.5182105447748,179.1083559412723,64.69268435043216,96.0510701451989,1.4394480035705706,21.937204569733,endurance,4000,-5,none,-1.0,-1,-1,mission_endurance_healthy,27.429117572646764,20.321475859027206
662,5090.093326218557,738.873257181404,175.78908065720682,65.38343687075074,95.70316202538147,1.2922308722438405,21.88833294255255,endurance,4000,-5,none,-1.0,-1,-1,mission_endurance_healthy,27.44636568297627,20.047020784820898
663,5086.7501035835,741.2526557819041,178.14692118503876,67.38722850533262,95.07829012569438,1.2719871910921376,21.88698840223709,endurance,4000,-5,none,-1.0,-1,-1,mission_endurance_healthy,27.449566806870912,20.398380777908656
664,5091.719744012527,744.4030543184427,175.28205262011716,66.74487934323241,95.05001646048542,1.3585015364820594,22.26721758779817,endurance,4000,-5,none,-1.0,-1,-1,mission_endurance_healthy,27.49549460279067,20.713804089013262
665,5097.196608780692,738.704217835301,179.81551457948785,66.02306730277702,94.71880100895784,1.466349076600632,22.237005574858397,endurance,4000,-5,none,-1.0,-1,-1,mission_endurance_healthy,27.504195203094284,20.120419763065943
666,5102.518796451221,746.5802681118738,178.83427248067903,65.73380188434282,96.04923200014828,1.3303460000635343,21.98040603944549,endurance,4000,-5,none,-1.0,-1,-1,mission_endurance_healthy,27.439743560931873,20.370329567243832
667,5101.67999281713,743.0707992238082,175.9292975386683,65.1458057039789,94.5485536064676,1.2782116065589466,21.837465571568742,endurance,4000,-5,none,-1.0,-1,-1,mission_endurance_healthy,27.60997135121198,20.120184123148803
668,5098.152112219818,742.7935704708474,173.56434006923448,65.58682316515986,97.73706480346924,1.2949473399906133,21.7863166622376,endurance,4000,-5,none,-1.0,-1,-1,mission_endurance_healthy,27.580928427078355,20.227406949583973
669,5101.049922243173,741.9779931821602,178.8612975572214,65.83311556822787,95.81954490947336,1.2871799795692729,22.103641068569488,endurance,4000,-5,none,-1.0,-1,-1,mission_endurance_healthy,27.496342172343862,19.831537466568715
670,5100.569546753993,747.7614502275746,177.4529161127405,66.86474462247433,96.10077034456498,1.2877797352922995,22.015327443342144,endurance,4000,-5,none,-1.0,-1,-1,mission_endurance_healthy,27.561292856049022,19.66372245217738
671,5099.594845061163,741.0046573745508,175.05263251598504,66.06427087043795,97.11224362424647,1.3650308170483552,21.753953126910407,endurance,4000,-5,none,-1.0,-1,-1,mission_endurance_healthy,27.63242175009502,20.30973745105647
672,5096.86025147909,738.2965903615046,179.58737783352936,66.2579885837939,96.5469314219581,1.307112876271901,21.853610389088185,endurance,4000,-5,none,-1.0,-1,-1,mission_endurance_healthy,27.51944374171248,19.975538018857335
673,5098.248899605427,744.6651750391432,176.92348952832225,68.01021761861116,94.77587322693496,1.5712608997843738,22.283874232591927,endurance,4000,-5,none,-1.0,-1,-1,mission_endurance_healthy,27.658362041011273,19.7730423129822
674,5094.662943043156,745.1595147651409,177.65911023375432,66.74287203728242,94.73709346297504,1.4614434920148875,21.738725777247943,endurance,4000,-5,none,-1.0,-1,-1,mission_endurance_healthy,27.68263803374737,20.00053076529441
675,5093.052085203341,743.5994161873134,179.26704356902965,65.72299018364846,95.71792009869876,1.2286656122897237,21.985508136327965,endurance,4000,-5,none,-1.0,-1,-1,mission_endurance_healthy,27.646567422971685,20.227695454517374
676,5100.943506350484,735.9049376898545,181.49588878720755,67.2771797923903,96.4938134537396,1.4235235392311407,22.007657410487163,endurance,4000,-5,none,-1.0,-1,-1,mission_endurance_healthy,27.55793547215381,20.115402996559073
677,5100.626899194919,745.464720031653,174.1569883923856,66.93527846139575,96.71161491972111,1.4968729126070022,22.21880519325291,endurance,4000,-5,none,-1.0,-1,-1,mission_endurance_healthy,27.588365336952744,19.61988851436385
678,5105.616712409233,742.8777227200753,179.84844981772716,67.2004348955939,94.75194109927426,1.2439336983670557,21.958804117420648,endurance,4000,-5,none,-1.0,-1,-1,mission_endurance_healthy,27.523253050588753,19.918108464564863
679,5106.513895364409,741.080928811846,176.37069579844913,66.34604006534842,94.85731893234296,1.3152935412150015,22.070480044705818,endurance,4000,-5,none,-1.0,-1,-1,mission_endurance_healthy,27.51954465846375,19.83451476479896
680,5108.201126382218,746.884020656391,178.88774687674203,67.08484547621961,94.36665093299574,1.3909486241620603,21.67543302379429,endurance,4000,-5,none,-1.0,-1,-1,mission_endurance_healthy,27.608760831883746,19.854951718751675
681,5108.948977680533,749.1843687685463,175.02680339591478,66.49108228213143,96.46056096177526,1.3470861224522266,22.487463636463985,endurance,4000,-5,none,-1.0,-1,-1,mission_endurance_healthy,27.531715663487233,19.892643828897846
682,5117.9428903210655,742.489222735265,175.35060450264348,65.91691277124315,95.97592786724437,1.3517085503070705,22.143502681763817,endurance,4000,-5,none,-1.0,-1,-1,mission_endurance_healthy,27.460831408656652,20.65765024988497
683,5119.458421885085,745.9259076401548,176.90312039994478,67.38028701195022,96.834629370258,1.5043850226099624,22.272994783667357,endurance,4000,-5,none,-1.0,-1,-1,mission_endurance_healthy,27.578185576749025,19.72518047270514
684,5120.597206981102,743.4922538727025,176.8999158510917,66.05101404439742,96.66617575481143,1.379798460116872,22.36790333942685,endurance,4000,-5,none,-1.0,-1,-1,mission_endurance_healthy,27.603469164874763,20.507091969180962
685,5121.312788294389,746.6682577892761,176.2257976529861,67.47070703135411,96.28674989407862,1.470618859569676,22.05762670009413,endurance,4000,-5,none,-1.0,-1,-1,mission_endurance_healthy,27.571846818380724,20.056374705355502
686,5119.354882489068,745.7026327252568,177.91139895170878,66.82237063088,95.63024692407448,1.3061153344987282,22.812286424940595,endurance,4000,-5,none,-1.0,-1,-1,mission_endurance_healthy,27.61063438439743,20.23571395568854
687,5124.1795634564205,748.8607256479247,177.7812236887326,65.86159930306206,96.11467951743496,1.369436324513166,22.59562911531699,endurance,4000,-5,none,-1.0,-1,-1,mission_endurance_healthy,27.552825632726332,20.041895897022883
688,5120.945645735727,744.8086921971671,177.80102501679576,68.06972074808509,94.367643248465,1.4231377272795525,22.503846773235374,endurance,4000,-5,none,-1.0,-1,-1,mission_endurance_healthy,27.488467111094987,20.18342959937736
689,5114.834394792276,740.8097642911488,178.7642705106307,66.04744798508551,96.46672654461366,1.494471582282039,22.01134711308185,endurance,4000,-5,none,-1.0,-1,-1,mission_endurance_healthy,27.518340043142373,19.576432101142114
690,5115.889834096752,747.0926931943696,178.48809653497017,65.93176656948914,94.2106071815261,1.354084501559605,22.15404945149651,endurance,4000,-5,none,-1.0,-1,-1,mission_endurance_healthy,27.682378818370154,19.86943973909337
691,5117.731323462059,746.7914340154855,176.99602009866535,65.80547041430601,95.7283560254286,1.2479232726991154,22.382922588692196,endurance,4000,-5,none,-1.0,-1,-1,mission_endurance_healthy,27.543191338776836,19.424170314603106
692,5112.975734665236,749.3379192416038,176.99926374142387,66.98991370671303,96.3433158053488,1.4653042841018502,22.12285991916875,endurance,4000,-5,none,-1.0,-1,-1,mission_endurance_healthy,27.602115278112137,20.093460759124618
693,5114.098406752464,741.7012825804582,178.253132763631,66.06069320270988,96.44847904950868,1.4678533623727037,22.658232917991185,endurance,4000,-5,none,-1.0,-1,-1,mission_endurance_healthy,27.62428262319273,20.553589656491138
694,5114.060708904514,745.6446974329464,178.9348937929126,67.94051226722209,95.70091702673004,1.6298652576097858,22.52865680043644,endurance,4000,-5,none,-1.0,-1,-1,mission_endurance_healthy,27.64358854698935,19.565032241826657
695,5107.608392710279,750.300361146292,175.533934778257,66.13532703543888,95.39195425779248,1.4843424850838758,22.395681532584035,endurance,4000,-5,none,-1.0,-1,-1,mission_endurance_healthy,27.520982360184735,19.80325375351208
696,5099.066891528825,743.0935589051859,174.29804748014743,66.05512870851459,95.29628276004314,1.485458024307647,21.933172913277733,endurance,4000,-5,none,-1.0,-1,-1,mission_endurance_healthy,27.468604530317467,19.840633229583364
697,5100.463270427378,746.6536730256073,179.0696810091737,66.86725904755252,94.17799697674688,1.463003484698754,21.994500560761885,endurance,4000,-5,none,-1.0,-1,-1,mission_endurance_healthy,27.442778569313308,19.81398263828567
698,5100.472646624206,745.1630553043335,175.36672156187572,66.89276424547822,96.3786160786508,1.5853869875228608,22.532231401458983,endurance,4000,-5,none,-1.0,-1,-1,mission_endurance_healthy,27.509569786031133,19.730804821870297
699,5103.8344798094695,746.2191652323482,174.16364138632107,66.74420093431766,95.32915294668356,1.3456196872301498,22.381196088561158,endurance,4000,-5,none,-1.0,-1,-1,mission_endurance_healthy,27.52241133616544,19.72392281846244
700,5098.431060305972,741.416857374026,177.99668523459042,67.62409807385939,95.17184291420767,1.3355775735511102,21.5925166186628,endurance,4000,-5,none,-1.0,-1,-1,mission_endurance_healthy,27.516736976826206,19.853088387032916
701,5103.161104816296,740.6237227652713,177.5258286376627,65.95141379512673,95.66904759377351,1.3884817846888675,21.94425151984585,endurance,4000,-5,none,-1.0,-1,-1,mission_endurance_healthy,27.445219835587785,19.62053261067566
702,5103.627074105179,739.6752461968792,175.35073872005665,65.88402669149743,94.08173184653782,1.339298867422111,22.268988394528385,endurance,4000,-5,none,-1.0,-1,-1,mission_endurance_healthy,27.4098932262876,20.17484873264621
703,5105.443316428574,741.861337356127,176.8286093738108,67.05296142174639,95.48608735127284,1.237415020874631,22.37239315028128,endurance,4000,-5,none,-1.0,-1,-1,mission_endurance_healthy,27.491137790021817,19.6944990546707
704,5113.254427723368,747.0031211033249,179.2215343323254,66.69699333338522,96.34682414278612,1.3612893713726313,22.13678057326624,endurance,4000,-5,none,-1.0,-1,-1,mission_endurance_healthy,27.447885002247023,19.864042591591463
705,5113.166258716861,749.3505311983821,177.2798064324515,68.46121303863274,96.36003199276072,1.5254735049316075,22.04188968644287,endurance,4000,-5,none,-1.0,-1,-1,mission_endurance_healthy,27.354928265211647,19.952319600516393
706,5112.473632717209,743.3748408279049,178.18794867142162,66.78301601953524,96.76867449642354,1.4775814054404246,21.844122117172777,endurance,4000,-5,none,-1.0,-1,-1,mission_endurance_healthy,27.427988115194132,19.58804276118029
707,5110.75710099115,745.9177300106261,176.65129316324652,67.41055602931456,95.02486700241084,1.378998453072792,22.00433933082666,endurance,4000,-5,none,-1.0,-1,-1,mission_endurance_healthy,27.340506086387542,19.462401936811656
708,5104.961094399188,747.040576682895,177.8197137332912,65.72098134404742,95.40393021259416,1.4315342719161717,21.9448127086111,endurance,4000,-5,none,-1.0,-1,-1,mission_endurance_healthy,27.399967381927596,20.28078565072368
709,5104.60813608026,739.1092457171918,176.70740377191777,65.99109969547618,95.38243528614768,1.46233863004304,22.20153199609969,endurance,4000,-5,none,-1.0,-1,-1,mission_endurance_healthy,27.43531742914595,19.877330323983173
710,5098.71192789294,742.8276877031104,177.43338119288148,66.99024269005916,95.02622221426066,1.4074805719702537,22.23781727668962,endurance,4000,-5,none,-1.0,-1,-1,mission_endurance_healthy,27.47903119454783,19.91715413540494
711,5094.400685537803,747.0816104261855,175.9731907631518,66.94392199764468,96.03288118155773,1.374221241837788,21.80472485921704,endurance,4000,-5,none,-1.0,-1,-1,mission_endurance_healthy,27.452558983774143,19.982415530427335
712,5087.13750298153,743.6495351228951,179.08719094381948,65.91143347516616,94.75621216518728,1.3830033829948634,22.12432374092904,endurance,4000,-5,none,-1.0,-1,-1,mission_endurance_healthy,27.47806947349461,20.551912311326333
713,5090.259438868553,742.8344733995677,177.32051252642873,66.5510522879613,94.72096054639728,1.360377026197754,22.00158704075855,endurance,4000,-5,none,-1.0,-1,-1,mission_endurance_healthy,27.47773456411479,20.120278819695162
714,5089.824592909524,743.5244275656185,177.65914773739024,65.5509628229445,96.85627330434524,1.0980783376576473,22.054921306163006,endurance,4000,-5,none,-1.0,-1,-1,mission_endurance_healthy,27.54779097676691,19.910486734778083
715,5094.728707956535,742.929982034167,175.2729860430067,65.68708066718068,95.33375022069906,1.2169198013926987,22.057645368284888,endurance,4000,-5,none,-1.0,-1,-1,mission_endurance_healthy,27.525209874022373,20.433893006711795
716,5092.450431506937,746.9218972785745,177.03591154234763,67.7418942415527,95.08559151673732,1.5161737201454304,22.0275711169258,endurance,4000,-5,none,-1.0,-1,-1,mission_endurance_healthy,27.523789017651303,19.970561424330533
717,5090.887529811659,744.2439796473157,176.27751777641413,67.33953164139079,94.63220387963906,1.06654760484574,21.78250576104289,endurance,4000,-5,none,-1.0,-1,-1,mission_endurance_healthy,27.523652169507383,20.053220137271158
718,5088.028959540001,741.8175298430353,178.59395090933543,66.59085980460303,96.1999138485106,1.3800400871851524,22.096524816688657,endurance,4000,-5,none,-1.0,-1,-1,mission_endurance_healthy,27.545486995134894,19.64434311851339
719,5084.219949380639,745.5571471197063,176.80387304072107,65.55750573895314,94.66504373637524,1.3402816859513258,22.071749995828192,endurance,4000,-5,none,-1.0,-1,-1,mission_endurance_healthy,27.500667437461257,20.184857997614326
720,5091.212245437204,746.7374680700632,177.60111504537434,65.56005279686508,96.85616554306796,1.2793968500256514,22.18603297885906,endurance,4000,-5,none,-1.0,-1,-1,mission_endurance_healthy,27.56699234976521,20.234930309679584
721,5079.924169052073,742.6422885381653,176.53930491035212,67.27381041156202,96.37500643536887,1.3722818268867605,21.956129557056343,endurance,4000,-5,none,-1.0,-1,-1,mission_endurance_healthy,27.453078711955026,19.702066030343396
722,5085.050495244989,743.9837543808693,172.31000665549547,66.43111216619694,95.03419747290856,1.4891841227796403,22.130145288513248,endurance,4000,-5,none,-1.0,-1,-1,mission_endurance_healthy,27.484441519002434,19.58662509722412
723,5089.772730727448,741.5398559225134,177.01483705166348,66.98112375505315,95.25251489452222,1.4444071149712123,22.078635812405288,endurance,4000,-5,none,-1.0,-1,-1,mission_endurance_healthy,27.509305899314757,19.65922184953416
724,5087.946153640045,741.1621369852837,179.0127914139837,66.1135687981918,96.1881655423791,1.3838584733879884,21.90319264773266,endurance,4000,-5,none,-1.0,-1,-1,mission_endurance_healthy,27.539892642309574,20.45436115426543
725,5088.523127037541,744.5183731023699,175.4214297835341,67.28202803539196,95.31656632219988,1.2605159445103984,21.651390319693864,endurance,4000,-5,none,-1.0,-1,-1,mission_endurance_healthy,27.559222611616388,19.993751630727406
726,5094.823469894939,746.2891766625984,177.00270189477814,66.20887003382545,95.8976541513097,1.14816919181849,22.21016942592133,endurance,4000,-5,none,-1.0,-1,-1,mission_endurance_healthy,27.71571792849887,19.819196049657496
727,5094.869361498776,739.2206882677583,177.22557359486862,66.3030653504306,94.81740872950456,1.4456586847717785,21.7125310413452,endurance,4000,-5,none,-1.0,-1,-1,mission_endurance_healthy,27.608450495716095,20.22451530517465
728,5086.586457082388,742.9344814838283,175.96498652026256,67.03686626491871,93.8647155187146,1.3326619795582997,21.798861897522624,endurance,4000,-5,none,-1.0,-1,-1,mission_endurance_healthy,27.598248090283178,20.118354512001027
729,5083.781600356478,740.4829364715537,177.99779125606665,66.86263566746453,96.51892294075216,1.5765800945001938,21.86385608682226,endurance,4000,-5,none,-1.0,-1,-1,mission_endurance_healthy,27.502422617078032,19.972374063883525
730,5088.963639947692,740.2823231097987,177.32044280917864,64.65089208417774,94.72558475322096,1.4563968962323597,22.194046174169365,endurance,4000,-5,none,-1.0,-1,-1,mission_endurance_healthy,27.526067583052964,20.167748974796417
731,5085.054982121035,738.3967739770858,178.44934597648376,64.86618368563092,95.91676447996984,1.2277499897994968,22.12516878477659,endurance,4000,-5,none,-1.0,-1,-1,mission_endurance_healthy,27.56108088111723,19.775928206812793
732,5089.994040828562,738.6902953287923,174.8473346665598,66.6864236971121,97.337932608766,1.3514839230796578,22.04119308265353,endurance,4000,-5,none,-1.0,-1,-1,mission_endurance_healthy,27.51798525348797,19.8710958966347
733,5088.255871320276,739.0738545371478,176.6838461833864,66.99559158863961,94.51191115633448,1.3024725590438886,22.006816163238597,endurance,4000,-5,none,-1.0,-1,-1,mission_endurance_healthy,27.510285109772074,19.7878418738518
734,5091.215255937524,743.281225165706,179.7013055259753,67.71067940474015,95.6174731957798,1.4836782296437503,22.17794114259637,endurance,4000,-5,none,-1.0,-1,-1,mission_endurance_healthy,27.41978109624361,20.27178378348894
735,5089.127589948721,743.72395369337,174.6813250951505,66.44876364404381,93.95264353725236,1.4372661265880302,22.02789076822692,endurance,4000,-5,none,-1.0,-1,-1,mission_endurance_healthy,27.442467775148423,20.29043089800656
736,5086.374220283356,744.6978965168863,176.5335963760952,65.30831808892833,95.69937592080292,1.316891178979134,21.924699362477835,endurance,4000,-5,none,-1.0,-1,-1,mission_endurance_healthy,27.603753112310084,20.041578077181555
737,5085.094519769498,740.1218482095636,176.72062202831597,65.81650598466072,95.38969104450494,1.271401161829858,22.218855272440468,endurance,4000,-5,none,-1.0,-1,-1,mission_endurance_healthy,27.51478180464994,19.858216055837453
738,5076.5198550336445,737.4323219219388,176.03793147612902,66.44027514427987,96.57771777778191,1.3058658249399646,21.646563190536163,endurance,4000,-5,none,-1.0,-1,-1,mission_endurance_healthy,27.549776843265864,19.692704707748458
739,5078.872372679753,740.5034316350192,178.13592693318589,66.2917903831808,96.20394201651732,1.0587732192162724,22.04958276271403,endurance,4000,-5,none,-1.0,-1,-1,mission_endurance_healthy,27.59265695373647,19.71222948438165
740,5070.172961062591,750.3076310777058,174.7087577171403,66.37375807792007,95.30595845960006,1.3779012041264438,21.392287783162004,endurance,4000,-5,none,-1.0,-1,-1,mission_endurance_healthy,27.584239505118717,19.806089948781363
741,5069.910043623918,738.9208712280443,174.20467667279354,67.44460321384238,95.22015236711697,1.15073480789362,22.014671456424733,endurance,4000,-5,none,-1.0,-1,-1,mission_endurance_healthy,27.604949663977436,20.0528568058672
742,5065.432832922232,736.16308691615,178.3804721228705,64.38534109652426,97.75830113559662,1.3225381346231877,21.54143555682606,endurance,4000,-5,none,-1.0,-1,-1,mission_endurance_healthy,27.665258845709936,19.59429789975387
743,5066.857056960719,735.0391054912284,176.5371656928304,66.58714664279965,95.06512628100364,1.3717529862294466,21.88474937327632,endurance,4000,-5,none,-1.0,-1,-1,mission_endurance_healthy,27.632144615510622,20.019689630426367
744,5071.984457016557,741.0593302060232,174.74835413632363,67.41009241870991,95.0357823893933,1.2884095113291163,22.113997925869544,endurance,4000,-5,none,-1.0,-1,-1,mission_endurance_healthy,27.587009853784522,20.085140821618243
745,5072.063028781039,744.7351950381989,176.17502541027085,65.80794713750251,96.19959567662552,1.322375628926049,21.772317671881293,endurance,4000,-5,none,-1.0,-1,-1,mission_endurance_healthy,27.609468211807133,19.979163967180973
746,5070.82326403664,739.1864044206919,175.28528416807353,66.62692174348389,95.53384376367916,1.5249086661902291,21.910057629688403,endurance,4000,-5,none,-1.0,-1,-1,mission_endurance_healthy,27.58680331070452,20.405907133154226
747,5071.9781386709465,745.4951807001598,176.07971718176134,66.43107512274673,95.68994837348188,1.326117643314067,22.057701090520176,endurance,4000,-5,none,-1.0,-1,-1,mission_endurance_healthy,27.586332776028282,20.121828524226554
748,5073.871582622308,738.6203063343069,176.12604808443737,65.80593516293268,96.3197414071484,1.4727474523417494,21.736096365474413,endurance,4000,-5,none,-1.0,-1,-1,mission_endurance_healthy,27.560426286243104,20.103056750090623
749,5077.418007849627,738.1281360595292,178.51346279122114,64.94445083240362,95.78662359657469,1.4328564482885262,21.99232399586793,endurance,4000,-5,none,-1.0,-1,-1,mission_endurance_healthy,27.539904335616384,20.17298431888872
750,5075.513792560856,739.8781559628051,177.3549179987556,66.07405263588169,95.31015919172754,1.3473974416228298,21.681189818096787,endurance,4000,-5,none,-1.0,-1,-1,mission_endurance_healthy,27.492857241951015,19.881964441703452
751,5080.26745986172,745.3415270474786,178.5369381062083,67.28193130537151,95.06273380887058,1.327844550586109,21.607087926704796,endurance,4000,-5,none,-1.0,-1,-1,mission_endurance_healthy,27.58527131976046,19.98022975864918
752,5076.157983767107,739.7520419272475,177.12721964086452,66.99638393491001,94.54333644040476,1.2325023826646129,21.644104822736416,endurance,4000,-5,none,-1.0,-1,-1,mission_endurance_healthy,27.59253721163188,20.18142139012631
753,5075.552630565232,739.261533338995,175.69295882038838,66.69433225293812,95.73173039567624,1.2459043355611903,21.90112757382221,endurance,4000,-5,none,-1.0,-1,-1,mission_endurance_healthy,27.51347557832985,19.914562356396036
754,5084.579167244125,741.8683924239272,177.55072193554074,65.28846200580918,94.2665177494348,1.5020331068884485,21.490028400931248,endurance,4000,-5,none,-1.0,-1,-1,mission_endurance_healthy,27.543059593011275,20.081890713610274
755,5085.466289774661,746.3002287759741,176.49628883458087,67.20752726672083,96.4072859377486,1.359588622673832,21.980641870467476,endurance,4000,-5,none,-1.0,-1,-1,mission_endurance_healthy,27.533336017389257,19.98756224765283
756,5088.510008633948,743.9427054127705,178.22226471682902,66.02199751197122,95.92077245255646,1.4050602950210322,21.54050009410105,endurance,4000,-5,none,-1.0,-1,-1,mission_endurance_healthy,27.594516715177054,19.960462340205414
757,5090.243348978484,743.702340811563,177.0734013116385,66.00216394905506,96.17883136598158,1.2263490488617688,21.956857499824466,endurance,4000,-5,none,-1.0,-1,-1,mission_endurance_healthy,27.560973863506245,19.92260080181459
758,5091.514367781027,737.161698356625,175.21195240540234,66.12070904378439,95.83355418747564,1.4521560722498754,21.75267826631753,endurance,4000,-5,none,-1.0,-1,-1,mission_endurance_healthy,27.508805024227136,19.96196851515417
759,5099.482771040794,742.9230362289837,176.90534049135547,67.07183059836541,96.13077401379498,1.3544700611410554,22.181702721895515,endurance,4000,-5,none,-1.0,-1,-1,mission_endurance_healthy,27.55333286566439,20.323101421006264
760,5099.773195511017,745.0146684735865,174.04298215964087,65.40216670770249,95.47743226471005,1.2918417958299235,21.86644216562508,endurance,4000,-5,none,-1.0,-1,-1,mission_endurance_healthy,27.513094649483463,19.621448705921736
761,5093.627348507257,745.4450002373275,180.12705050457888,66.15405195675515,95.46055719745512,1.4330613279508848,22.212495490802237,endurance,4000,-5,none,-1.0,-1,-1,mission_endurance_healthy,27.533773105509265,20.032854813441997
762,5092.867970760951,745.5675162961837,179.35881262254352,66.35667702184747,95.2347022624566,1.1733141792423167,21.89421520451057,endurance,4000,-5,none,-1.0,-1,-1,mission_endurance_healthy,27.53941169320473,20.255963826874723
763,5093.734945012797,738.9106491788348,175.84499234586798,66.42211133556205,98.1690190695462,1.462864829549702,22.18307596555048,endurance,4000,-5,none,-1.0,-1,-1,mission_endurance_healthy,27.633836728328376,19.27411566062385
764,5091.548950042647,746.5921927328948,174.92708327818934,66.74602271562952,96.69959436563266,1.337348323260194,21.89514861485547,endurance,4000,-5,none,-1.0,-1,-1,mission_endurance_healthy,27.641578682400883,20.39278261873391
765,5089.259850908298,740.0979743349789,179.11484231542545,65.47399691762811,95.6452040825251,1.2967290242358458,21.602867098551563,endurance,4000,-5,none,-1.0,-1,-1,mission_endurance_healthy,27.606856615434193,20.100344488161035
766,5094.390426509177,747.610325264987,175.31606271535102,65.2887485223182,95.2085756403562,1.3381399214778904,21.60706325388819,endurance,4000,-5,none,-1.0,-1,-1,mission_endurance_healthy,27.554126459820484,19.928496202307894
767,5096.727772940208,736.9919026740768,178.0044232980931,66.33242332412432,96.12064502662234,1.48378841474489,21.94852463516587,endurance,4000,-5,none,-1.0,-1,-1,mission_endurance_healthy,27.665077504236958,20.026205002008364
768,5103.235362494998,746.613983232219,181.16380055795827,65.97402742848647,94.6948174448967,1.529602337492471,21.93637898658963,endurance,4000,-5,none,-1.0,-1,-1,mission_endurance_healthy,27.695278600490184,20.426128313164632
769,5104.357116582273,744.9033796777607,177.55604382702683,66.67652071231007,96.87997068851958,1.4601201276461695,22.36733173112887,endurance,4000,-5,none,-1.0,-1,-1,mission_endurance_healthy,27.563314648677007,19.81052357859123
770,5099.966944416612,751.1631268959964,178.13806899252057,67.2030886445672,96.63329175925492,1.1814714124833197,22.275264895372228,endurance,4000,-5,none,-1.0,-1,-1,mission_endurance_healthy,27.50751691901101,19.806696735227824
771,5099.12164293216,743.7000165478602,179.06855137336768,66.21101645982696,95.8497111577413,1.414447292455104,22.011761263174726,endurance,4000,-5,none,-1.0,-1,-1,mission_endurance_healthy,27.562113829671425,20.121734334741895
772,5098.006391923776,736.5360655916751,177.79826651537297,67.4072323514651,95.67223561820867,1.3982908829059617,22.075178136256916,endurance,4000,-5,none,-1.0,-1,-1,mission_endurance_healthy,27.46375711225928,20.291702602585886
773,5096.705921527312,745.3724004338948,175.67423021235425,65.439839725379,96.78930589195927,1.2519031276668997,21.74140245449893,endurance,4000,-5,none,-1.0,-1,-1,mission_endurance_healthy,27.609378280261993,19.828275302883803
774,5099.823271328654,742.5849200150552,177.33350563768744,67.00596378985215,97.0659048672209,1.2118815192325132,22.15040924436374,endurance,4000,-5,none,-1.0,-1,-1,mission_endurance_healthy,27.54834209425978,19.53591527606613
775,5092.7568718890025,740.8463251079594,182.55626458599215,66.61985406177568,97.70736880383892,1.4601722761177798,22.3281165594812,endurance,4000,-5,none,-1.0,-1,-1,mission_endurance_healthy,27.472017803873573,19.76724955129764
776,5092.204102630061,747.6366279466649,177.53908646204022,66.64428660167292,95.16581525954798,1.3602597453679743,21.99594308657386,endurance,4000,-5,none,-1.0,-1,-1,mission_endurance_healthy,27.573643331796468,19.628932146360153
777,5098.60611609271,746.4674178469011,177.75208717180985,66.3793659440814,93.95689421463749,1.1102877446870651,22.158778937732578,endurance,4000,-5,none,-1.0,-1,-1,mission_endurance_healthy,27.57055470660104,20.088078480209457
778,5094.113513635857,744.1656583439637,177.1998206883632,65.14294567928088,94.76021356900968,1.4496459012357696,22.153156238132865,endurance,4000,-5,none,-1.0,-1,-1,mission_endurance_healthy,27.571681734197117,20.460131847594674
779,5097.135217981151,744.1238359240613,177.4088409856561,65.5837287715495,93.00087975252688,1.3613638270439887,21.6978353036751,endurance,4000,-5,none,-1.0,-1,-1,mission_endurance_healthy,27.499378083610242,20.324797534038687
780,5097.277754952858,745.2926430199337,176.1779434257702,65.81040750661639,94.11071648216002,1.2906367459769603,21.875788682819344,endurance,4000,-5,none,-1.0,-1,-1,mission_endurance_healthy,27.517480552016576,19.557403074425686
781,5090.649607305496,749.1383201697007,177.12386966800472,66.13221913382179,95.9472415486846,1.312192349769142,22.023854596171045,endurance,4000,-5,none,-1.0,-1,-1,mission_endurance_healthy,27.6017778380342,19.871269986613612
782,5086.957849159143,750.9342082115764,178.5446024618456,66.05023681286018,97.49347126845134,1.4698598197982142,21.95195278085248,endurance,4000,-5,none,-1.0,-1,-1,mission_endurance_healthy,27.55919735593473,19.81949911198796
783,5092.454397300023,742.0785115280983,172.98019252571723,67.17280953582507,97.29375661264474,1.3371041942798372,21.98057259785305,endurance,4000,-5,none,-1.0,-1,-1,mission_endurance_healthy,27.55973770710739,20.77858645772185
784,5089.741309075796,739.2785085774459,176.89484802802846,65.36341805452352,95.639902246744,1.315624775100482,22.190964302459943,endurance,4000,-5,none,-1.0,-1,-1,mission_endurance_healthy,27.569258032402033,19.501914216897575
785,5090.085521892479,737.3262881312083,177.04276231371284,66.38007990097724,96.95307728768448,1.431993553099724,22.17541172487305,endurance,4000,-5,none,-1.0,-1,-1,mission_endurance_healthy,27.4924666090645,20.0941696676407
786,5089.807282179796,739.460526458839,176.47790449516432,65.62054528311265,94.8063093771179,1.5568287026815857,21.647313398308007,endurance,4000,-5,none,-1.0,-1,-1,mission_endurance_healthy,27.57747867944733,20.237895666787423
787,5085.291178617059,742.7953307647927,175.9447176655935,65.67894791157411,94.0608637994624,1.5616812407367506,22.002201100423225,endurance,4000,-5,none,-1.0,-1,-1,mission_endurance_healthy,27.49074748309119,19.83534372426849
788,5089.9953137980365,739.1062645713347,176.30927873122047,65.9118744300686,95.8295398562616,1.4638548003173568,22.158704551371148,endurance,4000,-5,none,-1.0,-1,-1,mission_endurance_healthy,27.542083640625258,19.61548318438107
789,5093.804237116967,742.9210410835801,179.4849616339222,66.68445433700867,95.42162319796093,1.3875016981572188,22.14307029512308,endurance,4000,-5,none,-1.0,-1,-1,mission_endurance_healthy,27.533490921423407,20.19196428310785
790,5095.531473045766,742.6588558940756,176.51305315258293,65.34887257269125,94.57155370865684,1.2249642449087557,21.44860911211153,endurance,4000,-5,none,-1.0,-1,-1,mission_endurance_healthy,27.578741062135396,19.72930890290611
791,5094.981110743586,749.890856767214,177.36824777428862,66.07205383343295,95.70761727359738,1.56917009345701,21.48910451571216,endurance,4000,-5,none,-1.0,-1,-1,mission_endurance_healthy,27.516435900509315,20.05691742476325
792,5091.692323771135,743.0046933184709,176.9555712488514,65.98232946630792,95.62878494462512,1.374096132406588,22.069283015805414,endurance,4000,-5,none,-1.0,-1,-1,mission_endurance_healthy,27.494817690101176,19.82091380799039
793,5087.92138687486,744.2474929047842,175.51555820088035,65.7963699983272,95.30412665182592,1.1683948460351274,21.409925941371167,endurance,4000,-5,none,-1.0,-1,-1,mission_endurance_healthy,27.537880129469897,19.654083722671274
794,5091.726601941697,746.2352808711652,178.72599699927156,64.94758613552608,96.6082590415722,1.4552232013203643,22.08918739917314,endurance,4000,-5,none,-1.0,-1,-1,mission_endurance_healthy,27.457971950616184,19.729420633024752
795,5083.399218460555,735.6569543177185,174.6963605179603,66.55618301463261,96.02187866767326,1.307952752854286,21.71694757528721,endurance,4000,-5,none,-1.0,-1,-1,mission_endurance_healthy,27.56641899925364,19.907048109052404
796,5087.398337503661,745.7640320954007,178.41716678137666,65.82697865930233,96.7051174565422,1.5120712645172811,22.090527865149863,endurance,4000,-5,none,-1.0,-1,-1,mission_endurance_healthy,27.559356058822416,20.497931669436458
797,5088.8192362775935,743.3728031486525,178.5226545586137,65.37854744101367,95.38667678216476,1.3259113144952328,22.043842542381665,endurance,4000,-5,none,-1.0,-1,-1,mission_endurance_healthy,27.612245559014088,20.12704202444674
798,5090.767693892818,744.9313672850641,177.2867139023925,65.01998403543858,95.12730542883432,1.3978506140839824,22.65692940161521,endurance,4000,-5,none,-1.0,-1,-1,mission_endurance_healthy,27.614706637656845,20.110248454556242
799,5090.803065894137,742.1218034969031,174.50819744403955,66.9488471720932,95.75697887406716,1.3858442145953098,21.96599224690049,endurance,4000,-5,none,-1.0,-1,-1,mission_endurance_healthy,27.472974119711097,19.93440415762254
800,5086.844013878403,746.5805525544832,179.19054561499215,65.39597291543836,94.75340137378905,1.2844425589091797,21.764938099501062,endurance,4000,-5,none,-1.0,-1,-1,mission_endurance_healthy,27.44592125139566,19.965963642056103
801,5083.434601374878,741.318857649605,177.38383610690622,65.92661753074012,95.89261829071042,1.5264593739104089,21.66116743070704,endurance,4000,-5,none,-1.0,-1,-1,mission_endurance_healthy,27.3638928965299,19.76683399621279
802,5082.873789172205,743.0146863524105,177.9827215043983,66.27735372374208,96.57050087616066,1.355483469749336,22.096354034088005,endurance,4000,-5,none,-1.0,-1,-1,mission_endurance_healthy,27.47380722686585,19.925411995972635
803,5084.678496616407,747.7143347268135,178.1341553063812,66.17455077046591,95.57484057866424,1.343331490040512,21.414624733618627,endurance,4000,-5,none,-1.0,-1,-1,mission_endurance_healthy,27.335878057022352,19.112428560256447
804,5089.68460678384,747.4276071360409,176.1393916900279,66.63599253247408,94.39327560601647,1.2652362095183027,22.226975754856525,endurance,4000,-5,none,-1.0,-1,-1,mission_endurance_healthy,27.368046005957105,20.571876677824783
805,5090.848881143405,738.9849239282286,176.49860215928598,65.44412412797183,95.997972280924,1.347865790774537,21.87284961794242,endurance,4000,-5,none,-1.0,-1,-1,mission_endurance_healthy,27.371451985497163,19.889478165974968
806,5093.052915749485,741.3369578983344,173.96401277713508,67.81383264446004,96.53224648342172,1.4119835219431256,21.9684254875242,endurance,4000,-5,none,-1.0,-1,-1,mission_endurance_healthy,27.379049078812443,20.297035892976353
807,5089.946589882348,742.7814385914066,175.75445165760738,65.83907841609118,93.80468472184894,1.3029364743121803,22.102480557919563,endurance,4000,-5,none,-1.0,-1,-1,mission_endurance_healthy,27.422879749315605,20.260567482682845
808,5093.494328004467,742.3511574348938,177.14013880619353,66.82455225578906,94.88391770362492,1.1389348985296448,21.36912668172433,endurance,4000,-5,none,-1.0,-1,-1,mission_endurance_healthy,27.616045952023587,19.718234562472343
809,5095.603415055592,743.6075411524888,176.76716174455797,66.2735326581581,94.66916960000768,1.5103163532816104,21.889620309488897,endurance,4000,-5,none,-1.0,-1,-1,mission_endurance_healthy,27.528517601809728,20.31561022798853
810,5102.933547795155,747.4144824655821,176.0162037053134,67.445056135178,95.9512914546863,1.3449376657736236,22.066971405553424,endurance,4000,-5,none,-1.0,-1,-1,mission_endurance_healthy,27.513437926781936,19.671001850727155
811,5106.950845103874,747.2042884741284,176.32247757923764,66.78681755592955,94.84897105711096,1.3134880546000052,22.179269588214463,endurance,4000,-5,none,-1.0,-1,-1,mission_endurance_healthy,27.48333641942502,19.70842323451392
812,5107.207455574854,746.9655776953816,177.98768345813176,66.75228207618922,94.75882084986576,1.427030188761682,22.27075586653408,endurance,4000,-5,none,-1.0,-1,-1,mission_endurance_healthy,27.4259124440958,19.984273408044526
813,5102.855532385036,747.5497472560957,178.2784593898534,65.41876421499899,94.39524402229556,1.453888326814385,22.29990430049449,endurance,4000,-5,none,-1.0,-1,-1,mission_endurance_healthy,27.432446969652457,20.57927572038284
814,5109.275505305466,741.4951598273581,178.37110164223282,67.48386140283841,96.18515936937705,1.3271975716585551,21.883428115101804,endurance,4000,-5,none,-1.0,-1,-1,mission_endurance_healthy,27.533645629958656,20.21475912825581
815,5105.746947613241,743.1655821793294,179.5298669719798,67.36862198796072,98.05841698424696,1.504692487135796,21.98032244662212,endurance,4000,-5,none,-1.0,-1,-1,mission_endurance_healthy,27.502931252292708,19.702288158627283
816,5107.152346724647,748.9881444418401,175.78309509290457,66.46648743824221,96.47140352023472,1.304476244240603,21.97807111021849,endurance,4000,-5,none,-1.0,-1,-1,mission_endurance_healthy,27.613037904641672,19.751152946188668
817,5111.362959674505,742.2542862607371,179.81058111034244,66.88032058794158,96.46830871884154,1.184065709376152,22.440542026520955,endurance,4000,-5,none,-1.0,-1,-1,mission_endurance_healthy,27.579570170052634,19.908175885596464
818,5114.746939946061,741.6761395501986,177.32560617921823,66.46069118559295,95.90223891890194,1.324382935635967,22.05031623380275,endurance,4000,-5,none,-1.0,-1,-1,mission_endurance_healthy,27.594131520271517,19.759406159843916
819,5110.57389738269,743.8032719897825,178.58205273466302,67.658454003985,95.42029417552916,1.4534595327466104,22.309604168714543,endurance,4000,-5,none,-1.0,-1,-1,mission_endurance_healthy,27.64882869606636,19.91382533644698
820,5106.78729260368,741.0627068235545,178.52771406490882,65.66635282832418,95.45799288938686,1.399652137796905,21.94950798375656,endurance,4000,-5,none,-1.0,-1,-1,mission_endurance_healthy,27.622061301385845,19.96505916559218
821,5111.528086271998,744.0661585640688,178.4469034955967,66.10820783980236,95.74149686556956,1.1913864996753905,22.29940168818578,endurance,4000,-5,none,-1.0,-1,-1,mission_endurance_healthy,27.684245407494465,19.93858223999064
822,5114.433672326076,749.6009844457953,176.5075093671068,67.21385521071468,94.12800966554524,1.2367753876176946,22.53388039243285,endurance,4000,-5,none,-1.0,-1,-1,mission_endurance_healthy,27.70897049730872,19.632488751518487
823,5126.936707158438,747.5575563521027,177.39525240532774,67.63012201027519,95.6776509857588,1.5423101416704,22.02679765709326,endurance,4000,-5,none,-1.0,-1,-1,mission_endurance_healthy,27.614326440009947,19.9836948100827
824,5123.876689942069,746.9216459112146,177.91602159781402,66.71282451421868,95.23953952567402,1.475097729892109,22.679457330352783,endurance,4000,-5,none,-1.0,-1,-1,mission_endurance_healthy,27.65476960863924,19.440420704288194
825,5117.405602355567,742.8641665363226,178.77778444872803,66.78567142656159,96.2932380654843,1.399014178568117,21.81324852128036,endurance,4000,-5,none,-1.0,-1,-1,mission_endurance_healthy,27.673243092374356,19.66591297246651
826,5112.747846599018,741.1639919727107,177.0487260131794,66.60583527169018,96.21155524333484,1.3174356104812182,22.24129234290712,endurance,4000,-5,none,-1.0,-1,-1,mission_endurance_healthy,27.688852188467845,19.687365145840857
827,5109.331059809738,748.9513362452459,177.26921057947445,66.81005594882562,96.68628193404764,1.2086894753283532,22.167347119726948,endurance,4000,-5,none,-1.0,-1,-1,mission_endurance_healthy,27.762905449600208,20.06819231606308
828,5107.786298893071,738.5848659320005,179.158894055754,66.5836204664555,96.6913597692894,1.3470469884103309,22.663444597611942,endurance,4000,-5,none,-1.0,-1,-1,mission_endurance_healthy,27.78358111699743,20.043330162683763
829,5109.080731676489,741.5016992228815,177.47310151297015,65.6174993597408,95.35659158502774,1.4088925312066438,22.05105488002729,endurance,4000,-5,none,-1.0,-1,-1,mission_endurance_healthy,27.76261267870474,20.24462607934412
830,5110.390697729882,750.5060535138199,177.83465541026553,65.49065061411467,95.17565068388028,1.4286143974094263,22.56449341000209,endurance,4000,-5,none,-1.0,-1,-1,mission_endurance_healthy,27.74920421424357,20.284834423577653
831,5109.335363417706,745.0044556882123,176.91420693658264,66.34452270815639,96.62936669091468,1.492296361943984,22.270519000665413,endurance,4000,-5,none,-1.0,-1,-1,mission_endurance_healthy,27.739360311246195,20.345085437469958
832,5106.368127454764,740.831650451067,177.92521423735477,66.3800790885659,96.30778548069904,1.0780186281345896,22.525106170717823,endurance,4000,-5,none,-1.0,-1,-1,mission_endurance_healthy,27.873203761653777,19.55400898209782
833,5107.63662880022,749.05088802329,174.68421868247074,66.49315823583912,95.3428059111323,1.2954565491694665,22.06734508642393,endurance,4000,-5,none,-1.0,-1,-1,mission_endurance_healthy,27.838105610698364,20.161323737989047
834,5105.675099197975,743.4514195145389,178.72843168144888,66.01926752364018,96.6240492276685,1.4575889107064817,21.718567439510803,endurance,4000,-5,none,-1.0,-1,-1,mission_endurance_healthy,27.805018634469523,20.342672814763628
835,5109.506744320728,745.3023319976594,177.12035328820178,66.39633187659345,96.1839038113662,1.167666667055287,22.328081531491613,endurance,4000,-5,none,-1.0,-1,-1,mission_endurance_healthy,27.87617030356953,19.871308616519034
836,5108.20866427765,748.5396072326048,177.0853303671158,66.25481543088013,95.61205186678563,1.4273220871716674,21.9228296128034,endurance,4000,-5,none,-1.0,-1,-1,mission_endurance_healthy,27.95459918752583,19.88150650671943
837,5105.851593688629,742.8625099866019,178.28321847955377,65.84901870659785,97.24232867112023,1.1425455938917608,22.3386587399967,endurance,4000,-5,none,-1.0,-1,-1,mission_endurance_healthy,27.957060798801155,20.344635025511927
838,5110.750692663661,739.0373696352962,175.8915846217345,68.91996973581699,96.03410271677028,1.312575371657681,22.00014036327984,endurance,4000,-5,none,-1.0,-1,-1,mission_endurance_healthy,28.03546862805954,20.178162278940206
839,5115.646013873111,746.0067354082493,180.03695916721605,66.56859685448075,97.13909515274776,1.5562046755065104,21.738987281144624,endurance,4000,-5,none,-1.0,-1,-1,mission_endurance_healthy,27.938353663148995,19.8929733814514
840,5122.195509865957,751.3361285609948,182.51014657180272,66.7843168460329,96.2996418209744,1.559445811842815,22.40384778811236,endurance,4000,-5,none,-1.0,-1,-1,mission_endurance_healthy,27.87119905566157,19.65387592356954
841,5118.529588355689,747.5315244146963,176.7669720088758,67.17371898840318,96.5329883258123,1.4270545662487724,21.805521044422985,endurance,4000,-5,none,-1.0,-1,-1,mission_endurance_healthy,27.86362038369715,19.93469592639445
842,5122.604222067097,748.1165383397428,180.05083125079886,66.46943774814521,96.6425538437866,1.3214767941772585,22.35062313861046,endurance,4000,-5,none,-1.0,-1,-1,mission_endurance_healthy,27.839247869822604,20.242288601322453
843,5128.288116830577,744.7095340638494,178.50160334745306,66.84335897870797,95.93031802202428,1.3493709003539915,22.50501906427464,endurance,4000,-5,none,-1.0,-1,-1,mission_endurance_healthy,27.88667349802113,19.84977812017955
844,5129.337231367779,748.454698705333,179.5956259960456,66.745499773685,96.88560564862124,1.393674909304005,22.428827948147745,endurance,4000,-5,none,-1.0,-1,-1,mission_endurance_healthy,27.713610647753697,19.94644024452604
845,5125.755579265519,752.5501359319624,178.2509988091986,67.06476965994443,96.46177999738524,1.5302355759085808,22.384738084379173,endurance,4000,-5,none,-1.0,-1,-1,mission_endurance_healthy,27.72081094438567,20.023411153401987
846,5125.3043613597565,751.2236924188969,178.5303030233476,67.6268885209979,95.35004417866216,1.5595952519915235,21.82472797587568,endurance,4000,-5,none,-1.0,-1,-1,mission_endurance_healthy,27.743911624151632,19.804753375849725
847,5127.87654258076,746.9838377948828,177.6228293572827,66.54528020181148,97.53450942595364,1.2808662375522852,22.33394531013016,endurance,4000,-5,none,-1.0,-1,-1,mission_endurance_healthy,27.648028566664976,19.215896504110255
848,5128.454013517843,751.1844444637183,176.8168392772884,66.30255552506081,94.9492259950366,1.5073486800833653,22.576700449475197,endurance,4000,-5,none,-1.0,-1,-1,mission_endurance_healthy,27.63383594967951,20.143525198670446
849,5128.987468247516,746.6895780260157,178.11354861829838,67.30120930236484,97.01612962086968,1.3677423042109955,22.336280364155368,endurance,4000,-5,none,-1.0,-1,-1,mission_endurance_healthy,27.733190938791836,19.930135150241878
850,5132.991868159052,752.8243159778051,178.36527543656683,66.68588768868564,95.8110555113119,1.407466783796358,22.33496202101098,endurance,4000,-5,none,-1.0,-1,-1,mission_endurance_healthy,27.7425476886347,19.834751216745875
851,5140.823719359277,744.652383594963,179.93809343475544,67.55302578799724,97.47405388548596,1.4480104659614026,22.973520307452088,endurance,4000,-5,none,-1.0,-1,-1,mission_endurance_healthy,27.64901839751788,19.721718371311898
852,5147.093118183276,750.1376501951827,177.59719054972075,67.15993081102117,98.47604471722596,1.278355991845986,22.446882175592133,endurance,4000,-5,none,-1.0,-1,-1,mission_endurance_healthy,27.783138949941687,19.935917230162907
853,5143.619304579476,741.8404821357722,176.30732061019333,67.32524044810371,97.79073631706868,1.5605964442133684,22.20077366171244,endurance,4000,-5,none,-1.0,-1,-1,mission_endurance_healthy,27.633021175944588,20.14861248533726
854,5137.187346449645,747.4568738461871,177.5884551793063,68.04580469027594,95.62306171249456,1.43762999798269,22.639190228092072,endurance,4000,-5,none,-1.0,-1,-1,mission_endurance_healthy,27.621293184545355,20.06692531423204
855,5143.960738863286,759.4660027306595,177.22027008109808,65.47592888794138,96.33902724662578,1.2815309636018954,22.69210478251418,endurance,4000,-5,none,-1.0,-1,-1,mission_endurance_healthy,27.58291834388338,20.42163802211138
856,5149.690041547407,749.2721955470499,179.6083391826372,66.67891320108713,95.7526673813781,1.5118384742837323,22.62281264777831,endurance,4000,-5,none,-1.0,-1,-1,mission_endurance_healthy,27.579992491724205,20.021249219799365
857,5149.471246784609,754.9118199706367,181.19293777042247,66.56308102868583,97.30478137181242,1.2367082756326728,22.83922324908479,endurance,4000,-5,none,-1.0,-1,-1,mission_endurance_healthy,27.706288404423105,19.822712427848607
858,5143.052756048424,750.9454425015912,177.3293062799103,68.71612345541453,95.22466199496424,1.4128314184495572,22.406977471583616,endurance,4000,-5,none,-1.0,-1,-1,mission_endurance_healthy,27.679131382602495,19.734761541142746
859,5149.044463370857,754.9360077417962,178.44445296910894,68.13355158981177,97.3614568097464,1.448441392303485,22.39019953768508,endurance,4000,-5,none,-1.0,-1,-1,mission_endurance_healthy,27.60239674925558,19.430701187692463
860,5147.131015875532,748.0911271352184,178.4927742842068,68.80062129579619,96.42961068579493,1.4165554818424744,22.645874295066523,endurance,4000,-5,none,-1.0,-1,-1,mission_endurance_healthy,27.60524054041834,20.154460443090997
861,5143.9840627685735,747.7568941649041,176.7557963476586,66.52498582583492,95.04869739560031,1.6740829918047178,22.87056185665914,endurance,4000,-5,none,-1.0,-1,-1,mission_endurance_healthy,27.594484850724932,20.037945163733173
862,5143.199440883807,748.9173167426297,177.8500120875144,67.61092757971939,96.20502979589476,1.5594882172271607,22.797456185545887,endurance,4000,-5,none,-1.0,-1,-1,mission_endurance_healthy,27.714216623318695,20.190034963912936
863,5143.64796048706,749.5304851364181,178.51289522069322,64.72033401933716,96.6410133682389,1.3363999644714215,22.521810765097317,endurance,4000,-5,none,-1.0,-1,-1,mission_endurance_healthy,27.735007953293366,19.566284330754865
864,5137.368636351616,748.6204005542551,178.63278325749576,67.05345602143895,97.1321898181357,1.2893795762719358,22.62249820658237,endurance,4000,-5,none,-1.0,-1,-1,mission_endurance_healthy,27.75142187402233,20.515077769897797
865,5132.350139309606,749.5477449743831,179.6795337084669,66.24107347560086,96.4873822968207,1.4229515208443335,22.31724707987808,endurance,4000,-5,none,-1.0,-1,-1,mission_endurance_healthy,27.692969577506855,20.50998899223243
866,5132.263332204,745.2503581454603,177.96728643072407,67.05990255044959,95.52671645174912,1.248959651209255,23.006199950501024,endurance,4000,-5,none,-1.0,-1,-1,mission_endurance_healthy,27.77508825215034,19.84720379513745
867,5132.468772614682,749.9392617356095,182.0561937687112,68.08388378035085,96.2255578174734,1.5051072840159323,22.61659319788792,endurance,4000,-5,none,-1.0,-1,-1,mission_endurance_healthy,27.689496474741038,20.268030082565286
868,5126.3824755658,751.4352079718683,180.03662777403224,66.13744946965215,95.28862339413487,1.2676737470978463,21.744150246192053,endurance,4000,-5,none,-1.0,-1,-1,mission_endurance_healthy,27.70980422432196,20.387521604826922
869,5135.6108139636535,745.5419341813189,179.11538670374227,66.26138914163542,97.33438194102465,1.3252244399350004,22.6449451707216,endurance,4000,-5,none,-1.0,-1,-1,mission_endurance_healthy,27.728938449663705,19.69870813514219
870,5140.267459929062,745.5952930746274,180.53632365898736,66.2448983785933,96.00418356466372,1.4559984253508471,22.76002161039176,endurance,4000,-5,none,-1.0,-1,-1,mission_endurance_healthy,27.825625016817092,20.007343125026225
871,5142.438480091651,751.7530799759436,180.7190749527758,67.35069228229908,95.67801095280387,1.3700182424907144,22.623926274974163,endurance,4000,-5,none,-1.0,-1,-1,mission_endurance_healthy,27.59398581855736,20.109784169623804
872,5144.982660163163,749.9738493565935,181.09132878440056,65.77348568391898,94.62010691134978,1.338825028626701,22.80883460769696,endurance,4000,-5,none,-1.0,-1,-1,mission_endurance_healthy,27.790906515352017,19.69621341147204
873,5136.692510957211,751.2864835387649,174.87011099871708,67.06658072402574,95.42587493960988,1.2852710032508845,22.750508186232437,endurance,4000,-5,none,-1.0,-1,-1,mission_endurance_healthy,27.745230688479268,20.015354358890146
874,5137.012608727974,745.092318683304,179.5538573077678,67.39444002897862,96.47485519898387,1.4387731086260782,21.575027094876884,endurance,4000,-5,none,-1.0,-1,-1,mission_endurance_healthy,27.858951195598554,19.42849282073334
875,5139.147914090752,747.4140270430597,177.94037218191744,66.80882142376815,96.8555311286714,1.319899513231675,22.349642648377905,endurance,4000,-5,none,-1.0,-1,-1,mission_endurance_healthy,27.70956052492721,19.626233139453316
876,5139.589506348137,750.2474164075348,178.16568605909248,66.20612487789317,96.56285552755848,1.3954942606138354,22.46092278033069,endurance,4000,-5,none,-1.0,-1,-1,mission_endurance_healthy,27.705730253909607,20.441385919946537
877,5140.944033650397,746.8865871403871,179.1262951360068,66.65783250019769,96.53839392083847,1.3377909195582114,22.37832413319349,endurance,4000,-5,none,-1.0,-1,-1,mission_endurance_healthy,27.588980153318698,19.923177526115964
878,5143.318278312602,750.1420725974548,178.9688137490948,66.42185749412371,97.26011969669042,1.403002684094806,22.441857078393937,endurance,4000,-5,none,-1.0,-1,-1,mission_endurance_healthy,27.52778358172136,20.191810991748774
879,5149.447279122365,750.177672117084,179.55419437194794,68.7474393391541,95.99586904720972,1.2933986733565526,22.307338700092547,endurance,4000,-5,none,-1.0,-1,-1,mission_endurance_healthy,27.574167004490484,20.24639365250731
880,5153.802244612695,747.8758054104829,178.21494447156357,66.11781457026892,96.32456803671828,1.5628726424242885,22.49866248548329,endurance,4000,-5,none,-1.0,-1,-1,mission_endurance_healthy,27.56774363906785,20.011843833382702
881,5151.7150636169135,749.1861385539913,179.79534355111383,67.75002155786775,98.03991958354594,1.3576169986409643,22.702935994041653,endurance,4000,-5,none,-1.0,-1,-1,mission_endurance_healthy,27.438028482180975,20.39156314344775
882,5156.070246355282,747.6874494311934,180.57105462805208,66.36502583976628,97.74904073639152,1.4604081418218569,23.10231342208553,endurance,4000,-5,none,-1.0,-1,-1,mission_endurance_healthy,27.48454206585512,19.698382326406524
883,5154.263172715676,746.5251231600095,180.53828631774937,66.60499196657474,96.36367113964025,1.5033488987799948,22.97879364575716,endurance,4000,-5,none,-1.0,-1,-1,mission_endurance_healthy,27.48296099146271,20.165304664378972
884,5155.114425666157,748.4016580615566,178.61591969015169,66.99584580024163,98.11906773104144,1.690712831694511,22.68549937247539,endurance,4000,-5,none,-1.0,-1,-1,mission_endurance_healthy,27.467043251975404,20.546282264795497
885,5156.451303584597,755.7322430336075,179.48840664191445,67.67564602654075,96.25896853270037,1.4568118526392546,22.534367940687076,endurance,4000,-5,none,-1.0,-1,-1,mission_endurance_healthy,27.506787852957316,19.85918400728559
886,5156.417056414017,750.5291261045113,179.938116553056,67.84913382520263,95.97989000872056,1.2853530638771844,22.61684212535875,endurance,4000,-5,none,-1.0,-1,-1,mission_endurance_healthy,27.540019027964984,20.225086140911664
887,5155.674138078858,751.7503776117935,178.37995330710052,66.25097716924995,96.60093709650342,1.548095175178657,22.625212941806712,endurance,4000,-5,none,-1.0,-1,-1,mission_endurance_healthy,27.55052204787663,19.842972875837017
888,5156.773965460752,748.9598359537459,178.01700422186303,67.02732707086822,98.29976735990758,1.3622891786138924,22.82728263215207,endurance,4000,-5,none,-1.0,-1,-1,mission_endurance_healthy,27.46369168439218,20.210693924875162
889,5158.133760080475,749.5648731272016,180.68899769115316,67.53359659134722,96.12152005628236,1.3625820550499463,22.874536386914933,endurance,4000,-5,none,-1.0,-1,-1,mission_endurance_healthy,27.470215016799585,20.59770357065287
890,5148.375656826115,749.8260728957348,183.25448123159936,67.40621940531724,95.528392726739,1.6301383124202695,22.852958748368515,endurance,4000,-5,none,-1.0,-1,-1,mission_endurance_healthy,27.46803530768917,20.811014031716667
891,5147.978335965036,743.7845140397624,176.8608573867397,67.40644834529098,96.76556008458186,1.4098074783934829,22.897861186420105,endurance,4000,-5,none,-1.0,-1,-1,mission_endurance_healthy,27.38038515757245,20.44371603461608
892,5144.785967726979,744.4375895575511,179.82055839838074,68.67995345524221,94.27066598594098,1.254637158896058,22.203315390358068,endurance,4000,-5,none,-1.0,-1,-1,mission_endurance_healthy,27.451615094530897,20.068967136439248
893,5150.906909548016,746.511123071229,179.47256216620343,67.50636688330167,96.56977296991396,1.5672235328620876,22.637287170362956,endurance,4000,-5,none,-1.0,-1,-1,mission_endurance_healthy,27.388955725063326,20.260826538005276
894,5151.581929150777,754.2419148615727,179.793919926832,66.47181664225032,98.2387459231619,1.4893788636137644,22.87990753725736,endurance,4000,-5,none,-1.0,-1,-1,mission_endurance_healthy,27.41201400397147,19.63539326314134
895,5148.600930551464,751.9215783749512,175.50944015513622,66.89597069983957,97.25536140969444,1.578483897446973,22.58465690767712,endurance,4000,-5,none,-1.0,-1,-1,mission_endurance_healthy,27.470930141408743,19.799008163443276
896,5150.474919607164,745.8314038541373,178.83119731952368,66.49692053662568,97.1447574170167,1.4679666960749582,22.906867368947296,endurance,4000,-5,none,-1.0,-1,-1,mission_endurance_healthy,27.445850288129495,20.280779502856543
897,5151.036420090104,747.762401724438,179.47835233211546,68.22149761731971,96.43439519219102,1.370628336234091,22.901406999661685,endurance,4000,-5,none,-1.0,-1,-1,mission_endurance_healthy,27.547381554402943,19.775422306939642
898,5153.26158564314,752.3564353565858,179.39768975119068,67.30007339448278,96.60732968871866,1.4441044903832692,22.81357322650194,endurance,4000,-5,none,-1.0,-1,-1,mission_endurance_healthy,27.305150296808243,20.080831146159714
899,5144.98889612342,748.2716641669978,176.9788573815974,67.1122131814111,96.4992895221944,1.6077385505616193,22.335402272651667,endurance,4000,-5,none,-1.0,-1,-1,mission_endurance_healthy,27.497237452623615,19.707512339300106
900,5143.552305497585,754.8655166236076,179.61494192070737,66.4951111217731,95.82824523782568,1.16554952006364,22.74272844651718,endurance,4000,-5,none,-1.0,-1,-1,mission_endurance_healthy,27.47802266263865,19.75112972070895
901,5139.602607246531,750.113584094379,179.91486702855613,66.65897574490802,96.99324421640014,1.360393884470532,22.377434160674557,endurance,4000,-5,none,-1.0,-1,-1,mission_endurance_healthy,27.45215047072707,19.989041409977318
902,5145.364985864919,748.4588674767374,177.032668445865,66.06884997421503,96.03743079186584,1.351354479584241,22.76631969248,endurance,4000,-5,none,-1.0,-1,-1,mission_endurance_healthy,27.37872118944361,20.00533007686556
903,5148.374971754839,750.8442798361825,180.6821102024064,66.83601098188889,95.30328606649516,1.4696924104086566,22.480385317998923,endurance,4000,-5,none,-1.0,-1,-1,mission_endurance_healthy,27.364810509121025,20.17700391953383
904,5147.388374942,752.7199580382808,175.9338534780417,66.59928345558787,97.02429021554116,1.3177332538896904,22.985909359577484,endurance,4000,-5,none,-1.0,-1,-1,mission_endurance_healthy,27.464576001002623,20.097820917656318
905,5146.972283235043,750.7702005739301,179.21587665930096,67.89926352304931,96.80173313887808,1.610512673854518,22.79325868245031,endurance,4000,-5,none,-1.0,-1,-1,mission_endurance_healthy,27.44032047327332,19.703473412523948
906,5146.543099659199,748.148486504572,178.77430818285072,67.6827005632497,98.1053942110018,1.4064952588883768,22.51926457783514,endurance,4000,-5,none,-1.0,-1,-1,mission_endurance_healthy,27.46355556552464,19.483510786937114
907,5144.471740053288,752.7543016256919,180.29461225448435,67.47317691948041,96.56505224084664,1.3886469242346795,22.992065496026587,endurance,4000,-5,none,-1.0,-1,-1,mission_endurance_healthy,27.514758992210208,20.36355065071949
908,5140.606342489755,752.33109113029,178.68633074333934,68.72995795658683,96.395824885775,0.9630266285917068,22.638117303635543,endurance,4000,-5,none,-1.0,-1,-1,mission_endurance_healthy,27.403937567549775,20.264418443500297
909,5135.371683753368,749.0312371243602,177.18962744115206,66.31426246485326,94.74754557629328,1.2985035823987314,22.415813556186567,endurance,4000,-5,none,-1.0,-1,-1,mission_endurance_healthy,27.543333772473503,19.964213583452874
910,5139.894498861896,752.2152953640067,178.97355086693867,67.1665053752403,98.0035667782914,1.3947161719276349,22.37115915979181,endurance,4000,-5,none,-1.0,-1,-1,mission_endurance_healthy,27.456552598597245,19.903361838041373
911,5135.7833819329535,751.7615665676303,177.23591963699266,67.49889109278041,95.56579058072212,1.4602417750963037,22.607733195914477,endurance,4000,-5,none,-1.0,-1,-1,mission_endurance_healthy,27.403709253472204,20.09958945384897
912,5137.46100311472,750.9488183296623,176.16540093922237,67.1204049661298,95.47984277897416,1.530084134398292,22.452839742694863,endurance,4000,-5,none,-1.0,-1,-1,mission_endurance_healthy,27.424674293401303,19.90099569317734
913,5140.776661146178,744.7079017758541,177.38273746255717,67.63644511328725,96.0228579336134,1.5649197078524764,22.376152017244163,endurance,4000,-5,none,-1.0,-1,-1,mission_endurance_healthy,27.344444301047222,20.412007872108923
914,5142.95378703512,743.8122550418977,177.83168311827973,66.02522603252841,96.45386569195304,1.3790872174984314,22.237655890520525,endurance,4000,-5,none,-1.0,-1,-1,mission_endurance_healthy,27.328873345202815,19.93970064000765
915,5142.665156793034,749.6775964885659,178.59793255646971,66.94512168677021,96.10144794421798,1.328786767160103,22.26629057057192,endurance,4000,-5,none,-1.0,-1,-1,mission_endurance_healthy,27.264251700879246,20.063105311895754
916,5144.937175780163,751.7771081920008,179.76060830590797,66.13522828800424,94.38746312966876,1.3090778210474736,23.014345578313478,endurance,4000,-5,none,-1.0,-1,-1,mission_endurance_healthy,27.43508069975705,20.114428613832114
917,5142.499005119335,749.0007088844326,179.7250027310517,67.2313562113893,97.26106265812588,1.3499000461130553,22.5622335368628,endurance,4000,-5,none,-1.0,-1,-1,mission_endurance_healthy,27.44178507844814,19.5029308926424
918,5138.458475987942,745.7054968426804,177.2349882306843,67.88704329227981,97.59147054437496,1.1662407483511672,22.30711495784055,endurance,4000,-5,none,-1.0,-1,-1,mission_endurance_healthy,27.417438561883827,19.92593469442402
919,5142.039880328406,750.2059273033739,175.16707256036784,67.1214855614946,95.51320266281996,1.439632497781857,22.45074951676674,endurance,4000,-5,none,-1.0,-1,-1,mission_endurance_healthy,27.40306859699444,20.312143814176537
920,5144.513477489618,746.2091379031049,178.93821821071083,66.77773784886006,96.44867708593434,1.686827344706779,21.84808524995822,endurance,4000,-5,none,-1.0,-1,-1,mission_endurance_healthy,27.410731181260097,20.10785991009053
921,5149.0209182526905,747.4227388714327,179.49424353211757,66.37132474321625,95.34160277484722,1.36698566361756,22.56679322948948,endurance,4000,-5,none,-1.0,-1,-1,mission_endurance_healthy,27.401579052839402,20.132174315566466
922,5149.0082457144335,749.8914729893245,181.1598144480303,67.07412368199324,97.11610232824884,1.610204705802399,22.47432375128544,endurance,4000,-5,none,-1.0,-1,-1,mission_endurance_healthy,27.336323756472147,20.068653559344682
923,5141.166814932497,751.1592191867518,178.6721719404087,67.94947911520775,95.59418551733089,1.3118556847660956,22.753102331965515,endurance,4000,-5,none,-1.0,-1,-1,mission_endurance_healthy,27.333660099128423,20.65010242074253
924,5139.252080923193,750.9391599959165,176.59035957385663,66.4294634618421,95.21061531256797,1.42110766105808,22.54741894335405,endurance,4000,-5,none,-1.0,-1,-1,mission_endurance_healthy,27.276947212335976,20.01349331500399
925,5136.46105636421,747.5025147111112,177.15589401735903,66.16087996103106,96.04679477970404,1.5095618437764713,22.613235420117256,endurance,4000,-5,none,-1.0,-1,-1,mission_endurance_healthy,27.30045678424595,19.960787513156994
926,5140.477443073754,748.7746698899435,176.18955655995015,67.31270725396573,96.40781275129628,1.273930525419014,22.651631207668927,endurance,4000,-5,none,-1.0,-1,-1,mission_endurance_healthy,27.313498135012082,20.06213095352663
927,5137.062734335597,753.2793591083897,177.3506301154349,66.74386789805729,97.43507971606448,1.3419866252535255,22.50482494663636,endurance,4000,-5,none,-1.0,-1,-1,mission_endurance_healthy,27.389465325349633,20.25301606588822
928,5140.786383758561,743.0612624676355,182.32065900302857,67.29861928169574,95.8380114931065,1.5637746255326117,22.499002715008725,endurance,4000,-5,none,-1.0,-1,-1,mission_endurance_healthy,27.3142920394056,20.642097930107738
929,5141.747703019617,749.851109847485,180.6188909658568,67.10430825852836,97.04526729214956,1.4393488761444668,22.451919594446025,endurance,4000,-5,none,-1.0,-1,-1,mission_endurance_healthy,27.343066550979298,19.675931160325046
930,5142.92323346074,751.171675153985,178.6337447424942,67.08626100578228,97.84855141568386,1.5176304633809896,22.396141979542374,endurance,4000,-5,none,-1.0,-1,-1,mission_endurance_healthy,27.226431911562813,19.72308682810202
931,5144.003539858945,752.4753008474966,179.38319846220466,66.43769496667292,95.4862826518813,1.5844180108320758,22.977612770945377,endurance,4000,-5,none,-1.0,-1,-1,mission_endurance_healthy,27.257222045130465,18.751002414184605
932,5146.492992998446,749.919464637052,178.97507479218345,66.40437061290626,97.35652862105631,1.346493656858676,22.486095442784404,endurance,4000,-5,none,-1.0,-1,-1,mission_endurance_healthy,27.220269772316335,20.507880849147433
933,5142.206947414466,747.8609174311312,177.46536330880156,66.63983872244256,96.94804128740638,1.4645907859827447,22.40847503945907,endurance,4000,-5,none,-1.0,-1,-1,mission_endurance_healthy,27.33672198383032,20.41791207515554
934,5147.042497078006,754.3875406596263,177.4159187625713,68.71879815296819,96.48929340756236,1.532687332626658,22.623578850657854,endurance,4000,-5,none,-1.0,-1,-1,mission_endurance_healthy,27.211274878983968,19.689010513249244
935,5140.588262334197,748.0469576488969,178.25283603091563,66.45458587242233,94.56417233171062,1.360592725820735,22.447701604594076,endurance,4000,-5,none,-1.0,-1,-1,mission_endurance_healthy,27.175470186343627,19.415453649608313
936,5137.75334958042,748.7026861476135,176.714885013386,66.21120139688419,97.34430854296804,1.331086709051827,22.230050828620985,endurance,4000,-5,none,-1.0,-1,-1,mission_endurance_healthy,27.217827598529645,19.989152435900394
937,5134.83157940832,754.0570346704906,179.09069053184078,67.92824630029554,97.60365194250237,1.4249260797607588,22.328486347279902,endurance,4000,-5,none,-1.0,-1,-1,mission_endurance_healthy,27.19434649447981,19.6216415276962
938,5137.827284093696,749.7471847069004,178.71509205244047,67.81458391610448,97.95475572887214,1.4666043237566602,22.29973009989368,endurance,4000,-5,none,-1.0,-1,-1,mission_endurance_healthy,27.12932050463116,19.504560681954487
939,5134.544725248376,747.4497331100889,178.7528799653249,67.52098956315855,95.9525454882555,1.1323382855229185,21.906308235734983,endurance,4000,-5,none,-1.0,-1,-1,mission_endurance_healthy,27.22579511955974,20.588673354327177
940,5141.579429603367,747.3721514201856,178.5122904639855,66.7882132039267,96.35125123833136,1.455028899512839,22.92152437154381,endurance,4000,-5,none,-1.0,-1,-1,mission_endurance_healthy,27.271626802528175,19.827779050382183
941,5137.74028801122,751.2406492102366,180.2198074423606,68.03176133375469,95.49812004334656,1.570586352938938,22.719328350356136,endurance,4000,-5,none,-1.0,-1,-1,mission_endurance_healthy,27.14325143105727,19.853246332488325
942,5148.357901856537,743.1458687847183,180.09603761115096,67.10558058116294,95.61959298975724,1.4447665509092285,22.52625588952447,endurance,4000,-5,none,-1.0,-1,-1,mission_endurance_healthy,27.249759610711397,20.094143147625136
943,5151.038220412117,748.4452930695438,179.97341542128424,67.188979933548,97.02357010964994,1.4140337837806087,22.64735717763497,endurance,4000,-5,none,-1.0,-1,-1,mission_endurance_healthy,27.324271318744824,20.029751031505555
944,5154.62062097135,750.6015678471176,178.39420697018937,68.46983258347367,96.0570261468804,1.3473507541145715,22.248803898881885,endurance,4000,-5,none,-1.0,-1,-1,mission_endurance_healthy,27.329713062140005,20.734424276397856
945,5156.190159249757,751.4415831205727,181.7772301590439,68.5651224141315,95.3768096983885,1.2935540931089045,22.53734656619195,endurance,4000,-5,none,-1.0,-1,-1,mission_endurance_healthy,27.343528631136532,19.866807422802644
946,5159.903599060402,744.6010078973583,178.42023775706468,67.29630965124566,96.5771304870087,1.4798248776715628,22.842076317747217,endurance,4000,-5,none,-1.0,-1,-1,mission_endurance_healthy,27.34138259528982,20.40793810506928
947,5157.129737970749,749.4133348515818,180.68295282224372,68.60803506662482,96.1350528904319,1.415232974184467,22.37894747624524,endurance,4000,-5,none,-1.0,-1,-1,mission_endurance_healthy,27.32582875157346,19.839243998909073
948,5151.695449075379,751.5447603091931,182.1768219876075,67.10930020693775,96.22925971745262,1.2487339199317775,22.4274102872681,endurance,4000,-5,none,-1.0,-1,-1,mission_endurance_healthy,27.385595829356298,20.404896866133694
949,5155.328683692935,747.2497960080087,179.65574003908338,67.09315016414524,95.6881586252476,1.4480289961044768,22.949064142961458,endurance,4000,-5,none,-1.0,-1,-1,mission_endurance_healthy,27.37942968118124,20.214686916033262
950,5158.120823387973,748.2166315301954,179.25872517109264,65.91265329168513,97.5451384205569,1.5426144105040047,22.42821202463969,endurance,4000,-5,none,-1.0,-1,-1,mission_endurance_healthy,27.405090417602576,19.96675845290586
951,5157.558428813721,745.63674758771,178.50568680941768,67.98660698695926,96.2793388368,1.245215849700643,22.58526773200428,endurance,4000,-5,none,-1.0,-1,-1,mission_endurance_healthy,27.29561527257419,19.984564806601437
952,5156.640948688777,754.7569199393708,181.8062483529756,68.41470312934787,97.06427595837395,1.7177077604304911,22.4202706270783,endurance,4000,-5,none,-1.0,-1,-1,mission_endurance_healthy,27.2858965423671,20.02098664649438
953,5156.121305016177,755.0440598367744,180.14859223606516,65.93940419263826,97.77531518891304,1.39417170411059,22.583502205414288,endurance,4000,-5,none,-1.0,-1,-1,mission_endurance_healthy,27.276353348393343,20.44901342312473
954,5156.916164488473,755.1248359999762,179.07441744896954,66.6416630833485,96.339629657569,1.3384488590518684,22.4712615865473,endurance,4000,-5,none,-1.0,-1,-1,mission_endurance_healthy,27.305509764059984,20.28243830634509
955,5160.654767733979,749.0053315341642,182.90739870591355,67.66006552190791,96.61167298384838,1.607191769156277,22.724624235174023,endurance,4000,-5,none,-1.0,-1,-1,mission_endurance_healthy,27.292840453986727,19.587574585084283
956,5159.439140917761,751.3339083011281,178.1395950985016,67.83754912927803,97.33313098142348,1.4271670994692514,22.77316863762781,endurance,4000,-5,none,-1.0,-1,-1,mission_endurance_healthy,27.26810695361989,19.930854565854787
957,5160.876016857059,753.0801404114366,175.26870834961468,68.84620926840572,97.01312205679336,1.3361068583365818,22.99656513058293,endurance,4000,-5,none,-1.0,-1,-1,mission_endurance_healthy,27.182801656193227,20.261571814680828
958,5165.850179197665,756.269041793665,179.8286576309519,67.36333589429199,96.50056435669532,1.5556307491106158,22.86986215606997,endurance,4000,-5,none,-1.0,-1,-1,mission_endurance_healthy,27.24203230469402,20.40514827570869
959,5165.249683655475,749.0387147189329,178.067790138268,67.90490432734676,97.80146575930748,1.506832944274631,22.398182416937537,endurance,4000,-5,none,-1.0,-1,-1,mission_endurance_healthy,27.22434613391857,20.02936345249943
960,5167.824583527758,755.2295653050996,178.76460474585812,68.96281472480662,94.24749263801672,1.239711985351447,23.018780788620987,endurance,4000,-5,none,-1.0,-1,-1,mission_endurance_healthy,27.190971018028375,19.758574302053795
961,5165.55820449506,753.2655046122628,179.12929751982537,68.18012813870457,96.44176932632026,1.3320735545787863,22.72720715885608,endurance,4000,-5,none,-1.0,-1,-1,mission_endurance_healthy,27.193599092691525,19.632708154254072
962,5165.95257980232,755.0171404324425,182.0782865020112,67.26761499242403,97.94986136316072,1.4282749548712914,23.202075832910307,endurance,4000,-5,none,-1.0,-1,-1,mission_endurance_healthy,27.240990291959033,19.38808906707759
963,5165.074221344863,754.6231820643328,180.7393034547146,66.67086727730839,96.9760056479958,1.365104030098235,22.731724160554467,endurance,4000,-5,none,-1.0,-1,-1,mission_endurance_healthy,27.177159633862892,19.67800563045384
964,5169.95925101059,750.9048278702936,177.06801408743578,67.93626041128931,96.68147503392726,1.2205775312370235,22.66722256681352,endurance,4000,-5,none,-1.0,-1,-1,mission_endurance_healthy,27.18486098316774,20.15173171773257
965,5168.681237443697,753.5439597947162,177.4089212797015,66.63155502466789,98.57934443482492,1.5385301479958018,22.9932938304238,endurance,4000,-5,none,-1.0,-1,-1,mission_endurance_healthy,27.209656697494147,20.36185188721547
966,5164.240873435803,750.2435984244504,181.82366913454172,67.68143033296872,96.98876493632903,1.3135390695670133,22.59899949885846,endurance,4000,-5,none,-1.0,-1,-1,mission_endurance_healthy,27.253813473850933,20.39373710804662
967,5165.3804031850805,747.3758988107866,177.62802640837378,67.18525168753345,97.15226809898448,1.3745233423483565,23.12000014036724,endurance,4000,-5,none,-1.0,-1,-1,mission_endurance_healthy,27.267228524430134,20.266052580754
968,5163.408507734223,752.3621688566235,179.2681636104359,66.96907376148094,97.21277136525336,1.465130476555087,22.969027973394507,endurance,4000,-5,none,-1.0,-1,-1,mission_endurance_healthy,27.308376423128347,20.42015924855983
969,5168.942709860183,746.8749905392206,181.07786604741557,67.55010674270264,95.34857675105042,1.445721213085012,23.138374022130257,endurance,4000,-5,none,-1.0,-1,-1,mission_endurance_healthy,27.39543628240812,20.096988009332172
970,5170.731385376029,757.2613393305236,178.8345055411002,67.65348095023245,96.53314090813554,1.4966138512108962,22.80657895922302,endurance,4000,-5,none,-1.0,-1,-1,mission_endurance_healthy,27.3002337894812,20.67510662666216
971,5169.134524924337,754.7080692262691,178.32501928144683,66.32726943613179,97.14545111887632,1.6574606116887678,22.737212562015745,endurance,4000,-5,none,-1.0,-1,-1,mission_endurance_healthy,27.408311329897273,19.858867182047447
972,5164.825190426962,750.5610495158699,179.25473318437747,67.68990728722352,97.5366450405432,1.2857902592821704,22.719523443677605,endurance,4000,-5,none,-1.0,-1,-1,mission_endurance_healthy,27.40009015286609,20.12120991925641
973,5165.041253065075,753.7684730489991,178.53273381996578,65.6462218193592,97.68841613597137,1.5337570951893171,22.75193083728415,endurance,4000,-5,none,-1.0,-1,-1,mission_endurance_healthy,27.429067256270528,19.664257041257258
974,5164.26695235516,750.6797501623681,180.01288859116133,68.26582382901786,96.77014876598643,1.4187143786134775,22.517736092330317,endurance,4000,-5,none,-1.0,-1,-1,mission_endurance_healthy,27.36549452519439,19.873511618979787
975,5163.822624280177,752.3102544999887,181.76792540564853,65.80711843670029,96.53211139177311,1.3171381013955168,22.86065910185317,endurance,4000,-5,none,-1.0,-1,-1,mission_endurance_healthy,27.342703134768676,20.01880642415272
976,5164.334402151984,748.4949571626405,180.0692553767389,68.03852298278002,96.54360486983994,1.599641539234271,22.599671774688236,endurance,4000,-5,none,-1.0,-1,-1,mission_endurance_healthy,27.411323904057177,20.151384505359257
977,5178.041611282621,756.6877243524978,179.51833247844425,66.75994238090429,97.25253745269204,1.72349674586117,23.129667037360505,endurance,4000,-5,none,-1.0,-1,-1,mission_endurance_healthy,27.37952469560714,19.866575214417324
978,5175.021589339849,749.2741861385236,178.1969502949063,66.15998475746208,96.06860080620768,1.360705899520885,22.739944507100383,endurance,4000,-5,none,-1.0,-1,-1,mission_endurance_healthy,27.37489992911746,20.13562214728043
979,5176.001460409772,750.5134658008759,178.71248424258064,66.64888416120655,96.67395878545676,1.431603290508775,22.632146857722148,endurance,4000,-5,none,-1.0,-1,-1,mission_endurance_healthy,27.354842305496202,20.45725031296312
980,5179.471915070189,762.3463625169765,177.07340208308236,68.66275993794972,97.44214417539796,1.513145576683354,22.94985171524384,endurance,4000,-5,none,-1.0,-1,-1,mission_endurance_healthy,27.321387558501442,20.060400389451715
981,5184.446576576699,756.5634795600641,182.6116268358437,67.65763251543028,97.90620532766492,1.2804651984540605,22.971866663840988,endurance,4000,-5,none,-1.0,-1,-1,mission_endurance_healthy,27.273198853604043,20.492775896091796
982,5184.043727414904,751.6246276014699,181.0351105530765,67.46639714723726,99.20887302067533,1.4676047840642588,23.453057392395245,endurance,4000,-5,none,-1.0,-1,-1,mission_endurance_healthy,27.236653815871026,19.72896860617355
983,5185.362319015702,756.8240977708483,182.42627928133464,68.65118789002773,98.21306772258316,1.4115251955732484,23.45475468263748,endurance,4000,-5,none,-1.0,-1,-1,mission_endurance_healthy,27.333157515409415,19.699969677268612
984,5184.50227799165,750.0745427029393,180.01943877389277,68.64396968826043,96.95590257666376,1.6388168192193495,23.37047326583583,endurance,4000,-5,none,-1.0,-1,-1,mission_endurance_healthy,27.445720588463328,19.46944550958526
985,5192.848616044146,754.8147002871278,184.7942841862973,70.40749565883915,97.51807101960168,1.3102663995413544,23.04656117866308,endurance,4000,-5,none,-1.0,-1,-1,mission_endurance_healthy,27.33699299748109,20.37142478620094
986,5190.555433130848,752.083824465425,182.77585502007324,67.34561415681719,98.64167011869677,1.465590135535646,23.311855937342305,endurance,4000,-5,none,-1.0,-1,-1,mission_endurance_healthy,27.41898872547424,19.92035359201303
987,5191.856561997794,752.9190504255652,180.2725904961784,69.99394517713276,98.21226275962506,1.5158587624118025,22.99296652721069,endurance,4000,-5,none,-1.0,-1,-1,mission_endurance_healthy,27.373084025817192,20.053100836759047
988,5189.017523895483,754.7050964545351,179.40921958533747,69.21259270013684,96.30207381400864,1.5766071409904847,22.86185399397268,endurance,4000,-5,none,-1.0,-1,-1,mission_endurance_healthy,27.480460949326,20.07795906976491
989,5192.093025542774,756.9354321025338,178.21326348272115,68.15152206967839,96.88574733442766,1.2913465717546035,23.048726199563685,endurance,4000,-5,none,-1.0,-1,-1,mission_endurance_healthy,27.447196170423094,19.624204971119553
990,5189.44120643074,758.1010809449068,179.13583915800842,68.85908056425099,96.45703932542216,1.502998094709387,22.663974119828023,endurance,4000,-5,none,-1.0,-1,-1,mission_endurance_healthy,27.47515165930758,19.935868901187256
991,5195.869507641333,754.8875387535962,181.29170487706563,66.74057638605245,95.36942315857084,1.3297686571856584,23.133634492959583,endurance,4000,-5,none,-1.0,-1,-1,mission_endurance_healthy,27.40094656299386,20.188757279995077
992,5193.760551720549,749.7757832248875,177.7327876426425,67.37840911364057,96.07228740303296,1.461868351908211,23.309874809476703,endurance,4000,-5,none,-1.0,-1,-1,mission_endurance_healthy,27.394109847914283,20.533200651084407
993,5193.433229333873,756.1667676906329,182.16198880238196,68.98111420793062,95.9878822410844,1.4869226714484762,23.20979200302672,endurance,4000,-5,none,-1.0,-1,-1,mission_endurance_healthy,27.533480799550247,19.86697685571685
994,5193.236339263569,755.6772214084431,182.74904311797437,67.78536498848548,96.18973348290788,1.4882728751512804,22.938855053668583,endurance,4000,-5,none,-1.0,-1,-1,mission_endurance_healthy,27.455216039274454,19.931956789231734
995,5194.586238906076,759.648709604365,181.3832808275245,67.19662241525876,95.54568752588315,1.4792697144291695,23.024927489139035,endurance,4000,-5,none,-1.0,-1,-1,mission_endurance_healthy,27.428301280583725,19.952988462339484
996,5192.160009891578,756.2946943594234,180.6950752374261,68.4289727479312,97.36898709486567,1.2962035772053453,23.006866029449824,endurance,4000,-5,none,-1.0,-1,-1,mission_endurance_healthy,27.349656846510868,20.1428306081573
997,5185.111433355505,760.5458470311812,179.28410391598365,68.72433106738546,97.73435746195707,1.263012221440974,22.59627090621902,endurance,4000,-5,none,-1.0,-1,-1,mission_endurance_healthy,27.461201978984867,19.868911745411562
998,5177.679326228734,756.9062579616171,183.87721098747616,68.15357368346973,98.29232067216242,1.5064974429723847,22.718893550904514,endurance,4000,-5,none,-1.0,-1,-1,mission_endurance_healthy,27.487856788345994,20.091933306859104
999,5176.753608971869,752.6661312880317,179.70371428561026,69.35981623497094,95.83382761575716,1.4449807441690614,23.22918723243549,endurance,4000,-5,none,-1.0,-1,-1,mission_endurance_healthy,27.437029997416353,20.327764917765847
1000,5181.155963512067,755.4230778343637,182.7125239926582,67.35918175101119,98.91767414978553,1.4656075838983893,22.74880017246285,endurance,4000,-5,none,-1.0,-1,-1,mission_endurance_healthy,27.52327809228272,20.389469920994284
1001,5185.564764585794,754.4419098706187,181.3947130210391,67.36384206669642,97.07516876626453,1.409466239753864,22.68170494759177,endurance,4000,-5,none,-1.0,-1,-1,mission_endurance_healthy,27.50342523275154,19.39341436824633
1002,5187.466091559028,760.825432452752,183.06036653719076,67.9578487741591,95.87375089516866,1.5570911996794894,22.97363516943873,endurance,4000,-5,none,-1.0,-1,-1,mission_endurance_healthy,27.451003015061787,20.49899080558974
1003,5191.51477033763,751.8838575648623,182.69958791718352,66.26602979216132,97.19665746088332,1.5093396016000145,22.886792446208744,endurance,4000,-5,none,-1.0,-1,-1,mission_endurance_healthy,27.57713104244633,19.386514062274195
1004,5191.576068288371,754.520261077299,179.39568403645555,67.73599780152799,97.69732750253203,1.2331111842055171,22.956535150833208,endurance,4000,-5,none,-1.0,-1,-1,mission_endurance_healthy,27.513558374747046,19.458162630537966
1005,5191.109588854413,757.1593407704107,181.524216025308,67.3865049409503,97.09295794309448,1.5386356931581515,22.758559850554946,endurance,4000,-5,none,-1.0,-1,-1,mission_endurance_healthy,27.522843527946556,20.660267091617683
1006,5193.303448016789,751.8266746224589,180.61289056275317,67.63421590520925,95.28652557918387,1.3386338227079495,22.377165917758504,endurance,4000,-5,none,-1.0,-1,-1,mission_endurance_healthy,27.527377292610694,19.956055602160927
1007,5198.920174308539,759.0503820672045,182.66764002743307,68.75550720407252,98.19104973489762,1.350880535526494,23.24800250972909,endurance,4000,-5,none,-1.0,-1,-1,mission_endurance_healthy,27.539312687565495,20.05841300995734
1008,5200.0,750.9326155909954,179.47300836588815,68.18181153401211,96.46740684314766,1.683202320938627,23.05468395792939,endurance,4000,-5,none,-1.0,-1,-1,mission_endurance_healthy,27.497648855831983,19.75997330944475
1009,5200.0,759.8847693271235,180.9409846888636,68.2434838506115,98.347241292124,1.4648282026770063,22.900288082222385,endurance,4000,-5,none,-1.0,-1,-1,mission_endurance_healthy,27.45542645284032,20.067313792441805
1010,5200.0,757.299275915763,180.26168272111207,67.62175926894666,96.34696014963208,1.3769336396613088,23.06276056181966,endurance,4000,-5,none,-1.0,-1,-1,mission_endurance_healthy,27.436836826135092,19.688389478157852
1011,5199.091166843521,755.4155594278744,181.508811422328,67.28394551560204,97.44823998288916,1.444465832695054,22.94430986819835,endurance,4000,-5,none,-1.0,-1,-1,mission_endurance_healthy,27.440733010241303,20.11957531685951
1012,5189.66514905996,754.787193982788,178.34059541655682,66.92377859278743,97.90193089783662,1.368039723338963,22.97654542214075,endurance,4000,-5,none,-1.0,-1,-1,mission_endurance_healthy,27.36525482105843,19.89111252008712
1013,5194.004515294976,751.521336541569,181.31228538732404,66.75925926360694,97.92789610580566,1.4730230229629662,23.257212280498365,endurance,4000,-5,none,-1.0,-1,-1,mission_endurance_healthy,27.353757276862456,20.055450759422012
1014,5193.919643589762,758.2522735538437,179.9581588430488,70.26342789325659,96.29804918789402,1.346764530106135,23.002857899834694,endurance,4000,-5,none,-1.0,-1,-1,mission_endurance_healthy,27.461672868995297,19.87057176896973
1015,5199.363066093357,758.5708686386226,182.03607207469392,68.44697076949393,96.60132467025284,1.370828984076976,22.43566529915955,endurance,4000,-5,none,-1.0,-1,-1,mission_endurance_healthy,27.520162143218393,20.38803972835355
1016,5200.0,752.4031332762441,180.348669487586,68.29230802065645,97.02545947944942,1.4768514515099047,22.916107161086877,endurance,4000,-5,none,-1.0,-1,-1,mission_endurance_healthy,27.564519174069982,19.9719553510764
1017,5200.0,757.299710710089,180.47294085067497,68.23802051866656,98.49308859015431,1.51701007155907,23.173898497520604,endurance,4000,-5,none,-1.0,-1,-1,mission_endurance_healthy,27.55694445105123,19.625421333198293
1018,5200.0,755.8142730499095,181.01400167722664,68.54091822619701,97.922949615106,1.636097682925702,23.0598017131562,endurance,4000,-5,none,-1.0,-1,-1,mission_endurance_healthy,27.457427243462092,20.49038350652394
1019,5200.0,756.0623089399807,180.86789595878707,69.24849113616976,97.61676122246426,1.5754237694898114,23.25255779025696,endurance,4000,-5,none,-1.0,-1,-1,mission_endurance_healthy,27.58068619310402,19.507054391275233
1020,5200.0,752.0661202105638,176.8624926969362,69.18365330653103,95.3023462419886,1.5393709290898538,23.120106052512533,endurance,4000,-5,none,-1.0,-1,-1,mission_endurance_healthy,27.50042364922232,20.225656792243342
1021,5200.0,761.84725466404,182.14993129874912,67.58776184859948,98.46326835751992,1.6085327556127649,22.94193254041565,endurance,4000,-5,none,-1.0,-1,-1,mission_endurance_healthy,27.539585788705725,20.477889655673174
1022,5200.0,759.5398549578928,181.0848005641276,68.20386089992938,97.6108037285522,1.4029672627284606,22.512704618018105,endurance,4000,-5,none,-1.0,-1,-1,mission_endurance_healthy,27.522205979420363,20.225605019689535
1023,5200.0,754.4014235806856,180.63566144320671,68.30755001321168,95.63998300914535,1.4085429795127808,23.105023614338467,endurance,4000,-5,none,-1.0,-1,-1,mission_endurance_healthy,27.586301878769568,19.78474522576279
1024,5200.0,756.332383846328,181.3205106079908,67.48774859901019,95.94026234840469,1.4310420275795064,23.330364927807985,endurance,4000,-5,none,-1.0,-1,-1,mission_endurance_healthy,27.479250836733833,20.087987312395885
1025,5200.0,762.2574897636841,179.93840611131552,67.37443562328504,98.67831642553593,1.3869674516486494,22.74636158668735,endurance,4000,-5,none,-1.0,-1,-1,mission_endurance_healthy,27.58358400144023,19.332523061836017
1026,5200.0,756.1900622291155,181.41312620439172,66.50768241449884,97.78210856435872,1.5432254767924665,23.20691919606081,endurance,4000,-5,none,-1.0,-1,-1,mission_endurance_healthy,27.447981323021086,19.969003231706765
1027,5200.0,755.7883527844831,178.39427446712497,70.17090541182577,97.16452127387088,1.547807622697029,22.901727973904418,endurance,4000,-5,none,-1.0,-1,-1,mission_endurance_healthy,27.448812923091072,20.171965552478564
1028,5200.0,757.7088006857302,179.3236602403825,68.39200855715127,96.93968565135948,1.453432401465601,23.02184455180017,endurance,4000,-5,none,-1.0,-1,-1,mission_endurance_healthy,27.48026093418034,20.03843486032085
1029,5200.0,758.454255300411,181.14659254523528,66.505248706847,96.47773954108489,1.5315089198222405,23.2401778441983,endurance,4000,-5,none,-1.0,-1,-1,mission_endurance_healthy,27.431555303310766,19.699799158433574
1030,5200.0,755.8704137794139,178.36554908732708,68.370057460065,96.34463947604046,1.50356958357858,22.793506636702595,endurance,4000,-5,none,-1.0,-1,-1,mission_endurance_healthy,27.410944006679465,19.969628512607787
1031,5200.0,756.4266170381414,181.19936875959385,65.30806130440571,96.5677046014932,1.6191659482630931,23.089322932549685,endurance,4000,-5,none,-1.0,-1,-1,mission_endurance_healthy,27.512446804840035,19.677628031363486
1032,5200.0,759.4486506883799,183.993720965663,66.7224463471877,97.69340512792483,1.532398037833477,22.80719602765237,endurance,4000,-5,none,-1.0,-1,-1,mission_endurance_healthy,27.379650172226285,20.099836461369435
1033,5200.0,754.5602108368957,183.32040702110143,68.05720316962619,97.47220028581836,1.464912190301347,22.79424082217891,endurance,4000,-5,none,-1.0,-1,-1,mission_endurance_healthy,27.395522798218416,20.766846958816007
1034,5200.0,754.1080788431141,182.5796522850332,67.100363798361,96.61654885726112,1.4276665340201793,22.822591855285552,endurance,4000,-5,none,-1.0,-1,-1,mission_endurance_healthy,27.4099875142025,20.281542535248764
1035,5200.0,756.1102094551753,180.07599340595715,67.43459057157357,96.3682731988021,1.4467360235177835,23.034805618545207,endurance,4000,-5,none,-1.0,-1,-1,mission_endurance_healthy,27.42127599271232,19.855363298954448
1036,5200.0,749.5404285115686,179.76994344044567,68.4654635904266,96.26621421212512,1.256354771495721,23.22865846647295,endurance,4000,-5,none,-1.0,-1,-1,mission_endurance_healthy,27.476211868728832,20.067970074093786
1037,5200.0,752.4822218185049,181.19920706441795,68.64122464558731,99.51286391714628,1.4721179088021965,23.04413275742376,endurance,4000,-5,none,-1.0,-1,-1,mission_endurance_healthy,27.45144498785632,19.990395278898035
1038,5200.0,757.1450145953652,182.5880230277897,67.20331133104176,95.71007321730012,1.5292075065886206,22.492089479022265,endurance,4000,-5,none,-1.0,-1,-1,mission_endurance_healthy,27.49879541561583,19.88169936129206
1039,5200.0,753.1723521489364,181.70499169195037,68.49191974450473,96.53648291427868,1.4988120972945151,23.195413322647106,endurance,4000,-5,none,-1.0,-1,-1,mission_endurance_healthy,27.443913838037417,19.75290461228111
1040,5200.0,756.76945957673,180.94494645722148,67.65314657178875,97.4134806301662,1.46532513622772,23.31282854534504,endurance,4000,-5,none,-1.0,-1,-1,mission_endurance_healthy,27.4421580160819,20.17019183880743
1041,5200.0,754.8343665875586,180.92682613094144,67.51900618562959,94.6330922213294,1.5679190133244545,23.272984887152745,endurance,4000,-5,none,-1.0,-1,-1,mission_endurance_healthy,27.376001335268842,20.24858381760085
1042,5200.0,755.7306715475041,184.39218092463656,68.65793139929308,97.50307742245576,1.5438586401339824,23.328099209036928,endurance,4000,-5,none,-1.0,-1,-1,mission_endurance_healthy,27.448241986750254,20.006606081929945
1043,5200.0,750.8080120566586,177.52923421935003,68.18058054284447,98.47411158417088,1.577507758930765,23.20723098941372,endurance,4000,-5,none,-1.0,-1,-1,mission_endurance_healthy,27.31329430216988,19.76047153949286
1044,5200.0,750.6494154343272,178.88300766734923,67.89968412747437,96.48392256546768,1.5196366151739362,23.195081932613384,endurance,4000,-5,none,-1.0,-1,-1,mission_endurance_healthy,27.349269744907904,19.870878825335435
1045,5196.866709492276,750.0748231265078,182.49044811332035,67.89800790368996,97.4997998995128,1.3403709557406385,23.102412808462105,endurance,4000,-5,none,-1.0,-1,-1,mission_endurance_healthy,27.49204885256615,20.29915552812777
1046,5195.250898410823,759.0857857501499,181.55354114393876,68.16571230346737,97.64865323434849,1.459257068070721,23.209557951548906,endurance,4000,-5,none,-1.0,-1,-1,mission_endurance_healthy,27.299299187633274,19.25034741294399
1047,5193.925878748648,753.8108503631564,178.90041390375066,68.31942597232171,96.98492991379914,1.405351809426485,22.84475288682745,endurance,4000,-5,none,-1.0,-1,-1,mission_endurance_healthy,27.307430164222907,19.81163299045946
1048,5188.929972971362,755.0419169616706,182.6523990226204,68.47080729198211,97.27709733664224,1.6066632438009425,22.8156258899602,endurance,4000,-5,none,-1.0,-1,-1,mission_endurance_healthy,27.38246361057734,19.589892233947555
1049,5183.56551758858,756.2344431247468,178.6982418980285,66.84231638529361,97.03714175463176,1.3539453858558612,22.600532919606096,endurance,4000,-5,none,-1.0,-1,-1,mission_endurance_healthy,27.44206960355159,20.580645061432406
1050,5191.785381965508,757.5610266913038,180.7231410991003,68.30010664803113,96.61474510351992,1.629426700762115,22.84819258118828,endurance,4000,-5,none,-1.0,-1,-1,mission_endurance_healthy,27.421517642512956,20.462897746482014
1051,5192.61826192948,752.9178475806649,180.7196734573924,68.7514361566752,98.09666601061726,1.5977313734055891,23.224016405586315,endurance,4000,-5,none,-1.0,-1,-1,mission_endurance_healthy,27.49245007713876,20.19870692424496
1052,5191.047969923417,749.4098495496536,181.1609099130206,68.42068120981705,96.28750848786429,1.5118446184088692,23.188455514015203,endurance,4000,-5,none,-1.0,-1,-1,mission_endurance_healthy,27.535835798269524,20.01248805552459
1053,5193.142708805778,752.5798615787427,180.60668258974331,66.63555979433806,96.48255625166182,1.530950158292702,22.92549952400185,endurance,4000,-5,none,-1.0,-1,-1,mission_endurance_healthy,27.50094181473675,19.78091947974177
1054,5193.994927482185,754.270701049865,182.2554214297572,68.06928034803249,96.91631159378116,1.4401769952693857,23.630007313572445,endurance,4000,-5,none,-1.0,-1,-1,mission_endurance_healthy,27.590289959512898,20.251042637118037
1055,5194.562297436574,753.6262874795267,180.51882855177791,67.53119544337788,96.81352504950058,1.5958033268003202,23.205825434031567,endurance,4000,-5,none,-1.0,-1,-1,mission_endurance_healthy,27.60230677887849,19.98020141401715
1056,5193.128336519232,754.4123177543439,179.79874337065746,67.866303198166,97.66984162954682,1.3517840762157851,23.0470462754827,endurance,4000,-5,none,-1.0,-1,-1,mission_endurance_healthy,27.55417241059278,19.823884173902343
1057,5192.095276057347,748.4379386409378,179.63050979299408,66.30999059796673,96.01881824742838,1.5068316355318296,22.99610101413249,endurance,4000,-5,none,-1.0,-1,-1,mission_endurance_healthy,27.54952618461326,19.40098118029055
1058,5190.354956855404,752.2960211208078,177.88246767081637,68.66577966244814,96.10363213289814,1.289317589906782,23.280225872670165,endurance,4000,-5,none,-1.0,-1,-1,mission_endurance_healthy,27.557459419761127,19.87777434083727
1059,5197.02934881979,751.4300566609922,180.43372338749617,68.1036642271933,97.61249803735824,1.544402701104842,22.78178791309831,endurance,4000,-5,none,-1.0,-1,-1,mission_endurance_healthy,27.527197956651445,20.52727792393412
1060,5195.869116007037,758.5302109948161,183.7400442388752,66.88513108347301,97.001295850571,1.5013382733936256,23.27697981019115,endurance,4000,-5,none,-1.0,-1,-1,mission_endurance_healthy,27.53267978697959,20.553175497669596
1061,5197.679324571416,752.1173304731378,180.8817393863372,68.93554705927353,98.0210897497715,1.6553260411767572,23.027691507156806,endurance,4000,-5,none,-1.0,-1,-1,mission_endurance_healthy,27.536147121565474,19.935150683221313
1062,5199.751077411737,749.5896039090809,183.46980014799496,67.98318355479371,97.49644065677973,1.380342969196436,23.00165705514556,endurance,4000,-5,none,-1.0,-1,-1,mission_endurance_healthy,27.480300498661865,19.713663617335452
1063,5192.473183780491,755.9010988507082,179.63795698694565,67.9650384016682,96.08853025956864,1.5797967232351589,22.575737849557264,endurance,4000,-5,none,-1.0,-1,-1,mission_endurance_healthy,27.458507666369897,20.273619855619547
1064,5196.955957504665,759.5187740479831,181.600390713434,69.10510732697006,95.43718116316865,1.4238965151786325,23.020007071252248,endurance,4000,-5,none,-1.0,-1,-1,mission_endurance_healthy,27.57028765892231,19.942010502841224
1065,5197.907488790424,758.2554774910134,181.5867575774321,68.32117105956294,97.13172870864597,1.4338386616399763,23.209744843980385,endurance,4000,-5,none,-1.0,-1,-1,mission_endurance_healthy,27.454023982142996,19.158880636323712
1066,5190.898850422516,757.1492574538387,176.45191149322673,68.85180199131014,96.75336784125147,1.394430371689939,22.945835898720745,endurance,4000,-5,none,-1.0,-1,-1,mission_endurance_healthy,27.548879428845982,19.87745457236572
1067,5196.755096759274,757.2206324843329,179.19448946000148,68.07979829104237,98.54587476934624,1.429478014322512,23.14371497321333,endurance,4000,-5,none,-1.0,-1,-1,mission_endurance_healthy,27.48964717568678,19.913353830878055
1068,5200.0,755.8892243421034,178.9801206845761,67.41227718120057,97.27611411399768,1.3927676508603493,23.1339777168898,endurance,4000,-5,none,-1.0,-1,-1,mission_endurance_healthy,27.541442622348566,19.91726165672189
1069,5200.0,755.2969000335454,181.74709657699665,67.75956834814276,98.84032361110926,1.370050339160957,23.16700820955342,endurance,4000,-5,none,-1.0,-1,-1,mission_endurance_healthy,27.5280015843655,20.357796653119152
1070,5199.237936699227,752.2011724760544,178.63938622549415,67.17594586732521,98.09861673766244,1.6817463776669268,22.931198640348835,endurance,4000,-5,none,-1.0,-1,-1,mission_endurance_healthy,27.461156229899068,19.808799594522508
1071,5195.693637555776,756.2010621141438,182.4926024379433,67.69769850904137,96.78186710743483,1.1699283089957175,23.09581296254652,endurance,4000,-5,none,-1.0,-1,-1,mission_endurance_healthy,27.479765171858666,19.777426263069877
1072,5195.073856891898,758.7649029776055,180.94907229673476,67.22457756696173,97.91579434242084,1.625853256164309,23.096614088289865,endurance,4000,-5,none,-1.0,-1,-1,mission_endurance_healthy,27.449508810213352,20.15722120895258
1073,5193.2785665947085,758.0227495588747,179.4496692348182,67.04591595740176,97.5957205515858,1.4950822044401193,22.759838620187896,endurance,4000,-5,none,-1.0,-1,-1,mission_endurance_healthy,27.51434416907043,20.11295839363405
1074,5197.227002157773,751.4167410269752,178.99707621585276,68.18442439010087,99.58691377347203,1.3941345428474774,23.310574033125768,endurance,4000,-5,none,-1.0,-1,-1,mission_endurance_healthy,27.582633389885846,20.357466820827362
1075,5199.733958615351,759.303481554781,184.64192393082087,68.16470810886554,96.70973228851608,1.5300369310117043,23.328012303530716,endurance,4000,-5,none,-1.0,-1,-1,mission_endurance_healthy,27.542308242291664,19.69475677204286
1076,5200.0,755.1226885049283,182.34479396301617,67.59273535738834,95.61177699254814,1.4466123059956872,22.828457061758517,endurance,4000,-5,none,-1.0,-1,-1,mission_endurance_healthy,27.493619952369148,19.51745877250335
1077,5200.0,757.2165901047673,181.0965366102624,68.8922955434594,96.75450442610462,1.4037965755452886,22.948880489024965,endurance,4000,-5,none,-1.0,-1,-1,mission_endurance_healthy,27.579922036559744,20.23309986887616
1078,5200.0,758.1682989970456,183.84194399810957,67.31245072382302,98.27595885239413,1.4932709441791725,23.272678070538927,endurance,4000,-5,none,-1.0,-1,-1,mission_endurance_healthy,27.482270900152212,20.1961098466233
1079,5200.0,752.8024558471247,180.7390231874898,68.7432265580138,95.09361778437898,1.4371120979335923,22.583273436372984,endurance,4000,-5,none,-1.0,-1,-1,mission_endurance_healthy,27.414655893418338,20.08228356214008
1080,5200.0,755.0295690653256,182.1986700168785,66.67027155658221,97.19640378305544,1.5849975608138829,22.921789561273982,endurance,4000,-5,none,-1.0,-1,-1,mission_endurance_healthy,27.478431690280495,19.69519760966372
1081,5200.0,757.7295121807581,180.6718888248058,68.37746045865352,98.17095699732204,1.4241990713324566,23.112249474187976,endurance,4000,-5,none,-1.0,-1,-1,mission_endurance_healthy,27.48101035657554,20.508008574103734
1082,5200.0,752.4930460989814,182.25669069753965,67.40703891564438,98.64642770851246,1.6054235632395248,23.20605085218361,endurance,4000,-5,none,-1.0,-1,-1,mission_endurance_healthy,27.4338022091036,20.321541901801137
1083,5200.0,753.9941005751182,182.0348057826721,67.7235460200717,99.4479626405608,1.2512874498274396,22.908656529466658,endurance,4000,-5,none,-1.0,-1,-1,mission_endurance_healthy,27.421330281441804,20.09370565637462
1084,5200.0,756.7147617416856,183.12131997658025,68.64716492569795,96.58094423221232,1.4922372489227995,23.036233757601813,endurance,4000,-5,none,-1.0,-1,-1,mission_endurance_healthy,27.463686177114603,19.873016904853692
1085,5200.0,749.4615175308526,183.04427080947647,67.13381540859628,96.6543504271904,1.368807331480106,23.085787060744316,endurance,4000,-5,none,-1.0,-1,-1,mission_endurance_healthy,27.43471078290363,19.625714575073044
1086,5200.0,750.4963075240025,181.32860355578904,69.34407772543767,98.34255997924444,1.6719574315410812,23.04443672595697,endurance,4000,-5,none,-1.0,-1,-1,mission_endurance_healthy,27.41306569972979,20.309971967022616
1087,5200.0,753.8580578676243,180.53963183101905,68.21390780050038,98.06690280794383,1.657174383617514,23.312654184971286,endurance,4000,-5,none,-1.0,-1,-1,mission_endurance_healthy,27.36707097957707,20.103467998739777
1088,5200.0,751.0835763087781,181.47424936944483,68.66927130427042,96.24706999520076,1.3347497071604009,22.98386705947728,endurance,4000,-5,none,-1.0,-1,-1,mission_endurance_healthy,27.467785425455105,19.78645617797729
1089,5200.0,753.2677586791913,182.4364380977289,67.40370900613624,97.63753647377456,1.414317496122907,22.894556322486668,endurance,4000,-5,none,-1.0,-1,-1,mission_endurance_healthy,27.442377244902655,20.229210479259123
1090,5200.0,759.7039736970818,182.2354112537052,68.79453832846033,97.52794659790418,1.5102127972817632,22.99153629980197,endurance,4000,-5,none,-1.0,-1,-1,mission_endurance_healthy,27.503792787295694,19.63519052595553
1091,5200.0,756.86655557117,180.01934873839556,67.22078853836052,97.722522371316,1.3337113820093762,22.90918961990403,endurance,4000,-5,none,-1.0,-1,-1,mission_endurance_healthy,27.508475133792334,19.741674715862352
1092,5200.0,758.5074382903575,181.53629263520568,66.63849729936511,96.37254793634804,1.311948691985816,22.98927447984257,endurance,4000,-5,none,-1.0,-1,-1,mission_endurance_healthy,27.50343116874725,20.216746951666327
1093,5200.0,752.269774567762,181.2180155947925,67.18174317531779,96.04523402731314,1.4905608479565828,23.805087550039342,endurance,4000,-5,none,-1.0,-1,-1,mission_endurance_healthy,27.417596272166595,20.01962079941871
1094,5200.0,758.1906813362635,183.55540037900604,68.36194011731895,97.40663466700772,1.4560145998241518,23.22563743262865,endurance,4000,-5,none,-1.0,-1,-1,mission_endurance_healthy,27.489438356488503,19.876487733216507
1095,5200.0,755.2201196296711,184.18823267846656,66.46604496486023,96.42544200531802,1.562687632620643,23.194528297605117,endurance,4000,-5,none,-1.0,-1,-1,mission_endurance_healthy,27.51002339847706,19.72767111536167
1096,5200.0,759.6114784841404,179.89648405995788,67.36410995647151,97.2095081106212,1.440813400724087,23.030261383752844,endurance,4000,-5,none,-1.0,-1,-1,mission_endurance_healthy,27.492904826489386,20.10271549203437
1097,5200.0,753.9196737283282,180.2717558821538,69.07044369761579,95.9198792626446,1.554390923272252,22.853738176971262,endurance,4000,-5,none,-1.0,-1,-1,mission_endurance_healthy,27.373385534545896,20.024012805600428
1098,5200.0,756.7145297004893,183.22695193766504,67.13420302422581,97.58330951888064,1.6094796644780334,22.7494714138445,endurance,4000,-5,none,-1.0,-1,-1,mission_endurance_healthy,27.50545256556925,19.848169064157805
1099,5200.0,757.2303802524214,181.35443640641932,66.96397753129574,96.11190964353794,1.5361053950395485,22.734143058969423,endurance,4000,-5,none,-1.0,-1,-1,mission_endurance_healthy,27.529387924370432,20.39305443275912
1100,5200.0,761.598021023824,181.7580631292659,69.18177409215038,97.33669118248235,1.5170453381103632,22.944685350806058,endurance,4000,-5,none,-1.0,-1,-1,mission_endurance_healthy,27.431921116099655,20.517283227179114
1101,5200.0,757.3890633762455,182.0717637550568,69.25093220465398,97.37146492411983,1.5257385400990393,23.040247606606783,endurance,4000,-5,none,-1.0,-1,-1,mission_endurance_healthy,27.424999965299172,19.857148489067008
1102,5200.0,753.0044778242418,178.94327189998504,68.58836090787838,96.24850491734222,1.440320508283524,22.86521033441399,endurance,4000,-5,none,-1.0,-1,-1,mission_endurance_healthy,27.48456701162361,19.82867695708554
1103,5200.0,756.5299508763594,179.23242966841372,67.61183991853942,95.0560176934718,1.47479507032628,23.02571547156615,endurance,4000,-5,none,-1.0,-1,-1,mission_endurance_healthy,27.47201507413179,20.08654915127876
1104,5200.0,761.8734603334792,183.0144812404236,69.1335382677475,97.26283522436442,1.6058164471449436,23.30061172219871,endurance,4000,-5,none,-1.0,-1,-1,mission_endurance_healthy,27.32530663957191,19.56127540510361
1105,5200.0,753.478746944975,181.794966114705,68.84560110237081,97.16891413137044,1.48301699544733,23.34409725519349,endurance,4000,-5,none,-1.0,-1,-1,mission_endurance_healthy,27.403777258218042,19.476822809682517
1106,5200.0,750.8973520767404,183.06877677896227,68.64096103179331,97.68737671332636,1.6471711652384111,22.905278959511328,endurance,4000,-5,none,-1.0,-1,-1,mission_endurance_healthy,27.416288761093977,19.79286089960744
1107,5198.917989331906,753.6831490028989,181.11949051173957,68.91904976769425,98.13106477261948,1.486507234075516,23.304815778792666,endurance,4000,-5,none,-1.0,-1,-1,mission_endurance_healthy,27.434983890575904,19.613180359722957
1108,5193.468850552853,757.7425008065011,182.15931460469764,68.59426315030858,96.09445119563004,1.2153919027433364,22.82072207844996,endurance,4000,-5,none,-1.0,-1,-1,mission_endurance_healthy,27.3784488970289,19.960537349288426
1109,5193.061967183195,749.5340408239512,181.82758365479503,67.70703226592956,97.4623356202674,1.5922519687643082,22.686257759011134,endurance,4000,-5,none,-1.0,-1,-1,mission_endurance_healthy,27.329091745662947,20.478398462118324
1110,5195.010084089743,751.7609445228869,180.6858837319833,67.15150566010689,95.27321660009228,1.3480847602690007,23.079846213750425,endurance,4000,-5,none,-1.0,-1,-1,mission_endurance_healthy,27.335654559668665,19.88733385634926
1111,5192.408098281969,762.1656479780189,182.9603470412612,68.74107464989001,96.00189871437536,1.4290472936447496,22.856813243815758,endurance,4000,-5,none,-1.0,-1,-1,mission_endurance_healthy,27.252633135586812,20.19991598141564
1112,5190.007501911451,753.5978354465639,180.70364897645632,68.37418802250114,95.49100089555331,1.2942229419060385,23.05706953558197,endurance,4000,-5,none,-1.0,-1,-1,mission_endurance_healthy,27.228429780637573,20.129686874656066
1113,5193.035809795203,754.1598524040687,182.7124561832043,66.92192771353854,96.8829506327939,1.5447798970501871,23.136735009485044,endurance,4000,-5,none,-1.0,-1,-1,mission_endurance_healthy,27.244105615815258,19.876047144018894
1114,5199.653631258256,756.4122681122419,178.87385085932675,68.62392994617916,96.80087829225285,1.60558865974675,23.046338734690544,endurance,4000,-5,none,-1.0,-1,-1,mission_endurance_healthy,27.425327999167987,19.837298397769
1115,5200.0,756.3073270104871,181.6342692815731,67.97207065973605,95.92325548529143,1.5676141166806132,22.95701056006627,endurance,4000,-5,none,-1.0,-1,-1,mission_endurance_healthy,27.46445189801733,20.09836853977164
1116,5200.0,753.5745900320794,185.30838201744407,67.03586349076596,97.00746588295266,1.4607066390847356,23.54759862917849,endurance,4000,-5,none,-1.0,-1,-1,mission_endurance_healthy,27.297793244447362,20.457991520649216
1117,5199.8129090438615,754.7765269258921,183.17986894054565,68.82790406246589,96.43307707412784,1.6606180805282236,23.320418221474984,endurance,4000,-5,none,-1.0,-1,-1,mission_endurance_healthy,27.406863318870357,19.4570261765564
1118,5198.543341217112,750.2193849541424,178.70029685307992,68.64310793157425,96.34344133915172,1.2628275322147466,23.51374126117712,endurance,4000,-5,none,-1.0,-1,-1,mission_endurance_healthy,27.306375166476908,19.917225858976167
1119,5199.044400865538,757.1736637572745,179.07290113510192,67.68972733381204,96.83534265365608,1.6377226368371889,23.10633335348561,endurance,4000,-5,none,-1.0,-1,-1,mission_endurance_healthy,27.28760692051986,19.681755379545777
1120,5200.0,756.2862499190538,181.0392786647853,68.0620273116486,96.99571993066084,1.6342708277446856,23.132433074072186,endurance,4000,-5,none,-1.0,-1,-1,mission_endurance_healthy,27.23792238754444,20.00637024181546
1121,5192.712383829256,761.6245569864601,181.5913884835776,67.57173532150753,97.5798988889442,1.5832307639074328,22.78079656870956,endurance,4000,-5,none,-1.0,-1,-1,mission_endurance_healthy,27.198860058274903,19.996068383413657
1122,5197.543956572436,753.1569821600212,179.99297388367492,67.14710692017282,96.33115277652134,1.4500512754816943,22.94934920562556,endurance,4000,-5,none,-1.0,-1,-1,mission_endurance_healthy,27.219420809115924,19.847158987067044
1123,5200.0,754.0864877178238,179.66604995794668,67.46082785366548,97.55751006035298,1.5422299569505382,23.4450141895608,endurance,4000,-5,none,-1.0,-1,-1,mission_endurance_healthy,27.245801543483125,20.863419562875897
1124,5198.863554807348,753.3562408802662,178.58213722476822,68.94686514537209,95.49936616389137,1.5653630419689455,23.001924761675166,endurance,4000,-5,none,-1.0,-1,-1,mission_endurance_healthy,27.158955565542797,20.482684694064606
1125,5200.0,754.6843135945846,179.73485484404688,68.72577728936648,95.22193343024485,1.7592861244037952,22.91628121428948,endurance,4000,-5,none,-1.0,-1,-1,mission_endurance_healthy,27.151787194156416,20.038478336630554
1126,5198.043322839464,757.5110087202567,177.8457938091531,68.60072385221689,97.15413097845564,1.5088577480275212,23.118723462627965,endurance,4000,-5,none,-1.0,-1,-1,mission_endurance_healthy,27.28342470173228,19.5667034673796
1127,5197.628185608624,758.7254972690943,180.1626678871301,68.24128112975183,94.58697740399462,1.471232041895463,23.335329868922308,endurance,4000,-5,none,-1.0,-1,-1,mission_endurance_healthy,27.15385926215029,20.061734306940615
1128,5200.0,754.4373267463843,182.72846108798868,67.6917645684274,99.09593538205736,1.4994433781688974,23.431348719403477,endurance,4000,-5,none,-1.0,-1,-1,mission_endurance_healthy,27.142194106946658,20.167497740321572
1129,5197.9144012390925,755.0564882695126,181.71615020778367,68.4283682028654,96.71063092305964,1.4894138902416636,22.84799508115937,endurance,4000,-5,none,-1.0,-1,-1,mission_endurance_healthy,27.15508158467307,19.512626670425746
1130,5195.63612863144,752.9836184840212,180.2810663380628,68.08583316590116,96.11567625961442,1.3652917148495465,22.9713149168205,endurance,4000,-5,none,-1.0,-1,-1,mission_endurance_healthy,27.18977905439658,19.594261748542642
1131,5193.56264187082,757.9688757077757,184.61457251524223,67.355707599451,96.71806504213528,1.6303652327885143,23.208288823821768,endurance,4000,-5,none,-1.0,-1,-1,mission_endurance_healthy,27.232839046453762,20.003586576721
1132,5192.117711039407,751.3679283125804,180.65872302534515,67.56308928324273,98.33108045794172,1.5699905606593354,22.94684248703573,endurance,4000,-5,none,-1.0,-1,-1,mission_endurance_healthy,27.219718308375406,19.455708097382875
1133,5193.098667575095,752.3374727466153,180.0447790301529,67.02658471490399,96.27601496438258,1.5073100848353769,23.3154620504108,endurance,4000,-5,none,-1.0,-1,-1,mission_endurance_healthy,27.264600481343006,20.070705785763252
1134,5192.526574477641,754.4748148494882,181.19034114245235,67.96687691516044,97.51609068790884,1.5612732226218025,23.414652029439534,endurance,4000,-5,none,-1.0,-1,-1,mission_endurance_healthy,27.159971954603733,20.221427205323184
1135,5199.520611817281,755.8957124674081,183.58487287172815,67.54806910900079,99.8405970017818,1.72215737351371,23.22283589458011,endurance,4000,-5,none,-1.0,-1,-1,mission_endurance_healthy,27.08984273935763,19.690801482674658
1136,5195.817058561579,750.9598521649256,179.9268188648856,68.45530047609547,96.57528489297384,1.4667559555452092,23.47337888074116,endurance,4000,-5,none,-1.0,-1,-1,mission_endurance_healthy,27.141977455540626,19.717847761655175
1137,5198.707093823858,753.685135098458,185.32432943050964,69.06311063450035,95.91082543924972,1.501264455283002,23.35004071092598,endurance,4000,-5,none,-1.0,-1,-1,mission_endurance_healthy,27.05858716340578,19.572136498150304
1138,5197.08833221334,754.4451894367061,180.17266631856916,67.03382058068057,96.97809807154432,1.5155320534403838,22.87776932139308,endurance,4000,-5,none,-1.0,-1,-1,mission_endurance_healthy,27.150813372587148,20.006099298330795
1139,5198.512502054195,757.2117814151819,180.5733091013766,68.59087988843474,97.81316351312304,1.535007842473836,22.781312983388418,endurance,4000,-5,none,-1.0,-1,-1,mission_endurance_healthy,27.15665051143515,19.900440834241223
1140,5197.819552539856,753.1434651774572,183.06729736791883,68.19520132148392,97.22541785522472,1.416111001902434,22.9081856800426,endurance,4000,-5,none,-1.0,-1,-1,mission_endurance_healthy,27.130837344162703,19.836959340584208
1141,5196.443099244812,753.1337707087922,180.77202675575444,68.15712438945165,97.6764075114137,1.2562503811912027,23.478530869122213,endurance,4000,-5,none,-1.0,-1,-1,mission_endurance_healthy,27.00478134608018,19.868614454661664
1142,5193.943969389464,760.9267702090126,183.221812812028,67.0120668849623,95.59598052106912,1.439599179842197,23.11668344207986,endurance,4000,-5,none,-1.0,-1,-1,mission_endurance_healthy,26.96008914933813,20.515775416106106
1143,5192.705506898877,757.8387697565855,182.08712801118327,67.06878157805544,98.38237449273744,1.5125188577795443,23.034425580088445,endurance,4000,-5,none,-1.0,-1,-1,mission_endurance_healthy,27.040564654615135,19.929154567387826
1144,5188.4513610998,760.8832277535447,179.50608104176493,68.08988509767612,95.57714516215312,1.5077598227076463,23.031484576570342,endurance,4000,-5,none,-1.0,-1,-1,mission_endurance_healthy,27.01099929677971,19.81276447760642
1145,5185.877612277955,759.4612185847734,180.74286051962144,67.94518423572958,94.8361576710495,1.1646320517851467,23.47263323371306,endurance,4000,-5,none,-1.0,-1,-1,mission_endurance_healthy,27.001046260046394,20.188487190301625
1146,5176.755796395753,754.9706412641098,180.87480893573812,68.53991402616506,96.16398851877884,1.39668318571229,22.58436988568682,endurance,4000,-5,none,-1.0,-1,-1,mission_endurance_healthy,26.98777849673847,20.056543791577752
1147,5175.393378668912,755.8357896402845,181.78293750535877,67.57541039588617,98.57508456181915,1.5409882530595216,23.137277540318067,endurance,4000,-5,none,-1.0,-1,-1,mission_endurance_healthy,26.998085647722228,19.505624588100353
1148,5171.703688316656,746.622138031967,184.00211375046305,67.37139251785005,95.5250931368079,1.4589839350204912,22.81479948569294,endurance,4000,-5,none,-1.0,-1,-1,mission_endurance_healthy,26.920723234096744,20.130307803783193
1149,5170.369642109941,748.1636258167954,181.25033660918413,67.37800981498545,96.89673200887916,1.410827555791732,22.477230759002374,endurance,4000,-5,none,-1.0,-1,-1,mission_endurance_healthy,26.897528386563458,19.865728967700782
1150,5166.832795086822,750.6425416437424,179.22828722134685,69.06187245636288,96.68080844198391,1.4418292414209242,22.78926541739788,endurance,4000,-5,none,-1.0,-1,-1,mission_endurance_healthy,26.923382728250946,20.13850318419822
1151,5170.853152155139,754.92717792566,181.49177054326788,68.62552368589483,94.60883209576416,1.4440716949536456,22.776862049209296,endurance,4000,-5,none,-1.0,-1,-1,mission_endurance_healthy,26.838686609890306,19.6203253893654
1152,5169.962446845952,752.4445943292365,181.8148611564088,69.03621504665415,95.92880372964676,1.4947348399886125,23.06891740794764,endurance,4000,-5,none,-1.0,-1,-1,mission_endurance_healthy,26.83297688938142,19.933132775007444
1153,5169.264320149875,749.9515141178921,178.65592103225737,68.16877876532517,96.24977505807516,1.1843064611791492,23.283039256348665,endurance,4000,-5,none,-1.0,-1,-1,mission_endurance_healthy,26.85651749945312,20.04309679986287
1154,5174.049493349894,748.6144595759483,181.8099447587041,68.90890659208897,96.84356794110568,1.3734845216983311,23.108032170375616,endurance,4000,-5,none,-1.0,-1,-1,mission_endurance_healthy,26.86380606019046,20.088713990555544
1155,5169.882384494942,756.2700431518623,180.05389317447762,66.83171052061769,96.7766201955447,1.311379742867073,22.96442366068877,endurance,4000,-5,none,-1.0,-1,-1,mission_endurance_healthy,26.96331871228611,19.698920665810647
1156,5170.386742700428,748.5361561408564,179.48055316687078,65.81462770634505,97.31800905708413,1.4401890584264263,22.73979079128478,endurance,4000,-5,none,-1.0,-1,-1,mission_endurance_healthy,26.87573844055462,20.827387122522747
1157,5164.996656445165,751.9275203284101,181.02949504693984,68.38981568779742,96.19552083271488,1.6170790486703563,22.954052562291864,endurance,4000,-5,none,-1.0,-1,-1,mission_endurance_healthy,26.859430784367447,19.780876051714223
1158,5161.54625814499,751.2441185295461,176.4504091981457,65.11072660952192,98.68244004757292,1.435859757041967,22.426264594623333,endurance,4000,-5,none,-1.0,-1,-1,mission_endurance_healthy,26.881142402039384,20.199949100702582
1159,5158.40961781106,749.6161155922345,176.70262408719637,67.5855271956094,98.1292685356776,1.3721019695850531,23.09868398092094,endurance,4000,-5,none,-1.0,-1,-1,mission_endurance_healthy,26.903570358288366,19.549438886303314
1160,5165.380400663564,751.9111553498653,180.699003940958,68.2064410616959,97.42265094347002,1.4782861073543383,22.78003035160144,endurance,4000,-5,none,-1.0,-1,-1,mission_endurance_healthy,26.817445435911758,19.972128699823525
1161,5162.51828140435,751.835934768505,180.79715935825928,68.55355023735147,96.61930098316024,1.565068854721856,23.061838220348445,endurance,4000,-5,none,-1.0,-1,-1,mission_endurance_healthy,26.84661324203412,19.79366907366119
1162,5165.426726452667,756.508916362308,178.11510611546117,66.77271534815215,96.41633596790446,1.524227576788079,22.707655224941647,endurance,4000,-5,none,-1.0,-1,-1,mission_endurance_healthy,26.87960010241001,19.582008609400738
1163,5167.579365588463,748.771792636278,177.99933022238287,66.95720140170016,96.3825095365582,1.408991668053055,22.98734710335398,endurance,4000,-5,none,-1.0,-1,-1,mission_endurance_healthy,26.756139131584227,20.159917293621113
1164,5173.29244628025,751.4725750194524,181.8368101838381,67.90610830478435,96.2331106461717,1.273592886093886,22.883087878289864,endurance,4000,-5,none,-1.0,-1,-1,mission_endurance_healthy,26.883483865030247,19.898140006915227
1165,5172.436702471429,749.0315576287796,178.61213449364578,68.23035521296032,96.28193846421144,1.371610912972608,22.712854084890026,endurance,4000,-5,none,-1.0,-1,-1,mission_endurance_healthy,26.825496697783294,19.92583043731924
1166,5167.307679386109,756.0076525381695,181.4916177509563,66.50658968844121,97.71135794021536,1.3328568345012526,23.011294284083704,endurance,4000,-5,none,-1.0,-1,-1,mission_endurance_healthy,26.861127704190363,19.31177550058198
1167,5162.748207379882,753.5704939091745,179.45724983357633,67.8110452248677,94.77824068889602,1.1905445074167926,22.7863839324692,endurance,4000,-5,none,-1.0,-1,-1,mission_endurance_healthy,26.96761621976932,19.87895698227851
1168,5168.658231384605,752.7571887671384,180.11935293012678,66.70092556138187,96.76057082329648,1.4419140068631875,23.0083833922339,endurance,4000,-5,none,-1.0,-1,-1,mission_endurance_healthy,26.844532950021986,20.43295710413723
1169,5171.325729598562,752.6783762381172,178.61243698139378,67.96246821263725,95.3060635976452,1.370324868081896,22.440627677376145,endurance,4000,-5,none,-1.0,-1,-1,mission_endurance_healthy,26.90470669474328,19.947863129668715
1170,5177.421837053098,752.3232195128002,181.7971898762634,67.44524900760379,97.77132753161727,1.4597221408215393,23.004860847021813,endurance,4000,-5,none,-1.0,-1,-1,mission_endurance_healthy,26.787982997681805,19.15744488054255
1171,5183.884505469955,755.0550962118988,182.23235853915895,67.78766111676727,98.13841109390536,1.4205112440133727,23.16784239933149,endurance,4000,-5,none,-1.0,-1,-1,mission_endurance_healthy,26.97189175385595,19.844870341479865
1172,5185.456092671033,756.8347433663876,181.716768376436,68.12557549199524,95.73128439747786,1.530077005719635,22.61619109107455,endurance,4000,-5,none,-1.0,-1,-1,mission_endurance_healthy,27.02437574282736,19.947612876182806
1173,5185.572256897806,756.3919157469613,179.84678266653893,67.61238326703305,95.90608409788368,1.6802517693229568,22.71220346920852,endurance,4000,-5,none,-1.0,-1,-1,mission_endurance_healthy,26.981739672662652,20.16747747335295
1174,5188.101735452803,754.4193550098408,180.83365650568683,68.24651567678971,96.2371882945546,1.4034075493973712,23.024527097899355,endurance,4000,-5,none,-1.0,-1,-1,mission_endurance_healthy,27.02417521931208,20.492898613496116
1175,5183.178741612799,756.6083097014857,178.89704027966658,67.21502636495602,98.45568290695029,1.633000544224561,22.82570322476885,endurance,4000,-5,none,-1.0,-1,-1,mission_endurance_healthy,26.93536446887237,20.36724214368417
1176,5182.085054769193,753.4900076463539,180.83046936627005,67.55140220031436,95.92681855983334,1.347967579652032,23.241723442399437,endurance,4000,-5,none,-1.0,-1,-1,mission_endurance_healthy,26.89495044400739,20.32862542495901
1177,5182.178468645281,746.2714675156235,182.0312396985223,66.75403114489983,96.86528750278823,1.362758166506357,23.386570249146253,endurance,4000,-5,none,-1.0,-1,-1,mission_endurance_healthy,26.86990789023875,20.208972547535375
1178,5185.403174239076,757.6645685447742,179.77727567925152,67.94467666229225,95.69317120665188,1.633283751298516,22.812585793748724,endurance,4000,-5,none,-1.0,-1,-1,mission_endurance_healthy,26.86137824946725,20.1694365878181
1179,5178.745486764099,751.8857469155072,179.17105982249333,66.9268753837677,96.41533696578566,1.3887847900821413,22.78564202754543,endurance,4000,-5,none,-1.0,-1,-1,mission_endurance_healthy,26.929658058978184,20.007984142589066
1180,5171.669980729756,750.6213510073087,177.98993484418062,67.50375850261231,96.23627129949844,1.7542815776832328,23.102827603233244,endurance,4000,-5,none,-1.0,-1,-1,mission_endurance_healthy,26.97168071154052,20.044777357679617
1181,5176.495331342909,754.7069532020224,180.33829605061496,67.91473360451494,98.0545140978212,1.5004307015804736,23.31489535227505,endurance,4000,-5,none,-1.0,-1,-1,mission_endurance_healthy,27.011765549822396,20.221243781171427
1182,5178.929553731854,753.1744759969323,180.03079274681835,67.11880844870397,96.29703383436444,1.340874885944041,22.671467242648124,endurance,4000,-5,none,-1.0,-1,-1,mission_endurance_healthy,26.973649325499007,20.186314413050585
1183,5177.337249981008,752.0335998565977,179.9479126628596,68.3369911747741,96.04763547042154,1.4050272896877507,23.03701126274116,endurance,4000,-5,none,-1.0,-1,-1,mission_endurance_healthy,26.972810241755386,20.28124809199968
1184,5175.366915322091,752.509756236075,183.8458870796915,67.55055309795473,96.58287264078632,1.4481003165065731,23.022873180156267,endurance,4000,-5,none,-1.0,-1,-1,mission_endurance_healthy,27.063044921976537,20.038244960272728
1185,5175.384186796561,755.0006255106797,183.26716107890385,68.88100289483748,96.4979271427014,1.499873717840694,22.5957433698498,endurance,4000,-5,none,-1.0,-1,-1,mission_endurance_healthy,26.98219255868119,20.15510631053005
1186,5169.080382050386,752.3276645108806,177.8939969624247,67.33062489722786,97.59660724740382,1.49582295260236,22.65777232903951,endurance,4000,-5,none,-1.0,-1,-1,mission_endurance_healthy,27.020788610998913,19.683474516794615
1187,5165.854327269011,751.3380724944337,175.74871261019547,67.82507770901006,97.11678354447044,1.4155724865611086,22.913636138685305,endurance,4000,-5,none,-1.0,-1,-1,mission_endurance_healthy,26.858897051185714,19.824090910689353
1188,5169.859280959472,748.5895223121712,178.91318970811858,67.0849638127799,95.16214899748664,1.3656268557740043,22.0969566211573,endurance,4000,-5,none,-1.0,-1,-1,mission_endurance_healthy,26.96545838531444,19.974117637386154
1189,5173.906853508479,755.854795061447,178.9268413692694,67.91797785523457,96.09658700641596,1.2687792791258368,22.4257465322791,endurance,4000,-5,none,-1.0,-1,-1,mission_endurance_healthy,26.92890885387304,20.364998808748975
1190,5180.458399465657,749.7866280983558,182.03307230399184,69.03909842498602,95.35563993297156,1.3659374282677632,22.621378788701847,endurance,4000,-5,none,-1.0,-1,-1,mission_endurance_healthy,26.98841041949856,19.814100519593236
1191,5182.41020758218,751.3750500498077,181.6340545510132,67.61826723857665,97.0166165287358,1.4606431757465093,22.27496805748478,endurance,4000,-5,none,-1.0,-1,-1,mission_endurance_healthy,26.91508233167663,20.247486430467625
1192,5187.299268267604,755.7075809498016,179.31515368088412,65.32776938604974,96.88888764218474,1.4800400613054832,22.983953772369848,endurance,4000,-5,none,-1.0,-1,-1,mission_endurance_healthy,26.873369436975057,20.130689735062077
1193,5181.627604290733,752.3405516922247,182.8036464655303,67.45282930646535,95.71060473598612,1.6347347805533432,22.72985735302427,endurance,4000,-5,none,-1.0,-1,-1,mission_endurance_healthy,26.983859898242404,19.62371705924962
1194,5176.088527476705,754.1713513976118,183.04044412973903,67.00805680132167,95.11516674677436,1.4687282893500084,22.89072517898083,endurance,4000,-5,none,-1.0,-1,-1,mission_endurance_healthy,26.861060678224405,19.636389917955803
1195,5164.414490270787,747.8519971233062,179.37608912383277,67.223234685598,97.2087283198367,1.376843159339403,22.73571557091053,endurance,4000,-5,none,-1.0,-1,-1,mission_endurance_healthy,26.892015482969978,20.294983382141375
1196,5158.653526308147,750.3894444850807,178.57444338406108,69.54431465440163,95.90300010767804,1.4774074071777197,22.450785288565143,endurance,4000,-5,none,-1.0,-1,-1,mission_endurance_healthy,26.902144424476354,19.381757470612108
1197,5151.166178891746,752.2174636142746,178.76923261260694,67.37349555885316,96.14571874901527,1.3567224392786317,22.623874439208265,endurance,4000,-5,none,-1.0,-1,-1,mission_endurance_healthy,26.856122457318516,20.08583501581485
1198,5153.693062354946,754.1673984725231,179.0077371257422,67.43627388618197,97.23597791348314,1.4884549560583915,23.03229459313608,endurance,4000,-5,none,-1.0,-1,-1,mission_endurance_healthy,26.84548323581857,20.481952368988193
1199,5156.541286819113,749.6326863358016,180.58659199358567,67.68452093388275,98.18000944144664,1.3996445948965308,22.56786936079248,endurance,4000,-5,none,-1.0,-1,-1,mission_endurance_healthy,26.87391611758655,19.600576528503648
