timestamp,rpm,egt,cht,oil_pressure,oil_temp,vibration,fuel_flow,mission_profile,altitude_m,ambient_temp_offset_c,fault_type,true_rul_timesteps,fault_onset_idx,failure_idx,flight_id,battery_voltage,injection_timing_deg
0,5001.257148916517,732.2682605679632,172.55076502653722,63.55400345887007,95.51088265220638,1.326453407941992,20.556838794076768,endurance,4000,-5,none,1199.0,601,1199,mission_endurance_misfire,28.09439692856102,20.19971633625968
1,4999.545487600121,725.5735551065833,171.93296254836446,63.47908139446275,94.5658685798529,1.293691089759971,20.892534634074448,endurance,4000,-5,none,1198.0,601,1199,mission_endurance_misfire,28.141394577847613,20.21957696952698
2,4997.52299996647,732.2789703270353,168.91750785734,65.72359423460438,96.52863171366658,1.2288975324373412,21.035266854304883,endurance,4000,-5,none,1197.0,601,1199,mission_endurance_misfire,28.137882158606054,20.100789157504888
3,4998.640188563088,730.7800170926369,174.5456340860576,65.7027618028705,97.11887890333824,1.2783090435277007,20.709035532807167,endurance,4000,-5,none,1196.0,601,1199,mission_endurance_misfire,28.073424775691898,19.96221896691646
4,5002.695937114327,731.2469923234206,173.13561080135912,66.00168262659624,94.7795995873885,1.148961957327896,20.5963286429115,endurance,4000,-5,none,1195.0,601,1199,mission_endurance_misfire,28.08145240172761,20.07105199095924
5,5004.214829852978,736.6567978210968,177.8884758617364,64.7565650332705,95.22844058222869,1.1067482571709757,21.027027631848416,endurance,4000,-5,none,1194.0,601,1199,mission_endurance_misfire,28.09079609377894,19.908938094228386
6,5003.059774607514,729.0861398756839,173.97551015421556,65.52147831708523,94.6656410263964,1.3944616596676094,21.412814131809803,endurance,4000,-5,none,1193.0,601,1199,mission_endurance_misfire,27.997795672118112,20.4388256302037
7,4997.116660293353,729.0637634161834,171.00564694571963,65.34120585585374,94.51403719493486,1.0442750845113753,21.25968141090212,endurance,4000,-5,none,1192.0,601,1199,mission_endurance_misfire,28.082538091511704,19.78251679182843
8,4994.010084266537,731.2767995707924,172.5396845984258,65.7424634930349,93.59464582043458,1.2039914021288889,20.53457339402749,endurance,4000,-5,none,1191.0,601,1199,mission_endurance_misfire,28.18607345525156,19.76491535248855
9,4991.420165312092,728.9315940445998,173.729497064693,64.01560942320887,93.34350809646202,1.2101598512756246,20.9553847090382,endurance,4000,-5,none,1190.0,601,1199,mission_endurance_misfire,28.19427818986444,19.857481012400225
10,4996.03321056139,730.0356473563925,173.46976943402382,63.34332067272597,94.10351166530852,1.248001072955408,20.523108130556096,endurance,4000,-5,none,1189.0,601,1199,mission_endurance_misfire,28.216559025098658,19.40833050349191
11,4987.511302430907,728.3632948354743,170.81353459610008,66.75343038300214,93.86895559681024,1.2115307776437787,20.688282228008923,endurance,4000,-5,none,1188.0,601,1199,mission_endurance_misfire,28.229222737217686,20.07906036056614
12,4989.691157416376,730.3463046708041,172.26598353533882,65.92788271758214,93.49645809129052,0.9719352142004776,20.573502376846356,endurance,4000,-5,none,1187.0,601,1199,mission_endurance_misfire,28.149463170678175,19.69269364801196
13,4987.722442379623,730.6959856223269,172.62073553857806,66.35205845144887,92.91785359765622,1.4272331774729874,20.630755304887035,endurance,4000,-5,none,1186.0,601,1199,mission_endurance_misfire,28.08403257909578,20.271807509738988
14,4989.699298196086,731.6666747183168,175.95645506951408,65.16267776184486,94.80698843756451,1.176452898978961,20.86352647963556,endurance,4000,-5,none,1185.0,601,1199,mission_endurance_misfire,28.13753703291649,20.206653955422816
15,4982.016593730599,733.6908178549241,171.1580236954454,65.60070445510956,93.09017589722906,1.171649346982464,20.393958530170345,endurance,4000,-5,none,1184.0,601,1199,mission_endurance_misfire,28.150540930624015,20.07238117865659
16,4981.225687331998,735.0245020801543,171.8643208316568,65.22718010032594,94.01693351121769,1.1891130490803377,20.57176818241044,endurance,4000,-5,none,1183.0,601,1199,mission_endurance_misfire,28.163790945221773,20.63155347240708
17,4983.494904322592,731.349270578765,171.98304073392228,63.68288498891663,93.59719404358532,1.0813272426326497,21.011950443056964,endurance,4000,-5,none,1182.0,601,1199,mission_endurance_misfire,28.1672608948686,20.040772711108673
18,4983.621663476927,729.9842995699621,173.2753262990804,64.07574460663953,94.41671532352127,1.0839192533281832,20.349222199543547,endurance,4000,-5,none,1181.0,601,1199,mission_endurance_misfire,28.23419960631774,20.23879698365049
19,4987.378999132449,728.8437338268341,171.9375640391506,64.77577361426454,94.52542346914564,1.4239481767361266,20.652356950191884,endurance,4000,-5,none,1180.0,601,1199,mission_endurance_misfire,28.184499319855185,19.646691558937363
20,4989.056782586248,732.2997580852638,175.65652305961387,64.92253166617195,92.29129196430937,1.2546536122939846,20.476948924692188,endurance,4000,-5,none,1179.0,601,1199,mission_endurance_misfire,28.156437490892568,19.84905228444637
21,4990.0921338799735,734.3117579749264,173.79841012463177,64.82960490338058,94.04288995237032,1.3008301364761603,20.9570798626074,endurance,4000,-5,none,1178.0,601,1199,mission_endurance_misfire,28.06796533013237,20.340813995954253
22,4984.9317558365465,729.3970955156086,174.044708932404,64.52882576403175,94.37300633131538,1.088650921901003,21.35678401157546,endurance,4000,-5,none,1177.0,601,1199,mission_endurance_misfire,28.111233824461394,20.416003845515394
23,4983.18025252947,725.7977282271718,174.8802788017338,65.34538302030232,93.7922664976858,1.342802846780907,20.581763379974465,endurance,4000,-5,none,1176.0,601,1199,mission_endurance_misfire,28.116620912236904,20.084770436740268
24,4980.429114427659,732.849303762572,172.54916560684575,64.55076436578356,95.08672750181246,1.3650918299608878,20.55999510501723,endurance,4000,-5,none,1175.0,601,1199,mission_endurance_misfire,28.0495932906668,20.33150133231149
25,4979.742483708139,728.837581616919,170.3233722972641,64.58289492659611,94.88913770936271,1.3550608946134886,20.839577623659142,endurance,4000,-5,none,1174.0,601,1199,mission_endurance_misfire,28.10335433753748,19.30455683231322
26,4992.016686991325,734.6429516257838,171.21982152545786,64.57242320321664,94.60150291814256,1.2592196915650211,21.197105758358006,endurance,4000,-5,none,1173.0,601,1199,mission_endurance_misfire,28.083899558253524,19.791168389205
27,4990.7681461682805,730.0788829025386,171.5809099765595,64.7433882215013,93.51069694311366,1.4167945761855258,21.034607919509,endurance,4000,-5,none,1172.0,601,1199,mission_endurance_misfire,28.105944681253696,19.843197236727352
28,4993.721697325792,728.2211511551454,173.52337993574443,64.65101533667737,93.04695023690228,1.3969459327773346,20.39561919020213,endurance,4000,-5,none,1171.0,601,1199,mission_endurance_misfire,28.08322058447803,19.959958963839707
29,4996.037375027026,729.9357859176412,171.5467983676373,64.00211835042855,93.55912495210356,1.2084648573578174,20.872807948633923,endurance,4000,-5,none,1170.0,601,1199,mission_endurance_misfire,28.058428908615188,19.752837287083647
30,4999.402711017947,727.5046154034097,173.10687746031135,64.56096951786672,94.06996251834931,1.334866753363007,20.67821092611749,endurance,4000,-5,none,1169.0,601,1199,mission_endurance_misfire,28.024443569415407,20.182623925703222
31,5002.33871314736,729.4467791499368,172.2753423830185,65.7863475902447,92.70849471086608,1.4899756668676378,21.29496714900556,endurance,4000,-5,none,1168.0,601,1199,mission_endurance_misfire,28.120582716438953,19.857751269061385
32,4993.866028377746,730.7357965781983,172.36118378963613,64.12295030386115,92.81288869206804,1.2583229980243844,21.136067916327796,endurance,4000,-5,none,1167.0,601,1199,mission_endurance_misfire,28.109132956116426,20.400790399622867
33,4994.034189655179,730.9917807900483,172.28228422515696,65.64332426005241,92.56890286543718,1.1672837422179618,20.873626231079456,endurance,4000,-5,none,1166.0,601,1199,mission_endurance_misfire,28.051473906227372,20.044626774759664
34,4987.438940981449,729.4045385072905,174.2212022236817,64.45066883793682,93.72373452778898,1.1780681260659245,20.78201107719654,endurance,4000,-5,none,1165.0,601,1199,mission_endurance_misfire,28.14062403299597,20.430487086044383
35,4981.161920189015,732.8679867446657,172.65914069895837,64.63106733089818,96.04562764178552,1.088469301869176,20.862562263583836,endurance,4000,-5,none,1164.0,601,1199,mission_endurance_misfire,27.964679208511136,20.136066413109607
36,4985.615340898902,733.4744100867065,174.44570335929254,65.37779808979049,93.91629125359673,1.0412858883956515,20.505311715492944,endurance,4000,-5,none,1163.0,601,1199,mission_endurance_misfire,28.112973416137503,20.031599059739147
37,4985.247551855709,729.3943056258156,170.30379172147556,64.50718509095539,93.62662910665328,1.2015924033602992,21.117606885898336,endurance,4000,-5,none,1162.0,601,1199,mission_endurance_misfire,28.085618998608457,20.071044282904385
38,4980.395291777088,722.2766525902069,171.74587125422167,64.1426984415618,93.23036266853092,1.5158647596397063,20.80126195557061,endurance,4000,-5,none,1161.0,601,1199,mission_endurance_misfire,28.183079160625386,20.077697626808455
39,4975.200541606189,727.4734199489884,172.4821270977218,63.71300139145751,93.93929800431182,1.3302415611286809,20.69131125016332,endurance,4000,-5,none,1160.0,601,1199,mission_endurance_misfire,28.227391867693555,20.012790779208196
40,4975.934016132173,733.8101243103639,172.2203455421099,62.74720545948213,94.72407899547588,1.246984960135462,20.776825849358964,endurance,4000,-5,none,1159.0,601,1199,mission_endurance_misfire,28.287490641981556,20.30088478391006
41,4968.15719816473,727.8847865334957,175.51920735309585,63.298411491868784,93.80295232261314,1.2219070316252307,20.92482381107953,endurance,4000,-5,none,1158.0,601,1199,mission_endurance_misfire,28.246225746350767,19.734675210213176
42,4974.489560121784,729.6933401918578,170.12211132465367,63.12045037180954,92.59072029323744,1.349568953115238,20.88775780665595,endurance,4000,-5,none,1157.0,601,1199,mission_endurance_misfire,28.198112830015106,20.45509019899642
43,4977.6210076012085,728.6520570089738,168.37449961857743,64.82359918835915,95.34681837024142,1.2360053281113048,20.839150187330016,endurance,4000,-5,none,1156.0,601,1199,mission_endurance_misfire,28.224638426993753,19.30788848007762
44,4981.927160120462,734.5778554352734,173.7069331666282,65.7395779054807,93.76660664783272,1.4122014079609042,21.05265861538401,endurance,4000,-5,none,1155.0,601,1199,mission_endurance_misfire,28.246448702661635,19.52149139726383
45,4987.2622975871545,730.9245526037237,174.02856387198463,64.59494408340665,95.92335276977664,1.2643003261538657,20.83575441834136,endurance,4000,-5,none,1154.0,601,1199,mission_endurance_misfire,28.131931281461075,20.05298907580643
46,4991.292906551452,733.9223691126639,172.81385520125897,65.27220586757898,93.97668623239026,1.25780502548064,21.205124965578225,endurance,4000,-5,none,1153.0,601,1199,mission_endurance_misfire,28.33475805797779,20.055562760902845
47,4996.971674528526,731.2925892019609,174.3370524314523,64.98464422587448,95.01943501173392,0.9486377357023804,21.40870590913821,endurance,4000,-5,none,1152.0,601,1199,mission_endurance_misfire,28.298425398984506,19.885181551254988
48,4995.756017168025,732.1427486596693,174.0937685631875,65.5085224947557,96.01751230684133,1.3340499062952784,21.11445900904962,endurance,4000,-5,none,1151.0,601,1199,mission_endurance_misfire,28.242300509784965,19.80529304178035
49,4996.762376242585,734.2899738596703,174.74100890685165,64.97684828496271,95.76599283944958,1.5001587645254106,21.21773517840088,endurance,4000,-5,none,1150.0,601,1199,mission_endurance_misfire,28.316802134586798,20.097682309503185
50,4993.66762403783,726.9523970340598,172.55933812161334,66.42187372119656,94.257234345276,1.2935501439371626,21.16765766749767,endurance,4000,-5,none,1149.0,601,1199,mission_endurance_misfire,28.21662886660143,19.79389126177097
51,5001.635931815324,728.4029326848481,172.19636355649956,64.3857023380983,94.7686567675867,1.2105031467940135,20.981275849638788,endurance,4000,-5,none,1148.0,601,1199,mission_endurance_misfire,28.262356428358167,20.041944980680928
52,5002.82029058578,730.9550501371036,173.5526605994987,65.08276584424627,94.03279617904956,1.2385251650464586,20.84093398209232,endurance,4000,-5,none,1147.0,601,1199,mission_endurance_misfire,28.132364986840734,20.09043970878187
53,5005.311168167727,730.8978770911147,174.52192633995122,66.228410885849,93.69715808660692,1.0743713603140623,21.056302526286306,endurance,4000,-5,none,1146.0,601,1199,mission_endurance_misfire,28.210843242018296,19.834968139832554
54,5002.346312885597,731.6349952637854,172.70587548541016,65.00304885402848,94.14083111600422,1.073715483774513,21.08908839174073,endurance,4000,-5,none,1145.0,601,1199,mission_endurance_misfire,28.045379128223782,19.872740540833867
55,5001.023170756264,728.279751899028,170.8608778878949,65.99615971656499,93.5208533992351,1.1956373064168913,21.224448274967447,endurance,4000,-5,none,1144.0,601,1199,mission_endurance_misfire,28.057546691962198,19.842695226818265
56,4999.937971809487,732.9365569775694,172.2621569912266,64.47585996719447,93.37154711102616,1.3814209171387233,21.00821402364711,endurance,4000,-5,none,1143.0,601,1199,mission_endurance_misfire,28.08962235493708,19.772159224039118
57,4996.614041965354,735.016942817419,170.82862976123187,64.0834560815103,93.86462200678542,1.216618136067963,21.069439893489125,endurance,4000,-5,none,1142.0,601,1199,mission_endurance_misfire,28.018570424729926,20.544019671753745
58,4992.417290960271,731.4092946181191,173.99511497293463,65.3653902759234,92.8031117748283,1.2358660715658718,21.067938864649957,endurance,4000,-5,none,1141.0,601,1199,mission_endurance_misfire,28.094208072277368,19.43146864375869
59,4996.567326313491,725.1106276292513,173.72167299219214,65.71630678914829,94.9436740951962,1.223914645217225,21.16725126936033,endurance,4000,-5,none,1140.0,601,1199,mission_endurance_misfire,28.05146023164002,20.05037229438437
60,4994.436434954655,729.4684312632278,172.84425476070436,65.49731066462287,95.32351842531416,1.2796530623010158,21.379355082997453,endurance,4000,-5,none,1139.0,601,1199,mission_endurance_misfire,28.071116643071914,19.642551514860788
61,4995.5480040671655,735.8884103757867,175.5541629980214,64.56881264890414,96.95745841498028,1.329783799389716,20.84311246599874,endurance,4000,-5,none,1138.0,601,1199,mission_endurance_misfire,28.159743284550533,20.504837730075863
62,4995.620066153814,727.9656271038344,171.3089275019741,63.84613900504179,93.99763705581393,1.299373700581015,21.27556750370344,endurance,4000,-5,none,1137.0,601,1199,mission_endurance_misfire,28.0841077774949,19.714972831777807
63,4993.41699214725,728.4581852248297,173.49912180695094,65.29239249788766,94.98489629046703,1.4584638410855968,21.01581681010615,endurance,4000,-5,none,1136.0,601,1199,mission_endurance_misfire,28.19365273882838,20.03147629393487
64,4991.665820039079,728.0133505817792,173.3513630693646,65.17538622296534,94.59304789571212,1.337245762012226,20.81301552805829,endurance,4000,-5,none,1135.0,601,1199,mission_endurance_misfire,28.095044211685952,20.233802353470097
65,4995.0150756817975,732.6832515721427,171.22616213994408,64.6211814914827,94.735438878036,1.3780188026456452,20.776415256597836,endurance,4000,-5,none,1134.0,601,1199,mission_endurance_misfire,28.034050281535798,19.6192269859465
66,4995.133674496876,733.8653227680061,171.91553468501914,64.4189464491289,95.09928673977971,1.245336270253375,21.13569613266764,endurance,4000,-5,none,1133.0,601,1199,mission_endurance_misfire,28.026254493324554,19.857582544349455
67,4990.878432968259,728.2383207615801,171.76999182448674,65.36267380778791,93.74780237262088,1.3602900881753333,20.217824073452583,endurance,4000,-5,none,1132.0,601,1199,mission_endurance_misfire,28.045303501155203,20.15938894274393
68,4987.391956696214,737.8422435707407,169.95550750357745,65.31288615022521,95.05884191903004,1.433210532096901,20.464197117575228,endurance,4000,-5,none,1131.0,601,1199,mission_endurance_misfire,28.02569377205296,20.068403183378678
69,4984.869494005676,728.8310792170182,174.31460740635353,65.01667798145266,95.33386514721344,1.4148216592461198,20.669689627011493,endurance,4000,-5,none,1130.0,601,1199,mission_endurance_misfire,28.132683805452768,19.630094601537834
70,4980.773621308847,733.2161487241526,172.77891754507272,63.986346896644,94.70585018516977,1.2516660155819344,20.237680936841382,endurance,4000,-5,none,1129.0,601,1199,mission_endurance_misfire,28.17521630697443,19.32115957133456
71,4986.0370649210845,731.5614155572871,168.61685365440462,63.91298491907239,95.10509480879917,1.0118124633764762,21.130339737225874,endurance,4000,-5,none,1128.0,601,1199,mission_endurance_misfire,28.200289970590745,20.448626406395146
72,4985.98252916014,731.9151378514742,170.631342662253,63.909866693341655,94.94880767493407,1.1462889098419544,20.73377403556785,endurance,4000,-5,none,1127.0,601,1199,mission_endurance_misfire,28.205476689921465,19.581333856631108
73,4992.780203825007,726.2557087124412,171.0395881711132,65.10656396960752,94.30806675235527,1.1200342088176656,20.652265738685017,endurance,4000,-5,none,1126.0,601,1199,mission_endurance_misfire,28.241017968714868,20.101980261005494
74,4989.446740936844,726.0111971126167,172.81947288388147,64.77568349392781,92.79570857763817,1.3080999738762906,20.727654861668068,endurance,4000,-5,none,1125.0,601,1199,mission_endurance_misfire,28.23743728763837,19.839119124637573
75,4987.07823650107,735.1077241924949,174.30677561050675,64.94233044684603,92.5664073915698,1.1937537110655645,21.054893321395323,endurance,4000,-5,none,1124.0,601,1199,mission_endurance_misfire,28.193456462425207,20.387091645379737
76,4996.229356959356,725.8988312915733,170.44609801276934,65.47353592282894,94.77589383034945,1.3591946030041235,21.132169267617357,endurance,4000,-5,none,1123.0,601,1199,mission_endurance_misfire,28.226575328327932,19.76030606092302
77,4990.38945070806,732.9529082979856,172.311357333919,63.70605702109339,94.101331885539,1.244254601187067,20.814460379900996,endurance,4000,-5,none,1122.0,601,1199,mission_endurance_misfire,28.226876268648105,19.58463565625859
78,4987.420184941059,731.6273507882576,173.4946503012857,64.2407724995133,93.82828853928632,1.0906272862414947,20.91691573552744,endurance,4000,-5,none,1121.0,601,1199,mission_endurance_misfire,28.255892715794147,19.881224322992704
79,4983.508502581026,725.8765069843272,171.66331295196832,65.1946981551183,95.27193696453044,1.109838601530771,21.352897210970117,endurance,4000,-5,none,1120.0,601,1199,mission_endurance_misfire,28.156953851092393,19.896291340401138
80,4982.56678275366,733.0666009317528,172.95979851537743,64.68672072661731,94.73939706692124,1.1610209383485346,20.7254493979278,endurance,4000,-5,none,1119.0,601,1199,mission_endurance_misfire,28.176719801679933,19.68617463411115
81,4983.747883730623,728.6574056998552,174.17861810244,64.63386263774919,93.47721230786992,1.2743898503432272,20.798298215669348,endurance,4000,-5,none,1118.0,601,1199,mission_endurance_misfire,28.126726734751138,19.68881533254493
82,4987.724819955316,732.6114440230631,174.23862937569496,65.02639473713424,94.66430283135055,1.2051301311808646,20.925812783269023,endurance,4000,-5,none,1117.0,601,1199,mission_endurance_misfire,28.182663333822497,20.25151542450564
83,4992.194535819185,730.9180071674288,173.70830403391054,65.62451967271836,94.25332757374711,1.327749764781804,20.894315778582325,endurance,4000,-5,none,1116.0,601,1199,mission_endurance_misfire,28.078919653155385,19.85087057564813
84,4990.27782831696,732.2525383736142,169.9516984896603,65.81481873928733,95.4244573764238,1.3025645311617908,21.23769553835328,endurance,4000,-5,none,1115.0,601,1199,mission_endurance_misfire,28.1131506271775,19.75100092069979
85,4990.971499221141,734.3324243747172,173.5012899975349,65.08451810678558,94.47942756400872,1.327154795384911,20.972246377971658,endurance,4000,-5,none,1114.0,601,1199,mission_endurance_misfire,28.04824199501851,20.017638799895202
86,4985.32604400163,733.569688095851,174.38252292631128,64.61883568265087,94.34510147698728,1.1038199629687784,21.005227305880798,endurance,4000,-5,none,1113.0,601,1199,mission_endurance_misfire,28.135358328220757,19.887604680284063
87,4987.477539849645,727.7722127090431,172.61506791607633,65.62492577487279,95.18115853201756,1.1847510612124117,20.71819581514285,endurance,4000,-5,none,1112.0,601,1199,mission_endurance_misfire,28.157692308611736,20.109506897146492
88,4981.127697924209,732.9333961901632,172.9525697968988,64.75513055003552,94.4206235910918,1.2145320658920098,20.705406683943263,endurance,4000,-5,none,1111.0,601,1199,mission_endurance_misfire,28.116816476103224,19.44510939410255
89,4987.334921209431,733.8627260423658,172.14067892144948,64.89845452439822,94.6390575168486,1.4006333419577963,20.628459875803173,endurance,4000,-5,none,1110.0,601,1199,mission_endurance_misfire,28.12726945673863,20.195113556695922
90,4979.139495641907,725.9314784706614,172.26558644674523,64.81009139335931,94.29653963089304,1.424129850096153,20.74364790417412,endurance,4000,-5,none,1109.0,601,1199,mission_endurance_misfire,28.08459433716736,20.158368009565123
91,4982.101265245091,732.9925733301216,171.01297637502586,64.45963698368352,94.18373261693849,1.3282418246323289,21.064888097823463,endurance,4000,-5,none,1108.0,601,1199,mission_endurance_misfire,28.16508603005969,19.73757186554103
92,4982.910952843046,727.9198049013394,172.53706706974194,65.06246413645604,95.617543035022,1.0997336426196729,20.94740019607149,endurance,4000,-5,none,1107.0,601,1199,mission_endurance_misfire,28.091349806677634,19.80125609396345
93,4978.920041420947,727.8575592269038,172.91608165263187,63.90731636174335,94.47048271615088,1.0365752951142655,20.68602492890309,endurance,4000,-5,none,1106.0,601,1199,mission_endurance_misfire,28.089549538656236,20.282452151843195
94,4987.532242031662,732.3209764401657,170.40779288086424,64.63191230409431,93.30989982220908,1.2624926289617977,21.176679854215926,endurance,4000,-5,none,1105.0,601,1199,mission_endurance_misfire,28.095011395997698,20.708321239013596
95,4985.505921996673,726.0446873976243,174.9817469830802,65.06790497018787,96.53376119532882,1.041954280411628,20.675303088933408,endurance,4000,-5,none,1104.0,601,1199,mission_endurance_misfire,28.104896608242203,20.409817805438063
96,4994.422223002046,734.3129624584476,173.47906187486942,65.1223319654193,95.18749235839556,1.1348208804982114,20.58906632869375,endurance,4000,-5,none,1103.0,601,1199,mission_endurance_misfire,28.081099384243277,20.191708361712532
97,4993.7343455487735,730.1127899670953,171.82908896501948,64.11213419606169,95.14467458065288,1.2765129396543886,21.06114759841544,endurance,4000,-5,none,1102.0,601,1199,mission_endurance_misfire,28.085124409215997,20.024309425366468
98,4994.751174566558,731.6896779841879,170.96409481300037,66.17435390280546,93.04178994587696,1.2363550284822542,20.92625785223268,endurance,4000,-5,none,1101.0,601,1199,mission_endurance_misfire,28.07476815449293,20.29434081504877
99,4985.915447237991,734.9432361651942,171.08044386939383,64.5219596098994,93.98622398306507,1.188435681057142,20.82296660801619,endurance,4000,-5,none,1100.0,601,1199,mission_endurance_misfire,27.977808932872314,20.019110955866925
100,4983.111036138753,724.8170623194171,172.54519792668296,63.46789628021583,96.42602298259588,1.1798757449187014,20.84153304477736,endurance,4000,-5,none,1099.0,601,1199,mission_endurance_misfire,28.032888935808952,19.862556839186222
101,4983.873911535899,733.1351667579444,174.5363727376636,65.27648477111761,94.77419471867596,1.4474496788408715,20.690704424543046,endurance,4000,-5,none,1098.0,601,1199,mission_endurance_misfire,28.03693153807913,19.870245028897163
102,4980.4403675081385,730.0463922879031,171.6948794294859,64.93986887913304,94.5079247390572,1.1010633653929436,20.835884408926216,endurance,4000,-5,none,1097.0,601,1199,mission_endurance_misfire,28.03910176856291,20.409378996418948
103,4977.326063452956,733.770863471721,172.60446547934532,63.69071423271043,93.52298183892498,1.1652113243761255,20.764904251252524,endurance,4000,-5,none,1096.0,601,1199,mission_endurance_misfire,28.004949294070773,19.610158253303457
104,4972.442078618464,729.7000692022002,171.75031314632264,64.87741816469061,94.33822601346031,1.117720982137765,20.81499138642949,endurance,4000,-5,none,1095.0,601,1199,mission_endurance_misfire,27.980652760943535,20.16998314518373
105,4971.539569511296,724.4491772822688,170.79044929998324,63.73451621272808,93.63111529899734,1.20302816794406,20.668113282290744,endurance,4000,-5,none,1094.0,601,1199,mission_endurance_misfire,27.941153963379886,20.19835256408162
106,4968.602308739895,730.591980641224,172.73962895998838,64.90983471541969,93.01712899773624,1.0221568616187406,20.6985442975204,endurance,4000,-5,none,1093.0,601,1199,mission_endurance_misfire,27.981285981197885,20.248958082935744
107,4979.343753307104,733.0806728169514,171.5899783648951,66.22911896142446,93.76622956197092,1.29100770831239,20.862458625467035,endurance,4000,-5,none,1092.0,601,1199,mission_endurance_misfire,27.98656368970554,19.416114554768708
108,4975.8801538452735,728.5061849955418,173.19785434315386,66.31637846427077,94.0820940889878,1.026840999569893,20.77534187644108,endurance,4000,-5,none,1091.0,601,1199,mission_endurance_misfire,27.968632958787953,19.87192215173822
109,4975.997559528969,727.9691873159726,171.6084612192142,63.98312430173981,93.34134056185938,1.3518658032732078,20.728207920454963,endurance,4000,-5,none,1090.0,601,1199,mission_endurance_misfire,28.013474137896093,19.54311822355491
110,4977.925552968302,735.5111367505566,171.3565376763335,64.55820307094315,94.77422966808058,1.0114424198854717,21.39726731803388,endurance,4000,-5,none,1089.0,601,1199,mission_endurance_misfire,28.00651467839335,19.74024260343406
111,4977.436125278708,730.7951963768451,172.50343383861895,62.75802787292016,95.84159802544664,1.1625676949102313,20.568317790489843,endurance,4000,-5,none,1088.0,601,1199,mission_endurance_misfire,27.999332014466248,20.06575581154219
112,4979.1097552377,731.7475643118507,171.96659034071678,64.38356131155908,93.36256194265572,1.1926117437586974,20.96703514176696,endurance,4000,-5,none,1087.0,601,1199,mission_endurance_misfire,28.02358801357304,19.955730286345258
113,4973.970741026925,725.0789456678282,170.85631221969578,64.84472374310056,95.36319428984169,1.2272013299852358,20.511406710981305,endurance,4000,-5,none,1086.0,601,1199,mission_endurance_misfire,28.051367010191427,19.769865542526222
114,4970.207946464251,726.150741065131,171.2881278159672,64.9196371346519,93.76935280694816,1.3881692679456452,20.642786497536488,endurance,4000,-5,none,1085.0,601,1199,mission_endurance_misfire,28.112612638319106,19.580560911482753
115,4965.286635014959,727.7941569217753,168.47258798368043,65.65829415662277,93.78961273727884,1.2188934484097882,20.661957414777145,endurance,4000,-5,none,1084.0,601,1199,mission_endurance_misfire,27.992906515812802,20.031124027573426
116,4958.069396168095,726.961306580817,172.6031032876989,63.57624214295778,94.41102078926424,1.1785388728740518,20.53807057520824,endurance,4000,-5,none,1083.0,601,1199,mission_endurance_misfire,27.97897082586854,20.451359593362287
117,4960.995425759451,727.0946448176936,171.25824073987897,63.437813801977846,94.69696580701952,1.2049878716399929,20.566645121285685,endurance,4000,-5,none,1082.0,601,1199,mission_endurance_misfire,28.032750214878725,19.988206230443478
118,4960.565436176965,728.1624619424601,173.7965375652157,64.76995713143216,94.5059689412153,1.2192318398011643,20.48225122662692,endurance,4000,-5,none,1081.0,601,1199,mission_endurance_misfire,28.002702677970014,20.12103457268472
119,4949.082708923239,720.1139050429338,171.39375371257572,63.34928736203141,94.13773881646132,1.3287221709257355,20.17845246164982,endurance,4000,-5,none,1080.0,601,1199,mission_endurance_misfire,28.05335241932272,19.94335886699346
120,4947.67060956056,722.5078032603261,169.29694890690658,63.051597020882,93.72979175002922,1.0826959954747346,20.00234025136465,endurance,4000,-5,none,1079.0,601,1199,mission_endurance_misfire,28.027382666065634,20.19382481901343
121,4952.240859692663,719.9454503901192,173.25755812786602,64.36786643613621,94.5572565657886,1.1659891961518816,20.258658912829517,endurance,4000,-5,none,1078.0,601,1199,mission_endurance_misfire,27.97323568841802,20.103248947651366
122,4950.643609038181,733.5371858920361,172.61560425069345,63.67023568483449,94.16555991297366,1.175284439106184,20.53233015528903,endurance,4000,-5,none,1077.0,601,1199,mission_endurance_misfire,28.067141861703902,19.747515599593694
123,4951.794304274072,726.5964396034128,171.3889596153434,64.01977837135283,93.36072769690372,1.2310237799533872,20.212363153332387,endurance,4000,-5,none,1076.0,601,1199,mission_endurance_misfire,28.13998069737307,20.52310202506879
124,4953.039741710854,726.5721915596699,170.21491503282996,63.56944123714492,93.99647122364854,1.1975084140640564,20.427329472668507,endurance,4000,-5,none,1075.0,601,1199,mission_endurance_misfire,28.061402768770687,20.18740139819376
125,4953.581233570989,727.5092672936157,170.61280715077316,65.03802356967456,94.51862987238016,1.0112611338839956,20.914850196564892,endurance,4000,-5,none,1074.0,601,1199,mission_endurance_misfire,28.130791201853015,20.73321662588988
126,4949.256763104569,725.7503853779925,171.86583257796516,64.98403527683763,93.31308760227893,1.164891630997907,20.01842720174165,endurance,4000,-5,none,1073.0,601,1199,mission_endurance_misfire,27.992727779960294,20.021730876732903
127,4946.113438182337,727.0525730485335,171.04014715231983,64.23836237641022,94.93196192974924,0.9507328348581278,20.426028401081485,endurance,4000,-5,none,1072.0,601,1199,mission_endurance_misfire,28.041961016895463,20.194977817411758
128,4943.847049952317,724.8411038979151,171.18045676966008,65.52661438882056,92.62308440765024,1.293478493873876,20.777272169133067,endurance,4000,-5,none,1071.0,601,1199,mission_endurance_misfire,27.99498718478841,19.937402915053937
129,4947.376645210874,728.70122911995,172.7054903431954,63.4844735400481,92.78646303568704,1.0601818124172973,20.473835948592114,endurance,4000,-5,none,1070.0,601,1199,mission_endurance_misfire,28.038841271543077,19.633513998780295
130,4945.808473627365,725.861125061613,169.8095294598838,64.90384003677373,94.20791922175032,1.3506805020832555,20.37781449311908,endurance,4000,-5,none,1069.0,601,1199,mission_endurance_misfire,27.97912836598848,19.98974568624357
131,4937.982072091474,724.3599125667065,170.08004235186175,64.79792762318144,92.3814640658625,0.9308017854582032,20.17161582975356,endurance,4000,-5,none,1068.0,601,1199,mission_endurance_misfire,27.97855651985544,19.96677278838587
132,4940.594355918078,728.2012374166864,170.20361204172292,62.989306208096096,95.27610918252472,1.2995805582143818,20.434426504738276,endurance,4000,-5,none,1067.0,601,1199,mission_endurance_misfire,28.011789618302615,20.105178328177345
133,4938.29625495556,728.3306646050004,167.9615015822326,63.7625957615556,91.8156625296181,1.132919891334114,20.39425825655804,endurance,4000,-5,none,1066.0,601,1199,mission_endurance_misfire,28.066788536334908,21.024649940465938
134,4936.29346015229,726.6743131052389,171.9041909432363,63.90624352921336,93.05680520151644,1.1910661515206236,20.68616215301748,endurance,4000,-5,none,1065.0,601,1199,mission_endurance_misfire,28.0723517855979,20.27588440139843
135,4934.019793382178,725.908431246913,172.1010895221677,64.10008818738665,94.15905108771044,0.9035001414853806,20.463420515544588,endurance,4000,-5,none,1064.0,601,1199,mission_endurance_misfire,27.957314463001754,19.989613301889708
136,4938.210675115117,723.4502298789596,170.46862623905085,62.94943581314202,92.88415715254436,1.3066408267871146,20.196516138624403,endurance,4000,-5,none,1063.0,601,1199,mission_endurance_misfire,28.01352132353983,20.483472848812692
137,4936.550685171966,725.711666900087,169.7402740493505,62.8143218718106,92.82228021504584,1.2215945038627969,20.215742067649472,endurance,4000,-5,none,1062.0,601,1199,mission_endurance_misfire,28.041865998575197,19.866185123245472
138,4934.829649369999,722.8882746793681,172.09256297182688,64.65345767565837,92.6623205388326,1.199964551277756,20.30965967426226,endurance,4000,-5,none,1061.0,601,1199,mission_endurance_misfire,28.111768397198905,19.726925001145442
139,4937.505954098333,728.6489332832012,171.2089908829171,63.61380779771831,94.88109708116102,1.146130785352741,20.214850559852863,endurance,4000,-5,none,1060.0,601,1199,mission_endurance_misfire,28.19836762277072,19.83897870554175
140,4936.55318809328,725.1841278867814,173.72172703697285,66.06718474020113,93.6492999088172,1.0665797820639302,20.142312498971645,endurance,4000,-5,none,1059.0,601,1199,mission_endurance_misfire,28.21328937142279,20.100770375570903
141,4930.7896467244855,723.5264427336216,169.92453454860888,63.92197920663853,91.34324192789964,1.192850106784628,20.32591589336503,endurance,4000,-5,none,1058.0,601,1199,mission_endurance_misfire,28.23276597893755,19.53341285521566
142,4919.825810894295,726.0696750708144,173.17926341474913,65.54031331449755,93.4660100251154,1.1261998643080982,20.16283586951699,endurance,4000,-5,none,1057.0,601,1199,mission_endurance_misfire,28.211694124654443,20.28970060773228
143,4919.934328231074,726.35600482213,169.18634506571254,63.836607668726,93.41218531244088,1.2394962357132024,20.38085727972526,endurance,4000,-5,none,1056.0,601,1199,mission_endurance_misfire,28.237633496063264,20.52385727594842
144,4925.675528427864,723.5157159140294,170.37637746737627,63.67270747984666,91.93358198903206,1.0885002340103418,19.771184978066536,endurance,4000,-5,none,1055.0,601,1199,mission_endurance_misfire,28.207443359370245,20.11793593781735
145,4917.257712442864,725.9282267388252,171.10396573362996,63.97184999335453,91.27932568649386,1.031566313720396,20.08685700665751,endurance,4000,-5,none,1054.0,601,1199,mission_endurance_misfire,28.16773347918896,19.682769255480288
146,4909.626434912886,725.8534214533497,167.5728648207472,62.83188476584411,93.96307197552396,1.1157014602835955,19.97631939489926,endurance,4000,-5,none,1053.0,601,1199,mission_endurance_misfire,28.188237896371135,20.274947631083954
147,4904.865352277882,715.2349640859102,168.94066467484427,62.63198709448516,92.40092306972836,1.0760866452988185,19.945278303863983,endurance,4000,-5,none,1052.0,601,1199,mission_endurance_misfire,28.14924646747744,20.158384255578248
148,4905.570307392556,715.25330149069,167.50090665826878,63.11721677507859,91.31632956470308,1.2433515904147845,19.97934092981716,endurance,4000,-5,none,1051.0,601,1199,mission_endurance_misfire,28.170194487471342,20.228866845926788
149,4905.350872748092,722.4946736446269,170.9181621631483,63.47159096930987,94.0763963662536,1.427713689157193,20.008572480663705,endurance,4000,-5,none,1050.0,601,1199,mission_endurance_misfire,28.234733381047697,20.27701401703235
150,4898.548190755716,720.1876223427147,169.2847015502306,64.55233778591247,92.57087406214708,1.263539788796628,19.45208547701111,endurance,4000,-5,none,1049.0,601,1199,mission_endurance_misfire,28.1927476772952,20.25908995307342
151,4896.477014459494,719.7867926319941,170.5294302765795,62.79084534403834,93.34436906304784,1.1804141501812817,19.94612453402573,endurance,4000,-5,none,1048.0,601,1199,mission_endurance_misfire,28.145645364958643,20.000990808961554
152,4900.424109020784,718.5325668470377,168.81859797803253,63.27209359480951,93.86710811769208,1.0781660228804493,20.06883277241542,endurance,4000,-5,none,1047.0,601,1199,mission_endurance_misfire,28.165828087571082,19.817070108746265
153,4895.849129534502,724.3802112508864,167.92937348529549,62.96726122705842,92.69226588465573,1.3618549552260633,19.67902055542204,endurance,4000,-5,none,1046.0,601,1199,mission_endurance_misfire,28.180595564788266,19.296620206514806
154,4899.5387407327,725.3578143657794,169.0153813710334,62.11293120151439,92.67409826910549,1.2066720995513132,19.462021394469684,endurance,4000,-5,none,1045.0,601,1199,mission_endurance_misfire,28.239728160136902,20.06859064349716
155,4895.046624307111,718.9425604155662,169.78724522122965,64.10580684127277,91.5923193552632,1.146477800522106,19.710442824342685,endurance,4000,-5,none,1044.0,601,1199,mission_endurance_misfire,28.15498055664435,19.638781492148897
156,4892.340487468921,714.6497005393103,168.48707720019632,64.55110749654648,95.67498511529992,1.167927725840347,20.049269228993197,endurance,4000,-5,none,1043.0,601,1199,mission_endurance_misfire,28.30100885717667,20.49889581421049
157,4894.462129736708,725.9712170486456,168.21136187495583,64.1306730419227,91.43437738887008,0.9236533192114074,19.903157917142288,endurance,4000,-5,none,1042.0,601,1199,mission_endurance_misfire,28.28053769421503,20.13343410233441
158,4894.147581074359,722.7549761313877,170.793025433756,62.20416341129869,92.65777883552468,1.1571368142763645,19.74764689404344,endurance,4000,-5,none,1041.0,601,1199,mission_endurance_misfire,28.226655767272412,19.674920239111884
159,4885.888252109432,717.6679375708495,170.03096609042916,62.86579910307424,91.47692927071228,1.097312690144695,20.02586013245565,endurance,4000,-5,none,1040.0,601,1199,mission_endurance_misfire,28.351108857777987,20.100180064738915
160,4889.702040098029,716.7869758064622,168.35800550028875,63.14058907856576,91.8997261654882,1.2129877766390658,20.38480142697972,endurance,4000,-5,none,1039.0,601,1199,mission_endurance_misfire,28.432229300919726,19.927420013369264
161,4891.236415364792,719.0186554808404,168.31276326382743,62.34161004118203,93.47018919396662,1.137243149184994,19.752715322435044,endurance,4000,-5,none,1038.0,601,1199,mission_endurance_misfire,28.39071025050604,19.62858414467451
162,4896.652547632735,723.0873674231634,167.66046504844292,62.64150465489734,94.02458576633228,1.0030042973854527,20.214940622105125,endurance,4000,-5,none,1037.0,601,1199,mission_endurance_misfire,28.386291784490336,20.083559430969625
163,4891.650964888828,717.78141689095,168.9366750798749,62.95607118187546,91.40248466568922,1.0778229711007248,20.127906329080076,endurance,4000,-5,none,1036.0,601,1199,mission_endurance_misfire,28.3818755448569,19.86893899562862
164,4896.79355843573,719.1974578205056,168.4560505463653,63.12903079850046,92.72937262590771,1.021993343661481,20.16394602856345,endurance,4000,-5,none,1035.0,601,1199,mission_endurance_misfire,28.429885320558615,20.120977930937478
165,4896.949838464992,722.6357981844776,167.47549328674822,63.1904939467298,92.93536017353304,1.1530194575301629,19.62137606372765,endurance,4000,-5,none,1034.0,601,1199,mission_endurance_misfire,28.247557467946667,20.238576491006317
166,4905.903115795202,721.1872017345158,169.53810737817454,64.01058208796647,93.30104040168324,0.970731224239518,20.228525105789164,endurance,4000,-5,none,1033.0,601,1199,mission_endurance_misfire,28.310701240995147,20.25946711458973
167,4901.517744812482,720.2547859763899,168.442033582835,63.30460950950593,92.8888356408912,1.116640809744167,20.076885047036527,endurance,4000,-5,none,1032.0,601,1199,mission_endurance_misfire,28.295613188776993,19.681582228931852
168,4898.431701243508,711.6487070069081,169.67867544509258,62.85524476789804,91.75888414449535,0.8811793560251248,19.988115924226,endurance,4000,-5,none,1031.0,601,1199,mission_endurance_misfire,28.204964938456133,20.195472965706564
169,4897.473850563066,721.3841647625028,166.77712803586616,63.14274717028212,94.97820415846068,1.2295603460689075,19.830684879549185,endurance,4000,-5,none,1030.0,601,1199,mission_endurance_misfire,28.26872637422593,19.877005630080582
170,4893.022065156492,720.5528929735891,169.7813786317152,62.29206323974447,93.12970212292323,1.265632239597565,19.479729487818226,endurance,4000,-5,none,1029.0,601,1199,mission_endurance_misfire,28.23460319918171,19.592376185901852
171,4896.035388894744,719.0156684667674,169.4975517670368,63.864225836176445,94.02694877450271,1.2886564168974772,19.67719706436704,endurance,4000,-5,none,1028.0,601,1199,mission_endurance_misfire,28.10905934892403,19.86599084042628
172,4897.9057473606845,716.3510357071702,169.51150151015997,63.9446847005883,90.87143700912482,1.1674889413788228,19.855716660490867,endurance,4000,-5,none,1027.0,601,1199,mission_endurance_misfire,28.220177119658377,20.124687381069574
173,4889.203223122889,722.3257631576986,168.7712954038983,63.11673207487562,95.10106060215222,1.215874775912812,19.51169089454603,endurance,4000,-5,none,1026.0,601,1199,mission_endurance_misfire,28.17165156113364,19.96569114508173
174,4887.312187213283,714.7209540175617,167.68550908836548,63.36525572543373,93.7650332859703,1.171653537223314,19.68136566810955,endurance,4000,-5,none,1025.0,601,1199,mission_endurance_misfire,28.266901082220798,19.940434594527318
175,4889.594051917876,723.3520725994604,168.95258269333044,63.42791193539272,92.1643834353036,0.9403633490871802,19.94618764599701,endurance,4000,-5,none,1024.0,601,1199,mission_endurance_misfire,28.287516380488206,20.184055257511545
176,4890.885077503128,718.925147505498,170.09712537456338,63.44821289804165,94.20416361482069,1.134728848035773,19.93896794059541,endurance,4000,-5,none,1023.0,601,1199,mission_endurance_misfire,28.19088141490995,20.25809349661696
177,4886.9121165968245,720.2684800542182,166.18981335227562,62.56388999927136,92.88969096207953,1.255067768365682,19.980482775634,endurance,4000,-5,none,1022.0,601,1199,mission_endurance_misfire,28.227213173087527,19.560115280095708
178,4887.338277419018,720.839705482697,166.32881453127604,62.7747181758589,92.69460123295484,1.2632970593781851,19.49165814375264,endurance,4000,-5,none,1021.0,601,1199,mission_endurance_misfire,28.096142777244633,19.93412276655152
179,4887.448667366427,718.4189077708324,167.24910028582028,63.31251613517094,92.24016848611224,0.922506056507842,20.228969510729424,endurance,4000,-5,none,1020.0,601,1199,mission_endurance_misfire,28.189217742552426,19.99693999632223
180,4885.633491520725,714.6802943083068,165.84447382385494,63.50243133444859,92.8047750904521,1.299472468768777,19.543377360341854,endurance,4000,-5,none,1019.0,601,1199,mission_endurance_misfire,28.192835051312166,20.138597376044185
181,4885.983120182488,725.6694117049711,169.0479915650017,62.96744368905831,92.14280611201217,1.05353333204156,19.829223750479287,endurance,4000,-5,none,1018.0,601,1199,mission_endurance_misfire,28.320506827633235,19.875823163001822
182,4882.10728950243,719.5043048350809,168.32073052480052,62.32682717665178,92.71573716236064,1.1530538194881308,19.94354203476068,endurance,4000,-5,none,1017.0,601,1199,mission_endurance_misfire,28.136912075517188,19.88441801954425
183,4885.668682858637,717.1944579576996,168.34112093553637,62.85627068327828,92.56507602814622,1.3169879299078269,19.722194947124173,endurance,4000,-5,none,1016.0,601,1199,mission_endurance_misfire,28.071423354415234,20.140391257270274
184,4883.313370384947,719.3190289134924,169.1053877915379,64.047133590508,94.12049192899404,1.148999243938107,19.96028457314066,endurance,4000,-5,none,1015.0,601,1199,mission_endurance_misfire,28.238068694726355,20.277282432789526
185,4887.918120298865,723.0253053196736,168.22922509690702,63.71477709957647,92.00592852841274,1.000697581446812,19.584845897264977,endurance,4000,-5,none,1014.0,601,1199,mission_endurance_misfire,28.23403869784986,19.904988971679966
186,4877.26911090354,712.36741400303,168.18588344685625,63.993543052529695,94.3704306396844,1.192867082803119,19.987818656042364,endurance,4000,-5,none,1013.0,601,1199,mission_endurance_misfire,28.172316763720662,19.43819679977211
187,4875.920506338718,716.2147399771153,168.84134464840585,62.5822833532846,92.33999269263418,0.9600450950185871,19.97490754735889,endurance,4000,-5,none,1012.0,601,1199,mission_endurance_misfire,28.23768780773841,19.818078757822907
188,4875.914507357828,717.6276629733989,165.2590845535563,63.20007394231686,94.12330177415286,1.0916722739371998,20.15649191832641,endurance,4000,-5,none,1011.0,601,1199,mission_endurance_misfire,28.27624390368743,20.48488612045416
189,4876.572678356123,721.0411595032615,170.1638754013109,63.14565866607863,92.6294713931609,1.2032145680982484,19.00920875842121,endurance,4000,-5,none,1010.0,601,1199,mission_endurance_misfire,28.25945769900401,19.8203585168369
190,4872.94096265831,719.7828306454411,167.54401936101024,62.30534699614455,94.33021824467708,1.0969654065262908,19.927410993453,endurance,4000,-5,none,1009.0,601,1199,mission_endurance_misfire,28.25820173576287,19.67133877971321
191,4875.906327306805,715.5943839340747,168.6637813950664,64.45097796304626,93.38205416084162,1.161469732755872,19.7649863678504,endurance,4000,-5,none,1008.0,601,1199,mission_endurance_misfire,28.252314201626657,20.113112740677472
192,4875.076668026185,716.032861671154,171.30787446348998,62.790886102576565,93.8264690800633,1.138422508308415,19.63648476208501,endurance,4000,-5,none,1007.0,601,1199,mission_endurance_misfire,28.255277600405066,20.248039993710353
193,4873.749589423383,718.7680255223127,165.67422883504915,62.24069064221723,92.87936043272956,0.9222643472642348,19.80630875872119,endurance,4000,-5,none,1006.0,601,1199,mission_endurance_misfire,28.362041695452607,19.97397481440469
194,4877.1583616630505,717.8772015003511,168.0856133887198,63.49702690423836,92.2524297532448,1.125653448871018,20.28779372586765,endurance,4000,-5,none,1005.0,601,1199,mission_endurance_misfire,28.290742062666176,19.76008782818376
195,4880.29696139007,718.8245671227219,169.419340331484,62.05367437905265,91.122187036863,1.147190227106105,19.50064656721813,endurance,4000,-5,none,1004.0,601,1199,mission_endurance_misfire,28.398737333839865,20.006971422847567
196,4881.056902214756,717.0907182327986,170.01321116316944,63.54337821827955,94.2546994079822,0.8070446808432187,19.591044309815164,endurance,4000,-5,none,1003.0,601,1199,mission_endurance_misfire,28.272546702948926,20.094587263740294
197,4879.657694722468,715.7166357633357,168.03229872747173,62.94476216599565,92.2470598872316,1.1659043149476045,19.732663080476936,endurance,4000,-5,none,1002.0,601,1199,mission_endurance_misfire,28.250702350423957,20.484339989784086
198,4878.749075293268,719.5546888980305,169.76577868401282,64.3136183477981,91.53567301110984,0.9739236363097764,19.734377880762533,endurance,4000,-5,none,1001.0,601,1199,mission_endurance_misfire,28.400775586864736,20.18454658272511
199,4881.383214696882,721.8545966042024,169.0887459096166,62.4851637451349,91.67305026159563,1.2516347426297465,19.415035892741816,endurance,4000,-5,none,1000.0,601,1199,mission_endurance_misfire,28.18333015219741,19.885596795935996
200,4882.281881263703,718.9566175204607,169.17122427935064,64.26537673134155,95.37607736631487,1.0914725741464106,19.941793728545417,endurance,4000,-5,none,999.0,601,1199,mission_endurance_misfire,28.27204773531746,20.00984796789305
201,4878.031763391572,713.2036166188191,168.31678931243414,62.46132818597575,91.53762391022757,1.0097478989570965,19.91892485394115,endurance,4000,-5,none,998.0,601,1199,mission_endurance_misfire,28.186237570484572,20.154489291388526
202,4879.42036372308,716.707243191065,168.35126978582636,62.0289772440002,92.9480241642445,1.0189797449829976,19.441006994036474,endurance,4000,-5,none,997.0,601,1199,mission_endurance_misfire,28.169157242650503,20.148344941811313
203,4873.195310298032,714.5045709997972,168.8640785921875,63.4072133313287,94.10864026182024,1.0228931723869354,19.82220014966241,endurance,4000,-5,none,996.0,601,1199,mission_endurance_misfire,28.138557901592076,20.409806912754195
204,4872.592633072251,718.0255152101266,169.14114962693876,63.43866977438829,93.21191035048616,1.0947589812337426,19.333036459454195,endurance,4000,-5,none,995.0,601,1199,mission_endurance_misfire,28.169051749078918,19.690246809245487
205,4872.33149576438,714.811327334869,170.88250976805293,62.43617132269465,93.33307878197397,0.9967020223366924,19.787319567662784,endurance,4000,-5,none,994.0,601,1199,mission_endurance_misfire,28.21206360206846,20.83565692522316
206,4872.841915123918,716.3232746314553,169.44910448964055,61.195331192370354,92.84270391522004,1.116264339755535,19.48872746028221,endurance,4000,-5,none,993.0,601,1199,mission_endurance_misfire,28.360347933409887,20.486792971100268
207,4871.143194703737,716.4145794749048,166.29510534595715,63.31388969976776,93.10781655774008,1.0423968932520826,19.93947132488103,endurance,4000,-5,none,992.0,601,1199,mission_endurance_misfire,28.201419783252973,19.619513446698942
208,4868.1978550110525,713.9136280211976,173.2771732211721,63.06737314363601,93.54809143968752,1.1286570214256486,19.230391178402517,endurance,4000,-5,none,991.0,601,1199,mission_endurance_misfire,28.318566422444842,20.08302172474734
209,4875.373911772771,715.0968494547349,166.91647183565578,61.79083334030703,95.01859688737056,1.1705053087813722,19.67909134132982,endurance,4000,-5,none,990.0,601,1199,mission_endurance_misfire,28.322523688439638,20.340227847475486
210,4870.192275205155,717.6904470698747,167.85939656634352,63.172738783672685,91.6395144527754,1.1518633403996426,19.84943248851692,endurance,4000,-5,none,989.0,601,1199,mission_endurance_misfire,28.34889133519285,20.4360786241514
211,4869.200862515635,716.6547009691415,165.5563472449103,61.6724437395317,93.41792731851604,1.0888289281320402,19.598163791084367,endurance,4000,-5,none,988.0,601,1199,mission_endurance_misfire,28.35259188217654,19.890270998981315
212,4872.219121474057,715.6327079890601,170.47428861247977,62.63829564793463,94.03517435382317,1.148105353707974,19.81956155677893,endurance,4000,-5,none,987.0,601,1199,mission_endurance_misfire,28.273561374171344,20.452723947617702
213,4869.259358928113,714.472499591343,164.7292108218552,63.89766200983282,94.6515741322579,1.0454905513244666,19.74480994554185,endurance,4000,-5,none,986.0,601,1199,mission_endurance_misfire,28.334562872904634,19.829130108639397
214,4868.015599182618,714.2738504361889,169.3714980469282,63.55836838281261,92.68953588035176,0.8980981086722271,19.95892138231501,endurance,4000,-5,none,985.0,601,1199,mission_endurance_misfire,28.406107250430093,19.83100718668116
215,4871.642092753311,715.4956429011089,170.76987715939035,63.60633538968799,90.63791479492036,0.9868689251761948,19.65404064466092,endurance,4000,-5,none,984.0,601,1199,mission_endurance_misfire,28.418450133252406,20.233912686288477
216,4872.774129209983,713.8275696571056,170.58957503399537,64.08929891974037,92.9131769719819,1.0144295187794057,19.406819668117844,endurance,4000,-5,none,983.0,601,1199,mission_endurance_misfire,28.369913479102195,19.714080728436755
217,4870.605860983685,717.5891937578361,166.43251906356767,61.96158907485503,92.17011009265914,1.094468567451025,19.57798585753386,endurance,4000,-5,none,982.0,601,1199,mission_endurance_misfire,28.3326008510739,19.856410181117724
218,4867.420483550893,722.6851482757312,166.91652389220982,62.88741123701381,91.25475077602164,1.0526305753086138,19.47961214930766,endurance,4000,-5,none,981.0,601,1199,mission_endurance_misfire,28.25918938542114,20.322300363752355
219,4865.755277272055,721.8110550335981,165.76201908982162,62.69205181313075,91.885525151727,1.3068538832691547,19.38556093054709,endurance,4000,-5,none,980.0,601,1199,mission_endurance_misfire,28.304235448300396,19.81420015842479
220,4875.248416525798,719.4115432165551,167.22042711233996,62.978435535217216,93.05263058925756,0.9909807677083924,20.25468559312281,endurance,4000,-5,none,979.0,601,1199,mission_endurance_misfire,28.311246347613586,20.45335499690125
221,4872.3178529406605,720.077043008755,168.0765492225418,63.611735489445344,93.00889454906614,1.0229966979536336,19.741604854606287,endurance,4000,-5,none,978.0,601,1199,mission_endurance_misfire,28.327839977387068,19.45973920623961
222,4871.2109686143485,710.9374118237803,170.5805935396903,63.19883195644917,92.97503987143052,0.9355573169548552,19.317031344076288,endurance,4000,-5,none,977.0,601,1199,mission_endurance_misfire,28.36762185793433,20.088283176598562
223,4876.308392066621,718.8724693603356,167.37593498585449,62.62930366961556,93.42299036059234,1.164259494688884,20.05579787184116,endurance,4000,-5,none,976.0,601,1199,mission_endurance_misfire,28.223747396023175,19.712459776835892
224,4872.14788829427,718.3904570388612,166.72790633590245,62.23493446048307,93.02934049592108,1.069738031671652,19.576662880562765,endurance,4000,-5,none,975.0,601,1199,mission_endurance_misfire,28.099445082776477,20.080908407829785
225,4870.213855781596,712.4960405859027,170.10358822174945,63.151539448367295,93.2257442863061,1.2912912624490354,19.722572899867004,endurance,4000,-5,none,974.0,601,1199,mission_endurance_misfire,28.186329244470897,20.255534965447506
226,4869.038313663146,720.3349431201119,167.61409795788697,63.21675479619189,93.11618650042448,1.03645552289167,19.571864886828752,endurance,4000,-5,none,973.0,601,1199,mission_endurance_misfire,28.18663759308419,19.583132739043695
227,4869.916997355529,715.3984914759649,170.09042563919644,64.96920761447652,91.581051084311,0.9372771974994744,19.9743997997478,endurance,4000,-5,none,972.0,601,1199,mission_endurance_misfire,28.262528223760004,20.239745213565595
228,4867.480190037501,716.3028844474798,167.5303268942834,63.21539691508329,93.61298968213714,0.9695321677674106,19.24826334289594,endurance,4000,-5,none,971.0,601,1199,mission_endurance_misfire,28.261279201669055,20.39033126309755
229,4875.145795659596,719.6238622594595,167.81115259273574,62.56829616854981,91.41463739107172,1.1429658954553636,19.749172827851982,endurance,4000,-5,none,970.0,601,1199,mission_endurance_misfire,28.24941012221703,20.52682054771226
230,4876.11843735688,720.6687625381288,164.41189533003129,62.72309711382893,94.2480235358475,1.0029822361891585,19.621364180787378,endurance,4000,-5,none,969.0,601,1199,mission_endurance_misfire,28.222043663677315,20.246849011606546
231,4878.719981382706,716.6994820957093,170.57681539155865,63.26977019279209,93.08056895223172,1.3004202750782174,19.69536997696656,endurance,4000,-5,none,968.0,601,1199,mission_endurance_misfire,28.24458267806702,20.226802997802757
232,4878.367702464525,717.8109656928,169.39627948008336,62.46751798864614,93.12381386446964,0.9904699243488292,20.03330365688989,endurance,4000,-5,none,967.0,601,1199,mission_endurance_misfire,28.26986826700752,20.044805254869896
233,4885.445343352627,719.7436404174119,168.720126975889,63.47307113278764,90.68883147778811,1.2779460357873411,19.639315604423125,endurance,4000,-5,none,966.0,601,1199,mission_endurance_misfire,28.207816673912777,19.876206059206176
234,4880.069117967128,722.4828141645363,167.63988984710124,62.60486634523385,91.02185539462684,1.173237344360354,19.83157705156747,endurance,4000,-5,none,965.0,601,1199,mission_endurance_misfire,28.29980259540036,20.00660864448456
235,4873.738819210764,719.037508936624,168.71323653292058,61.74645275257027,92.67068268883826,0.9999072051107571,19.91707275044168,endurance,4000,-5,none,964.0,601,1199,mission_endurance_misfire,28.272595333738526,20.4897939076492
236,4873.028266807856,716.7773030479614,166.56698499018503,63.8269870605099,92.43892273031568,1.1630015421411375,19.65181690307688,endurance,4000,-5,none,963.0,601,1199,mission_endurance_misfire,28.222149213902437,20.716499330460707
237,4869.58892424493,719.0820429336906,169.4488788052571,63.01724511840053,92.04029959155524,1.1572151051861206,19.70687518190278,endurance,4000,-5,none,962.0,601,1199,mission_endurance_misfire,28.300391301841362,20.09929096885708
238,4869.386577044188,716.367258378369,164.37782251166777,63.04310938033567,91.83406177319988,1.1296933792576849,19.586442106918007,endurance,4000,-5,none,961.0,601,1199,mission_endurance_misfire,28.25749469924422,20.461324770272515
239,4868.731757943656,709.3621056004965,168.58626303942393,62.66104631848969,92.487143111467,0.965249579962899,19.72583358597054,endurance,4000,-5,none,960.0,601,1199,mission_endurance_misfire,28.235445321917513,20.399584183425077
240,4868.586178050463,717.1528305010493,166.4415952376792,62.32160929426651,92.98967203808589,1.1185640462209925,19.674865338637986,endurance,4000,-5,none,959.0,601,1199,mission_endurance_misfire,28.220144766126623,19.717586019390925
241,4864.230131733653,713.6312920498283,170.33959778464256,62.29678465502651,93.033322988542,1.1608170974316587,19.948819261796316,endurance,4000,-5,none,958.0,601,1199,mission_endurance_misfire,28.279701363118065,19.997460816711417
242,4862.662384283888,714.4547283624211,165.86779967954848,61.49058327657664,91.77264164681527,1.0294097644782425,19.677569929276256,endurance,4000,-5,none,957.0,601,1199,mission_endurance_misfire,28.165316688716537,19.959512470647702
243,4863.531386813193,717.775590608938,167.3393419421853,63.44428938214512,92.8270464892304,1.2568239356560296,19.449549340272668,endurance,4000,-5,none,956.0,601,1199,mission_endurance_misfire,28.150477249742867,19.939337712670632
244,4858.584258776718,707.2136385386444,165.6919163484681,63.13427849433024,93.17860792211148,1.2535601704130386,20.004176869235145,endurance,4000,-5,none,955.0,601,1199,mission_endurance_misfire,28.15517727112821,20.122530070570296
245,4857.779143223386,716.2380147768234,167.62770545416237,63.33375302635795,94.19056834017655,1.077609240011931,19.701942235265825,endurance,4000,-5,none,954.0,601,1199,mission_endurance_misfire,28.144486954792637,20.25738377456548
246,4858.993749059899,713.9756451319666,167.75939121772436,62.81358081160214,90.63099759510996,0.9791858843289531,19.383679421904286,endurance,4000,-5,none,953.0,601,1199,mission_endurance_misfire,28.190776854623042,19.74136424543326
247,4865.953818116023,713.5957511398761,166.1697099377857,62.362512434286245,91.81939820066242,1.2289422491005189,19.877666102905597,endurance,4000,-5,none,952.0,601,1199,mission_endurance_misfire,28.1955775202926,20.220594098233363
248,4869.256505086929,712.915258032172,170.57562804136694,62.71823392793554,93.02413881497937,1.1699762272404564,19.70102005104485,endurance,4000,-5,none,951.0,601,1199,mission_endurance_misfire,28.25823202020318,19.5359297901473
249,4867.913379126464,714.8509907914057,167.04132594071535,63.15465046806812,93.26158057262634,0.9534960875095958,19.567115723719464,endurance,4000,-5,none,950.0,601,1199,mission_endurance_misfire,28.178595110581686,20.052955871720883
250,4865.8729216900965,714.341587482921,164.70114738325225,61.52006733862685,95.3460167362714,1.074383489954373,19.791030774423408,endurance,4000,-5,none,949.0,601,1199,mission_endurance_misfire,28.16877117108819,19.79236084895395
251,4867.110541789948,711.0391474401267,165.68921359298625,63.95369279648365,90.99905532062424,1.0401696403153864,19.4553913966504,endurance,4000,-5,none,948.0,601,1199,mission_endurance_misfire,28.25090378230064,19.962117025733658
252,4868.827079021113,715.7503839441249,168.24162866336283,62.68045288711778,92.64639172750654,1.2631827669754865,19.278476159630625,endurance,4000,-5,none,947.0,601,1199,mission_endurance_misfire,28.127163694129045,19.535335215704574
253,4873.756608494369,718.9026824131657,168.50236334907757,63.36523174102126,92.00594521348287,1.0272370442311247,19.861682795085528,endurance,4000,-5,none,946.0,601,1199,mission_endurance_misfire,28.19023228009555,19.413144370291864
254,4866.1689684968205,715.4919030527442,169.99132628457127,62.94086457375356,92.66844148559724,1.039682539298782,19.41511413666539,endurance,4000,-5,none,945.0,601,1199,mission_endurance_misfire,28.227396209182633,20.10999178606139
255,4869.680687612089,715.2954478151836,168.8419920793751,63.86129927462204,94.08921378648326,1.1978693210717963,19.838912191587426,endurance,4000,-5,none,944.0,601,1199,mission_endurance_misfire,28.11621940559913,19.981515001010532
256,4870.497845845802,720.3495567539255,166.34357926716874,62.54329353922997,93.37631677048516,0.9985246887984228,19.56422913567924,endurance,4000,-5,none,943.0,601,1199,mission_endurance_misfire,28.275042829853863,20.24890720728415
257,4869.507976515258,716.7108118863847,164.0543577005223,64.25863573546665,94.90425747794356,1.0549737803709465,19.666190155695805,endurance,4000,-5,none,942.0,601,1199,mission_endurance_misfire,28.21322636528203,19.761841462265362
258,4864.590260895439,715.2518004770945,167.8402984863944,62.79617756105781,93.3151321363042,0.9522909154628952,19.77438181340595,endurance,4000,-5,none,941.0,601,1199,mission_endurance_misfire,28.296650861271615,20.113946851978387
259,4862.404683265242,717.9086247503362,164.88981793056448,64.24242759439335,93.36961018546056,1.1224013900383965,19.830065471580724,endurance,4000,-5,none,940.0,601,1199,mission_endurance_misfire,28.307427508941416,19.908640653698342
260,4861.980058954022,714.7419406005066,169.09479581108027,62.40739814094047,92.67557909732716,1.0952660555757596,19.497844125176748,endurance,4000,-5,none,939.0,601,1199,mission_endurance_misfire,28.305603577122657,20.050009907559886
261,4864.914572554299,712.0652018054587,167.93210484530226,62.31003060340896,93.30677328567596,1.1512887409182198,19.62326629579607,endurance,4000,-5,none,938.0,601,1199,mission_endurance_misfire,28.225210124645585,20.528930905025085
262,4868.412551493329,713.9344932956828,168.545629202585,64.41174648428898,93.01434562655548,1.1782159896689155,19.38352592520135,endurance,4000,-5,none,937.0,601,1199,mission_endurance_misfire,28.187373124093536,19.98815381904327
263,4864.364491866526,713.4872546936459,171.31519706508462,63.691446197460266,91.6129571676675,1.2205410108490908,20.006849505960847,endurance,4000,-5,none,936.0,601,1199,mission_endurance_misfire,28.209073603739448,19.823508193611982
264,4868.905755786494,723.3795696335408,167.38286594950327,61.90607032146372,92.50872531282651,1.133944990534444,19.52248980437344,endurance,4000,-5,none,935.0,601,1199,mission_endurance_misfire,28.224626939992024,20.180439877571054
265,4866.449915540685,713.162914297241,167.93101033655904,62.6867151882072,94.72870031843948,1.0466946763629716,19.635684068007688,endurance,4000,-5,none,934.0,601,1199,mission_endurance_misfire,28.276624630364317,20.287581833873613
266,4868.147444733391,718.9029673929851,163.55550847118658,63.04838600369002,93.43564067794172,1.199772397271368,19.391698265243363,endurance,4000,-5,none,933.0,601,1199,mission_endurance_misfire,28.208483278166188,20.17539472087578
267,4859.035491268566,714.0958291358943,167.93858681487305,63.55944676576668,92.18983815373612,1.113408009287907,19.62731550622011,endurance,4000,-5,none,932.0,601,1199,mission_endurance_misfire,28.314620472389727,20.143578440916734
268,4857.372034763677,717.7299478475751,170.0027253977508,62.95989471477376,92.79892795141252,1.0408224189612705,19.85481598312641,endurance,4000,-5,none,931.0,601,1199,mission_endurance_misfire,28.31756921982588,19.62842271404215
269,4853.027571867146,709.8671459244754,164.81477307511756,62.2275322056268,93.06151121433636,1.3349909568080178,19.205838902017884,endurance,4000,-5,none,930.0,601,1199,mission_endurance_misfire,28.320660959475337,20.34793708395436
270,4850.803645817083,709.969791825154,168.74514626090993,63.96828634698232,92.65376852192855,1.267223426655635,19.074810718802336,endurance,4000,-5,none,929.0,601,1199,mission_endurance_misfire,28.277861012045005,19.741047516982547
271,4849.764113970692,710.7399922137026,168.82066179225384,62.27965929059386,92.58643101984612,1.1617748669650647,19.523941231746985,endurance,4000,-5,none,928.0,601,1199,mission_endurance_misfire,28.199257330055406,20.263539847728104
272,4851.291203385022,710.1609980513608,168.16845835710956,62.29008979033387,94.5124448983391,1.1995608017971169,19.42303400251379,endurance,4000,-5,none,927.0,601,1199,mission_endurance_misfire,28.22730255926184,20.07552289519653
273,4849.911420749067,715.4967081006733,168.0296171224868,61.61069818242765,91.073176343733,1.0457129623494608,19.631923280140185,endurance,4000,-5,none,926.0,601,1199,mission_endurance_misfire,28.238524904077508,20.177699282185323
274,4844.143201049951,712.1896509163898,167.72345140026627,62.528644212361286,92.9215920561736,0.8439305396403346,19.74731340319582,endurance,4000,-5,none,925.0,601,1199,mission_endurance_misfire,28.20098026779208,20.080499915360697
275,4841.608970486233,712.810371454068,167.59344318519467,63.23535384877528,93.61303281250196,0.9580137404261172,19.78713046956697,endurance,4000,-5,none,924.0,601,1199,mission_endurance_misfire,28.197670435438816,20.302511427517846
276,4834.155634541946,709.3121017258987,166.73736463816778,62.51298884461479,91.93487583430174,0.8723445234463416,19.18140058371496,endurance,4000,-5,none,923.0,601,1199,mission_endurance_misfire,28.142236724123464,20.236005575630497
277,4827.251807354039,713.2660428691154,166.63194651854133,62.98947342582813,91.23986914458236,1.1097827043230108,19.03216736443946,endurance,4000,-5,none,922.0,601,1199,mission_endurance_misfire,28.12849555974926,19.383831132176876
278,4835.032027793513,719.0972728082185,168.16182961037043,63.1056366895464,91.67997196254056,1.220674180576091,19.018790336246457,endurance,4000,-5,none,921.0,601,1199,mission_endurance_misfire,28.026777376118474,20.84582032977126
279,4833.529478336955,711.8545118813166,165.89759426704944,63.00325114731568,93.18235833472812,1.2024579237076627,19.210411378828887,endurance,4000,-5,none,920.0,601,1199,mission_endurance_misfire,28.24029336758627,20.70941513044594
280,4836.657423188787,710.4835321211726,165.71298272278688,62.29026836054106,93.57810382129374,1.0450122405804867,18.94866993610517,endurance,4000,-5,none,919.0,601,1199,mission_endurance_misfire,28.12053300986516,20.16838168062572
281,4838.577555959853,713.1619636573348,169.57829635046406,62.18817524189047,93.67739642691753,0.9039867225405482,18.85854501924408,endurance,4000,-5,none,918.0,601,1199,mission_endurance_misfire,28.172100395335356,19.865252828550073
282,4841.701119795259,717.0429451033784,166.68954475491145,62.0418765086155,92.3923035499728,1.0175692103418126,19.17152689774528,endurance,4000,-5,none,917.0,601,1199,mission_endurance_misfire,28.146712044380443,19.72200241598561
283,4833.559043823814,712.3340015525444,166.40007093769594,63.68355191221955,94.31408032020244,1.0638718291068725,19.702497582164654,endurance,4000,-5,none,916.0,601,1199,mission_endurance_misfire,28.199919138619087,19.829540617024186
284,4835.981536043391,712.8812767150241,165.17579201503372,61.86756886717442,92.00695586886891,1.1553195477958456,19.111602938854453,endurance,4000,-5,none,915.0,601,1199,mission_endurance_misfire,28.209761658924386,20.326104635357936
285,4842.237740251163,713.1021057292652,167.8389602483636,62.39649220301593,93.97219905833116,1.017879167607449,19.171985633374568,endurance,4000,-5,none,914.0,601,1199,mission_endurance_misfire,28.241181096533627,20.401693750528946
286,4847.475913941017,710.469889157545,165.4218788821064,64.07142362894838,92.79276481516426,1.113222608261233,19.4528759659818,endurance,4000,-5,none,913.0,601,1199,mission_endurance_misfire,28.197155780294516,20.322504875975426
287,4847.743443322638,713.9898152653502,165.95178077097052,63.07883635084131,92.02799445333306,0.863638780214022,19.370986353582406,endurance,4000,-5,none,912.0,601,1199,mission_endurance_misfire,28.176471568144866,19.519114813499506
288,4851.771045039167,716.9027250044746,166.59332887667506,63.15118855530309,93.2580749701418,0.8258642268608454,19.60735372510079,endurance,4000,-5,none,911.0,601,1199,mission_endurance_misfire,28.19212249432835,19.478938919799667
289,4848.402796211243,716.6176578971302,169.023880512305,61.86288981924427,92.10100349680684,1.098366720074765,19.741765088652187,endurance,4000,-5,none,910.0,601,1199,mission_endurance_misfire,28.14008479095147,19.44098326530866
290,4854.364264228139,711.3026002246369,165.48829999267411,65.51271229760157,92.29056348659108,1.2198738710795771,18.945212184572664,endurance,4000,-5,none,909.0,601,1199,mission_endurance_misfire,28.22557353304771,20.2306681744614
291,4850.989096764676,712.5989173475729,166.13388309932589,62.04520701643064,92.95499762972196,1.1172715500272303,19.18327965183316,endurance,4000,-5,none,908.0,601,1199,mission_endurance_misfire,28.14954322935984,19.92194757499623
292,4843.331714988692,711.0844279729487,167.48731647786076,61.43882075966385,91.7019218206545,1.0216356779649391,19.51716058463054,endurance,4000,-5,none,907.0,601,1199,mission_endurance_misfire,28.12948585693849,20.166755733612213
293,4842.38670463977,711.5318218387849,165.60815476935312,63.14248651243678,91.91628476084588,1.1410750198969577,18.936897689556048,endurance,4000,-5,none,906.0,601,1199,mission_endurance_misfire,28.173359370931568,19.94249406456874
294,4837.583563998649,710.2186819456524,167.74344050420964,62.66162891260852,91.6153362110899,1.128674231883367,19.398523663188392,endurance,4000,-5,none,905.0,601,1199,mission_endurance_misfire,28.166296987312354,19.844881673830113
295,4839.548920777143,711.3606762397302,167.9837771189474,61.71751816699831,92.3114505116704,1.2626840564876831,19.37457772161157,endurance,4000,-5,none,904.0,601,1199,mission_endurance_misfire,28.212649288673095,19.946670710695038
296,4839.584350309926,711.6262788916274,167.70743951825867,63.249742811339374,91.0606771648019,1.1402095051886494,19.6944329780054,endurance,4000,-5,none,903.0,601,1199,mission_endurance_misfire,28.168294661470686,20.04450756286492
297,4837.609627229176,711.6959823325278,165.76719050203425,63.40249279934413,92.29748519697554,1.1243767120520984,19.499181710521608,endurance,4000,-5,none,902.0,601,1199,mission_endurance_misfire,28.186243780678456,20.041086450885494
298,4837.815267042479,715.1125251897248,167.7653750437099,63.05834978160807,91.89530340543058,1.0279013573457918,19.235319319697098,endurance,4000,-5,none,901.0,601,1199,mission_endurance_misfire,28.27936557537318,19.699792458604914
299,4833.919908418826,708.6108391598594,168.6982134475316,61.20937720078005,93.03830908799618,0.9712436448010372,19.569116947786156,endurance,4000,-5,none,900.0,601,1199,mission_endurance_misfire,28.281874328873638,19.677753626874246
300,4841.808484630344,711.6702715815704,166.169565179739,62.09774861598452,91.8675869660716,1.179995613369351,19.33966673495744,endurance,4000,-5,none,899.0,601,1199,mission_endurance_misfire,28.272438071447866,20.455754721966056
301,4841.377538365706,714.0857084059302,168.85561555015298,62.30214767740852,92.04029734346707,1.1526507867997735,19.10843789046638,endurance,4000,-5,none,898.0,601,1199,mission_endurance_misfire,28.315898516304657,20.02710108497726
302,4845.63141212024,708.8295142127123,165.63309368085024,60.37423803246017,93.14943371701888,0.8392459103073655,19.53750763228308,endurance,4000,-5,none,897.0,601,1199,mission_endurance_misfire,28.347028289838658,19.919370698322112
303,4846.999365624273,715.610979820049,168.6316135675964,63.04562311727136,93.167888494029,1.0172425581363382,19.57223048004048,endurance,4000,-5,none,896.0,601,1199,mission_endurance_misfire,28.243731504512823,19.621684143953647
304,4839.491863675589,712.6148085404824,168.59363561465864,62.706845772044296,93.58448059090766,1.0569880933873426,19.031440460271824,endurance,4000,-5,none,895.0,601,1199,mission_endurance_misfire,28.286339519762656,19.85212294632512
305,4840.655113448513,717.0431362965936,165.49963866241671,62.13066188997953,93.56122171758676,0.9716158809473332,19.01307291555821,endurance,4000,-5,none,894.0,601,1199,mission_endurance_misfire,28.2802072571705,19.81196117681389
306,4840.026324195531,712.7398030616146,165.5843413367454,62.53975848558505,93.267963977781,1.1446201627955377,19.17343850902374,endurance,4000,-5,none,893.0,601,1199,mission_endurance_misfire,28.320113240886364,20.028878201344792
307,4842.1906651126965,717.7379061927246,165.61794721433503,63.27044239098439,92.2781120546493,1.0776296698464478,19.19162720739116,endurance,4000,-5,none,892.0,601,1199,mission_endurance_misfire,28.35558251085125,19.38609579980488
308,4839.100705812268,711.1429588656025,165.10265771252023,62.31596083224742,93.28475552253032,1.0109351485660645,19.530822120065253,endurance,4000,-5,none,891.0,601,1199,mission_endurance_misfire,28.30390307707686,20.2444777137179
309,4837.598705656705,715.0674564672506,166.4785828688245,61.68258604907578,93.00665160824823,1.0334873267278626,18.910504398020475,endurance,4000,-5,none,890.0,601,1199,mission_endurance_misfire,28.188636287413306,19.340177947433272
310,4837.870040592292,714.789232208735,167.12860750735368,62.00446841534726,92.33617591062335,1.021421695916766,19.35730801915752,endurance,4000,-5,none,889.0,601,1199,mission_endurance_misfire,28.328592192122603,20.106662728628116
311,4838.940686059867,713.9243031133382,164.39107848111962,62.57727137925756,93.02956535865944,1.161619331052294,18.97667609774024,endurance,4000,-5,none,888.0,601,1199,mission_endurance_misfire,28.22478390309831,19.81105256456892
312,4837.48745704758,714.17576473895,169.01774619150572,64.21673094319785,90.87808789590235,0.960330145644545,19.118276867276467,endurance,4000,-5,none,887.0,601,1199,mission_endurance_misfire,28.25365790205566,20.210849475113022
313,4838.831883663044,712.4172511180624,167.26637488824932,62.20281196829471,92.74541859283498,1.1726290911000308,19.19445521212521,endurance,4000,-5,none,886.0,601,1199,mission_endurance_misfire,28.306321293525563,20.006752289600396
314,4837.701901633688,714.4482762576846,164.82625430766063,62.97176550138364,95.29809664374716,0.7972790836118557,19.46543261540904,endurance,4000,-5,none,885.0,601,1199,mission_endurance_misfire,28.338491516798715,19.958479399342075
315,4830.795489835649,712.7431257304,166.1801985060326,61.0117796448351,93.53029867460256,0.9720311576321354,19.425853003357226,endurance,4000,-5,none,884.0,601,1199,mission_endurance_misfire,28.31660244652542,20.22482407353373
316,4834.250422251409,710.922317844452,162.63204343225456,62.41382422399824,92.16488598966107,0.9861590936481596,19.424576041725658,endurance,4000,-5,none,883.0,601,1199,mission_endurance_misfire,28.28009826926003,19.968265163521554
317,4841.244391079948,708.7653284667261,166.0941821482898,63.23859285114632,92.41888059526252,1.0724921648386527,19.485841413172096,endurance,4000,-5,none,882.0,601,1199,mission_endurance_misfire,28.255885027414482,20.78516774340428
318,4843.19949700884,718.1062366061274,167.4078693190116,63.24065196914868,93.4553371662293,1.1545958578334972,19.55976601815421,endurance,4000,-5,none,881.0,601,1199,mission_endurance_misfire,28.215895616859985,20.06715193154458
319,4840.317839653523,720.3026333178069,166.20512900296288,63.50564507814472,92.30720475526113,1.01211312824844,19.9969751412446,endurance,4000,-5,none,880.0,601,1199,mission_endurance_misfire,28.238195879299937,19.511942076355698
320,4840.249435987701,712.568767797934,164.42588669393336,62.80261298728764,93.92930494012228,0.877774431894384,19.36922268911815,endurance,4000,-5,none,879.0,601,1199,mission_endurance_misfire,28.242071801344103,19.865838675939735
321,4843.422843780306,711.1619022916057,166.44390138367854,61.988554013186864,91.67564572270206,1.0824876042720109,19.50845539874649,endurance,4000,-5,none,878.0,601,1199,mission_endurance_misfire,28.305277660405437,20.008530743105737
322,4844.960779481972,713.5399656707884,170.09098355309004,62.41095535004218,91.86404177400816,1.1839474028723584,19.532198127239116,endurance,4000,-5,none,877.0,601,1199,mission_endurance_misfire,28.29896066957989,20.05087190175703
323,4846.508974138567,714.0630561897821,169.0240597714269,64.76392770867628,92.32588895613708,1.0872902185333884,19.47786401248861,endurance,4000,-5,none,876.0,601,1199,mission_endurance_misfire,28.127679187032694,20.024203086203794
324,4850.0232773103735,715.7428257304347,167.35129901090818,64.28397105375103,92.50846012792266,1.142385159844434,19.342951112817104,endurance,4000,-5,none,875.0,601,1199,mission_endurance_misfire,28.237483695091296,19.88755476270192
325,4855.627958640473,714.8901569070954,168.8292691512998,62.52162047830407,92.06247833944362,1.162932733076747,19.749569014807975,endurance,4000,-5,none,874.0,601,1199,mission_endurance_misfire,28.176380690376174,20.452301309266087
326,4848.97912308917,712.5797160715692,167.06174994258677,63.61389838171471,92.83193521152884,1.145440457189106,19.610496149212214,endurance,4000,-5,none,873.0,601,1199,mission_endurance_misfire,28.13752243085168,20.117428635129183
327,4846.5581771806765,711.8733716522779,165.53004619178492,63.84697661759215,93.74481884737808,0.9018467937084635,19.84693475810321,endurance,4000,-5,none,872.0,601,1199,mission_endurance_misfire,28.219754223901635,20.238046884514343
328,4845.823639832912,706.5272820168934,167.55349896497114,61.65681993401959,93.29610879411707,1.168683924167438,19.01275562634873,endurance,4000,-5,none,871.0,601,1199,mission_endurance_misfire,28.271597070676144,19.825000474761787
329,4852.835949445823,711.4489059530748,169.38995884274985,62.39640677490371,93.7532524310906,1.166304088836963,19.432790340601397,endurance,4000,-5,none,870.0,601,1199,mission_endurance_misfire,28.267985975577314,19.87305230391232
330,4859.4902937590805,716.6256307390022,168.22709515161137,62.52026109929975,93.03164126918396,1.154143716495463,19.593792206171283,endurance,4000,-5,none,869.0,601,1199,mission_endurance_misfire,28.213968989008613,20.23910599042007
331,4864.945174394639,713.1159028467549,167.14500650057334,63.736400553684746,92.14554099243448,1.0608490774054586,19.646830324827786,endurance,4000,-5,none,868.0,601,1199,mission_endurance_misfire,28.232937911274373,19.67601298365223
332,4862.405624840843,717.8039573987767,166.77295722561936,62.75467241890604,95.46449825743258,1.2052983263669463,20.00762426150061,endurance,4000,-5,none,867.0,601,1199,mission_endurance_misfire,28.330843544586145,19.68709272846576
333,4864.1661266475285,717.0959263347092,168.7358071562462,62.78840295132737,90.19238027417512,1.00686619853639,19.47639728908969,endurance,4000,-5,none,866.0,601,1199,mission_endurance_misfire,28.242509684378845,20.341319651313032
334,4862.278938321755,718.5500257744445,166.17998874137288,62.05696367731581,92.54199071352468,1.1983929406029754,19.63853083909908,endurance,4000,-5,none,865.0,601,1199,mission_endurance_misfire,28.2669882413176,20.368007058324075
335,4862.473899083658,717.019518344142,167.31029494816093,65.12031936473136,91.99202250931356,0.9022065353638378,19.78769431516009,endurance,4000,-5,none,864.0,601,1199,mission_endurance_misfire,28.226250065045836,20.131397913298844
336,4857.681729995284,716.2947106904275,168.06344541832385,61.466999987835486,90.980508803696,0.9779513557068628,19.3873987947406,endurance,4000,-5,none,863.0,601,1199,mission_endurance_misfire,28.207088130623333,20.304828733313038
337,4864.16088652592,721.1267880028488,165.71455438765094,63.30521683585675,92.37389234751184,1.0928307899136438,19.36329639272457,endurance,4000,-5,none,862.0,601,1199,mission_endurance_misfire,28.11953201791927,20.321109375974967
338,4862.970361447091,713.9147782721212,167.1800352651465,62.14861102016353,90.97285093714164,0.9196951030950667,19.54769240908292,endurance,4000,-5,none,861.0,601,1199,mission_endurance_misfire,28.252531712427775,20.298510543887986
339,4857.87353600282,716.4453983342885,170.08053705354374,63.57860746283739,94.25569115841132,0.993040614704668,18.99401561940765,endurance,4000,-5,none,860.0,601,1199,mission_endurance_misfire,28.217758677393547,19.66041442063164
340,4861.467910501964,714.4594628533512,167.82550237678353,63.05537566047074,92.53657001653764,1.1704607580623454,19.22637759632476,endurance,4000,-5,none,859.0,601,1199,mission_endurance_misfire,28.17245683435928,20.036448092863623
341,4866.239362089703,715.4609250447097,167.79463650397796,62.933122667558976,92.74518475597095,1.197532636879388,19.27427708762004,endurance,4000,-5,none,858.0,601,1199,mission_endurance_misfire,28.189264168831947,19.71632583783578
342,4859.673375806779,713.521643666598,167.89955353698593,63.58517553646626,92.34387370127696,0.8193856817704406,19.121767498288087,endurance,4000,-5,none,857.0,601,1199,mission_endurance_misfire,28.130129801965236,19.8154329039137
343,4865.43287497331,718.5628283885113,168.67327405140296,62.50455790664272,92.24934591543514,0.9830484342472192,19.570201452188776,endurance,4000,-5,none,856.0,601,1199,mission_endurance_misfire,28.162723704714004,20.042027294256627
344,4863.4682590501125,717.0697002212265,167.4289256834633,62.76847127808841,95.6784175193902,1.1413293294705635,19.29385645388635,endurance,4000,-5,none,855.0,601,1199,mission_endurance_misfire,28.1444293722329,19.678077431760983
345,4856.950266179542,713.8097341036815,164.2282829577997,63.52513990824823,91.96440758288166,1.1822219029580157,19.4154920453073,endurance,4000,-5,none,854.0,601,1199,mission_endurance_misfire,28.111668565346264,20.45625782077732
346,4858.436425451433,713.5448014802657,165.94417341535402,62.02718700142948,94.47461910216778,1.193497998820311,19.543848371783643,endurance,4000,-5,none,853.0,601,1199,mission_endurance_misfire,28.197197865912596,20.246901435063542
347,4853.464142491737,714.2572677173363,168.64200717251123,63.485576346059936,90.48350630352893,0.8143539912872468,18.938420684047102,endurance,4000,-5,none,852.0,601,1199,mission_endurance_misfire,28.147984949925327,19.72184038851213
348,4857.509309539323,715.1286812409378,165.11196129211544,63.17334796706666,93.70665244600292,0.9781765066794752,19.555616152597494,endurance,4000,-5,none,851.0,601,1199,mission_endurance_misfire,28.20768209787921,19.81518372557873
349,4856.51771765092,715.9741374112099,168.18107724388338,63.636674099744845,91.9118908902891,0.9074564361454672,19.74239545080012,endurance,4000,-5,none,850.0,601,1199,mission_endurance_misfire,28.180477164006557,19.410918028881945
350,4856.741018279881,713.8059577090359,165.43550121138756,62.11559358386248,92.23944925612412,1.0890846110076953,19.71023314471241,endurance,4000,-5,none,849.0,601,1199,mission_endurance_misfire,28.151882894362863,20.06338966363158
351,4852.2570197719215,716.1265968787791,166.11241129349713,62.44073384045564,93.0294989029761,1.0320830081093928,19.79513548476293,endurance,4000,-5,none,848.0,601,1199,mission_endurance_misfire,28.17541468559701,19.84669117497055
352,4848.287342489429,719.1160239604015,163.70841954187972,62.21066679734828,93.97761425305076,1.0972497561975014,19.595835891004143,endurance,4000,-5,none,847.0,601,1199,mission_endurance_misfire,28.169019413526808,20.373745883724812
353,4852.602207105135,709.2992217540586,166.4868402850608,64.07682768173228,94.42658804492314,1.121739099477841,19.271748769937613,endurance,4000,-5,none,846.0,601,1199,mission_endurance_misfire,28.163408576188548,20.109488173447463
354,4857.039351715936,712.4044577390596,167.29513403224246,63.54541602212288,95.1728467401012,0.9438571238380746,19.31820153135502,endurance,4000,-5,none,845.0,601,1199,mission_endurance_misfire,28.107299523470676,19.935830790787723
355,4853.7782123609495,718.736153711831,166.1486378412339,62.96892999436496,91.88587282780352,0.9110931626637068,18.98535402507844,endurance,4000,-5,none,844.0,601,1199,mission_endurance_misfire,28.14796483488819,19.878446365884272
356,4858.23679562789,716.0509270443282,167.12810229096286,62.99001216417759,92.77584100429554,1.0901081530729109,19.91287383479237,endurance,4000,-5,none,843.0,601,1199,mission_endurance_misfire,28.22180315958196,19.954281522861162
357,4859.087320955442,708.6357032501064,168.44359443138237,62.51532760846726,91.01265432940068,1.1127747981298437,19.70369619733053,endurance,4000,-5,none,842.0,601,1199,mission_endurance_misfire,28.236406562791483,20.154178282736957
358,4857.742309890085,720.7147220459864,168.2863563232403,62.84003297469397,93.44255025617667,1.1915202731089418,19.526359767669813,endurance,4000,-5,none,841.0,601,1199,mission_endurance_misfire,28.113225784948057,19.665404243154967
359,4858.476876876309,718.0666782074044,168.16046446866332,63.081839146143295,92.7992712310894,1.190740987774387,19.69474730943337,endurance,4000,-5,none,840.0,601,1199,mission_endurance_misfire,28.138080271439012,19.985176071878918
360,4867.228470602781,712.2069712367828,169.1012860574606,62.453591682915,91.61803760080704,1.2114386969829067,19.70958038725197,endurance,4000,-5,none,839.0,601,1199,mission_endurance_misfire,28.140989161904688,19.84911284607535
361,4873.487028474392,718.2884864335781,168.97493223811878,63.152902799778,92.35916816693803,1.1327155889520666,20.214585857123947,endurance,4000,-5,none,838.0,601,1199,mission_endurance_misfire,28.236209329874978,19.88131910943598
362,4870.369338251529,717.166868058076,165.56768551635983,62.87943419436363,92.29475931881758,1.095559270347343,19.850000409224503,endurance,4000,-5,none,837.0,601,1199,mission_endurance_misfire,28.18274218207945,20.04867042516084
363,4866.865706257155,716.5988930569399,168.8304756333922,63.09714783627394,92.71744444713208,1.0843693486711123,19.68868523698302,endurance,4000,-5,none,836.0,601,1199,mission_endurance_misfire,28.087942655334523,20.503383125285676
364,4866.953364755965,718.8073115818295,167.55276309701452,63.67883406922171,92.67704320202898,0.9902464425695554,19.41821959227088,endurance,4000,-5,none,835.0,601,1199,mission_endurance_misfire,28.17990437197555,20.198383897528913
365,4867.295616285501,714.7433959038818,167.5677414534841,63.54201998075245,93.530937189312,0.9452657574064708,19.522480074306767,endurance,4000,-5,none,834.0,601,1199,mission_endurance_misfire,28.201743947005202,20.277013695305364
366,4867.062556974498,717.2210273416142,167.51490251099588,63.47540392271379,94.05231591268122,1.2744041273109186,19.12555063168492,endurance,4000,-5,none,833.0,601,1199,mission_endurance_misfire,28.16305912203777,19.881364529816086
367,4872.377445305996,717.53454486261,166.92884114876813,63.12025568166938,92.5926259118961,1.1678547982327383,19.592788791289937,endurance,4000,-5,none,832.0,601,1199,mission_endurance_misfire,28.21493237485996,20.435377039563818
368,4875.861248300576,712.9380228009128,169.5641011568419,63.03858992108201,92.30986067863056,0.9997283474328168,19.37598086490405,endurance,4000,-5,none,831.0,601,1199,mission_endurance_misfire,28.157121861596014,19.832695819785254
369,4875.224824117258,718.5008541963163,166.0699367642102,63.32744570141372,94.17395812777642,1.1121591332282796,19.55309981609075,endurance,4000,-5,none,830.0,601,1199,mission_endurance_misfire,28.100501276589036,19.76849809886638
370,4871.933831380787,718.4244205647609,166.35323338752144,63.62832458146518,92.59336113028266,1.003932383699217,19.439219714973056,endurance,4000,-5,none,829.0,601,1199,mission_endurance_misfire,28.153344997806126,20.205305160503563
371,4875.715910367915,721.5995346636424,166.44709057753053,64.03961036013186,93.1064464802688,1.178233209996765,19.922852486212317,endurance,4000,-5,none,828.0,601,1199,mission_endurance_misfire,28.223323298026994,19.944663836413373
372,4878.799241311319,718.8856192932953,166.36279652047077,63.45489858815666,91.95569857966755,1.1854134251046258,19.514948567165384,endurance,4000,-5,none,827.0,601,1199,mission_endurance_misfire,28.04935964716385,20.09989672130845
373,4876.650275221692,715.7032798801959,169.451657166534,61.606104598574674,92.37579406655648,1.054462024224357,19.632662804994467,endurance,4000,-5,none,826.0,601,1199,mission_endurance_misfire,28.06424233187019,20.006721888574923
374,4873.65779668384,718.496337154705,166.3716528894255,63.96942977670982,93.03590408822843,1.0138199266266958,19.416409499427125,endurance,4000,-5,none,825.0,601,1199,mission_endurance_misfire,28.056438852543923,19.867573319369768
375,4877.464006857994,715.2565490416918,167.5058284287483,61.781960063286775,93.01151497166202,1.2961262890693246,19.63576699930822,endurance,4000,-5,none,824.0,601,1199,mission_endurance_misfire,28.030643837132306,20.025334591343928
376,4872.361464701336,716.4182268269752,166.20882826157026,62.294983116159386,92.0069329873954,1.3288695515761524,19.503055670182945,endurance,4000,-5,none,823.0,601,1199,mission_endurance_misfire,28.021838504675397,19.886068378748448
377,4874.645501712077,716.4167422017076,164.59882478914068,62.627625064639375,92.46520037878376,1.0212434557812808,19.85658232352063,endurance,4000,-5,none,822.0,601,1199,mission_endurance_misfire,27.991609848610924,19.766295403337306
378,4876.481494833979,717.3109842904391,168.36945085917478,64.05782691455211,94.6892385312558,1.1879258150985064,19.55376617171129,endurance,4000,-5,none,821.0,601,1199,mission_endurance_misfire,28.11927638783397,19.932171563709154
379,4879.836023569673,715.4065100324839,168.27021722721597,62.68608966550342,94.44669626483795,1.2012064886392868,19.74145392033409,endurance,4000,-5,none,820.0,601,1199,mission_endurance_misfire,27.985109030614392,19.89872209688237
380,4875.092767560903,714.7345024811518,171.5782223767189,63.91893470534471,92.98028299330034,1.1972455976539524,19.737549416555492,endurance,4000,-5,none,819.0,601,1199,mission_endurance_misfire,28.027278225783498,20.106591864781663
381,4874.947186440211,717.4657341658423,169.85310132230717,62.21168111930702,93.47797463420298,0.9835509607737416,19.437352073418428,endurance,4000,-5,none,818.0,601,1199,mission_endurance_misfire,27.989914378658725,19.69888127363346
382,4879.504388074365,714.5012251376993,170.4877717353015,63.13494829475432,93.50377561016822,1.0113639015753069,19.4386453393962,endurance,4000,-5,none,817.0,601,1199,mission_endurance_misfire,28.021295715505488,19.41234951925354
383,4882.691670741736,715.1700276086003,168.40238961710634,63.151644862998886,90.7222178050804,0.9273335418480269,19.41317220022332,endurance,4000,-5,none,816.0,601,1199,mission_endurance_misfire,27.989309706099927,20.374040739494777
384,4887.816672566745,717.6765092882832,169.82278913465953,62.230624555554,94.33030966814648,1.1032176290795916,19.82402304930569,endurance,4000,-5,none,815.0,601,1199,mission_endurance_misfire,27.899645203671312,20.223067721154028
385,4886.706373373206,718.9077220888963,170.20960296142584,64.84717398647634,94.04620195914757,0.9775864050239736,19.537713750331,endurance,4000,-5,none,814.0,601,1199,mission_endurance_misfire,27.888603560333422,19.884637743569357
386,4887.815705909882,717.5837575261812,168.72682728475266,63.42641130659612,94.66808844895804,1.0950132522202858,20.17906483591129,endurance,4000,-5,none,813.0,601,1199,mission_endurance_misfire,27.981090959204703,20.021205389082617
387,4892.910212219721,716.8307891500398,171.29096495041227,63.66379401950165,91.42273578267944,1.0885020399685406,19.777722597806505,endurance,4000,-5,none,812.0,601,1199,mission_endurance_misfire,27.895215793705628,20.178527923966723
388,4888.3173390294,716.320211511023,167.36579417187562,64.25097617368542,93.16875360377496,1.211956633152907,19.888597832052973,endurance,4000,-5,none,811.0,601,1199,mission_endurance_misfire,27.938913203914677,19.63473139360055
389,4885.291020618045,719.525959615395,170.59432523789923,64.77158045175882,93.36708037123232,1.0093426444356235,19.92934259957413,endurance,4000,-5,none,810.0,601,1199,mission_endurance_misfire,27.96167814674415,20.176393840090928
390,4884.963029997269,717.5614552476661,167.79916430947327,64.83254359803745,92.50377422290931,0.9773082875295028,19.8632301922438,endurance,4000,-5,none,809.0,601,1199,mission_endurance_misfire,28.072063409473074,20.21093618560849
391,4880.866567391911,714.8769410832998,168.27695294174993,63.37614798725228,92.4831843786309,0.9501388194765252,19.90300603475044,endurance,4000,-5,none,808.0,601,1199,mission_endurance_misfire,27.992951356213357,19.77805275316901
392,4881.749341487589,723.0197813285631,170.60642089609885,65.19640335895564,91.95124882088965,1.2441984112933993,19.87486016153632,endurance,4000,-5,none,807.0,601,1199,mission_endurance_misfire,27.98395460098265,19.823076159403072
393,4878.396606283849,716.0457741276246,168.36123510906097,64.17183480693686,92.8555726683198,1.0457327003665502,19.74135202246964,endurance,4000,-5,none,806.0,601,1199,mission_endurance_misfire,28.0151126939447,20.172586729060946
394,4878.713391900727,715.0281147250616,171.21888582850735,64.76585471774415,93.7342940270749,1.2131806116392627,19.79213472199229,endurance,4000,-5,none,805.0,601,1199,mission_endurance_misfire,27.975320572734923,20.47288761767965
395,4873.280783572885,713.0081440222507,169.46704726105534,62.57498772710152,93.63844876899428,1.067726092378649,19.846087468948525,endurance,4000,-5,none,804.0,601,1199,mission_endurance_misfire,28.007473317849325,20.02918298285202
396,4868.860145252041,715.9474893814531,171.2118717813718,61.80708047842082,93.48961847464564,0.9734293995301616,19.612363764233127,endurance,4000,-5,none,803.0,601,1199,mission_endurance_misfire,28.07428680582774,20.256307700501957
397,4865.426726121206,710.9877824735782,167.20462339833333,62.30847703855287,93.07949674548902,0.9723172903320284,19.51814584439499,endurance,4000,-5,none,802.0,601,1199,mission_endurance_misfire,28.078181829241352,19.84467373321451
398,4865.5324482761935,719.9710984262234,168.3040588195898,63.55731417225903,92.37623386231442,1.0303760160778126,19.77848738370345,endurance,4000,-5,none,801.0,601,1199,mission_endurance_misfire,28.023216982431578,19.869151861678265
399,4864.969153743157,716.6809420379743,169.57914632524142,62.87096713162764,92.24616254733024,1.1983589358314424,19.413535992414303,endurance,4000,-5,none,800.0,601,1199,mission_endurance_misfire,28.072090604643545,20.245680769833566
400,4857.8607808844645,715.6207736465528,170.14429114381625,64.2974488501057,91.41249202962504,1.2575605253442386,19.688500752627224,endurance,4000,-5,none,799.0,601,1199,mission_endurance_misfire,28.121069943254586,19.516472032019887
401,4859.940743203111,716.2078185547186,168.3878900192808,62.47501934433426,91.84094611799048,1.2674259154869856,19.53403375759568,endurance,4000,-5,none,798.0,601,1199,mission_endurance_misfire,28.197089360827945,19.964875023476505
402,4858.548119543613,713.4618411090067,166.45728487604774,63.18443090634767,91.3656842741917,1.195737873572141,19.688384798111564,endurance,4000,-5,none,797.0,601,1199,mission_endurance_misfire,28.123781602416976,20.79073903474862
403,4858.221491888111,720.3788981482637,166.23617279617594,63.29699280187848,94.0367128569208,1.166032279968094,19.313235063012687,endurance,4000,-5,none,796.0,601,1199,mission_endurance_misfire,28.08487239763091,19.70441494313772
404,4859.208977883223,712.6769425772795,166.388206014606,63.78594726634191,92.86621615860916,1.035244816668171,19.351588234042133,endurance,4000,-5,none,795.0,601,1199,mission_endurance_misfire,28.129593142022053,19.717032223173405
405,4862.779666444889,718.9272937155667,167.7242611105308,61.46656827445173,92.3693377416494,1.101146143335122,19.5013103059025,endurance,4000,-5,none,794.0,601,1199,mission_endurance_misfire,28.141886390564842,19.208785273057835
406,4857.448776457963,720.0127563194761,167.50114398430844,63.17934940902701,91.18129260541048,1.1051294050332066,19.64909292864808,endurance,4000,-5,none,793.0,601,1199,mission_endurance_misfire,28.064969147330327,19.61821346044465
407,4863.797858458338,717.597578045671,166.47833209083612,63.623620982396126,91.90830013488636,1.1278289773535763,19.863745018414026,endurance,4000,-5,none,792.0,601,1199,mission_endurance_misfire,28.000328645591754,20.003045363030182
408,4865.9507989335525,721.3212551600973,165.67939458452926,62.43222357071649,93.10158391053912,1.0352309341757877,19.31506803577364,endurance,4000,-5,none,791.0,601,1199,mission_endurance_misfire,28.042886962649607,20.208810081348464
409,4864.598179781805,717.6268895451389,167.6119516782833,61.98645393106896,93.39523466913865,1.0185286177325448,19.591149166016585,endurance,4000,-5,none,790.0,601,1199,mission_endurance_misfire,28.095525694657564,20.22964454431234
410,4860.230288438385,710.4037871158647,168.96577816572304,62.82348321826529,92.69469582017874,1.0085232161579862,19.500510070617327,endurance,4000,-5,none,789.0,601,1199,mission_endurance_misfire,28.064469422116105,19.812536391793913
411,4861.112432158346,714.4688610097322,167.76806549089812,61.65353124377698,90.9477032487392,1.159856179037335,19.529142320727495,endurance,4000,-5,none,788.0,601,1199,mission_endurance_misfire,28.029738043070804,19.889895496189805
412,4864.035306160125,713.6153624012595,168.21881144953596,62.836448318872165,94.24737083234427,1.01938343367633,19.43715149139867,endurance,4000,-5,none,787.0,601,1199,mission_endurance_misfire,27.95294601724921,20.20344174037212
413,4862.578746608566,717.9998790704439,166.8799857980549,63.63509770249136,92.05762856043502,1.0567260889476493,19.87126364678879,endurance,4000,-5,none,786.0,601,1199,mission_endurance_misfire,27.96825083526237,20.04664580396969
414,4856.209973877491,714.2587611960486,165.70928746318026,62.510092973762646,91.55094300582516,1.1152114579826709,19.58108720629225,endurance,4000,-5,none,785.0,601,1199,mission_endurance_misfire,27.948887442494094,20.317339646883514
415,4849.178653086569,715.4250753699866,166.17004820428684,61.4176801568487,92.7099089567755,1.2389003627401889,19.84501277744969,endurance,4000,-5,none,784.0,601,1199,mission_endurance_misfire,27.935437040922675,19.70302175849945
416,4856.8341954954485,712.5570070143348,167.1157358345578,62.19115255139229,93.3432841789276,0.9759471230064494,19.438392619073525,endurance,4000,-5,none,783.0,601,1199,mission_endurance_misfire,27.89676454217156,20.160492211568425
417,4855.391745487179,711.3448619701852,169.50620021402796,62.44971298388207,93.97085848904749,1.2804444840332174,19.375600165499087,endurance,4000,-5,none,782.0,601,1199,mission_endurance_misfire,28.044264376163333,20.3009414371722
418,4856.022662551327,712.00647269059,173.22983046524504,61.30261751181296,93.0689974023054,1.1453546405647157,19.638889477600816,endurance,4000,-5,none,781.0,601,1199,mission_endurance_misfire,28.07630756355057,20.44617196194767
419,4855.98830460249,712.4897240664732,168.92054262025417,62.2581501582706,93.83839268619892,0.9260550255067792,19.083281561349523,endurance,4000,-5,none,780.0,601,1199,mission_endurance_misfire,28.018109136261717,20.186970531940574
420,4863.062740855859,715.5926827463779,167.08505636235608,62.595442361518245,94.01968207675604,1.064691866011958,19.6144532891564,endurance,4000,-5,none,779.0,601,1199,mission_endurance_misfire,27.977451817329616,19.812928353620297
421,4863.52005627462,711.5760318091844,166.68765942693585,63.24517324227822,92.9748064187706,1.103130908461453,19.735824591153865,endurance,4000,-5,none,778.0,601,1199,mission_endurance_misfire,28.068586301980627,20.240141561743002
422,4852.180905347452,718.5496384261257,165.76596504540177,63.50817401766185,93.28226011070636,1.1530193350790408,19.63079644655259,endurance,4000,-5,none,777.0,601,1199,mission_endurance_misfire,27.967800735329053,20.038730869432435
423,4848.2424285941925,708.5204403335282,166.76630954376384,64.3946776869886,90.88265349029788,1.1286604417293815,19.10242029273765,endurance,4000,-5,none,776.0,601,1199,mission_endurance_misfire,27.991259848692106,19.564434918181494
424,4847.300825799843,714.1621351899388,165.3422983934681,62.7474879252542,94.3518258304208,1.1137905250472628,19.239406947769208,endurance,4000,-5,none,775.0,601,1199,mission_endurance_misfire,27.926805255728837,19.966240954077684
425,4839.778292052093,716.3087352056122,167.07030393058116,63.46717339600498,91.4713389904205,0.8783658660765501,19.33498124731249,endurance,4000,-5,none,774.0,601,1199,mission_endurance_misfire,27.99592012169769,19.555821742346936
426,4840.538644300943,712.6455299271145,165.11418974418697,61.70880683723031,91.84482064724374,1.1326046670441028,19.127974146483197,endurance,4000,-5,none,773.0,601,1199,mission_endurance_misfire,27.923859722104538,19.902633422781573
427,4844.781170774464,714.9667039153248,165.69649063727493,62.63832161026131,91.0928119546454,1.261810666745251,19.418049146960907,endurance,4000,-5,none,772.0,601,1199,mission_endurance_misfire,27.9741982753754,19.90358965721163
428,4840.751596540569,710.624081249508,166.20805366380344,61.93851267665382,92.6036917570098,1.1237766677921592,19.18579615602275,endurance,4000,-5,none,771.0,601,1199,mission_endurance_misfire,28.114202380380643,20.707625979310585
429,4843.03015580996,712.4937478800533,165.63035302956138,62.53361622159705,92.97132281374172,1.0691358054172342,19.04022472983147,endurance,4000,-5,none,770.0,601,1199,mission_endurance_misfire,27.9771372341198,19.54150316971908
430,4845.989215315797,710.7698453172678,165.9282814073491,62.706478946180766,92.26758776142076,1.1484515113664178,19.222315725774425,endurance,4000,-5,none,769.0,601,1199,mission_endurance_misfire,27.94712701413311,20.07511228393934
431,4850.826703604453,713.3940970787307,167.6476958159351,62.26460641641727,93.67077389598514,1.1980390058075785,19.22197566071076,endurance,4000,-5,none,768.0,601,1199,mission_endurance_misfire,27.967048197588056,19.716052820909987
432,4849.997279531822,717.5092173790407,169.5471951650542,63.12798807410229,95.00423439920762,1.21882957623802,19.65597032392187,endurance,4000,-5,none,767.0,601,1199,mission_endurance_misfire,27.883723238621254,19.9215050697431
433,4847.585597140104,710.67028356089,165.9369438446489,62.5733113022566,92.2500399078622,1.0488822709734016,19.154526590967816,endurance,4000,-5,none,766.0,601,1199,mission_endurance_misfire,27.905594901073062,20.369742841293906
434,4842.352883758958,712.182798005366,165.1701772293756,62.306455143514135,92.47776160480603,1.2983664620032644,19.209354340582813,endurance,4000,-5,none,765.0,601,1199,mission_endurance_misfire,27.925096181620912,19.846832370234804
435,4847.336225605619,714.4435498711288,167.61990865828875,62.44784932845914,93.50945614155536,0.9235820580020396,19.15830740000613,endurance,4000,-5,none,764.0,601,1199,mission_endurance_misfire,27.842174051678906,19.52767334287506
436,4840.2269412377145,711.5948389416017,168.0713296957486,63.73405026891714,91.91631517917747,1.0596415450909988,19.316430390969405,endurance,4000,-5,none,763.0,601,1199,mission_endurance_misfire,27.857076223057398,20.161105533460987
437,4840.015027685467,717.3746110743747,167.32893688791853,62.81035799303121,91.72065402744244,0.9357047909641512,19.583681685059627,endurance,4000,-5,none,762.0,601,1199,mission_endurance_misfire,27.92418421692417,20.301477688678002
438,4853.166566718518,710.8429262633208,169.35524308527522,61.63173853390878,92.65185165199738,1.3657384916098043,19.455167727148797,endurance,4000,-5,none,761.0,601,1199,mission_endurance_misfire,27.78967829247992,20.33917665606352
439,4858.920000932888,713.8983125728096,168.33394720308513,63.36029507488777,93.23237355431384,1.1670632018977891,19.54504567845172,endurance,4000,-5,none,760.0,601,1199,mission_endurance_misfire,27.797920004313376,19.998208830349437
440,4860.279297725485,709.8373128224408,165.88661452317393,63.013844192709776,93.31021166926756,1.2472497206483706,19.5687734184042,endurance,4000,-5,none,759.0,601,1199,mission_endurance_misfire,27.868639408664993,19.678463057506516
441,4865.823746403765,711.8518308722687,167.36946743048344,63.8244420509915,93.91673498796516,1.1297265506083969,19.571162880649076,endurance,4000,-5,none,758.0,601,1199,mission_endurance_misfire,27.805561628974253,19.55202616027317
442,4863.314046681324,713.1475157749253,169.22308130651436,62.980814233039645,92.45188514918024,1.061061457692374,19.78578125948456,endurance,4000,-5,none,757.0,601,1199,mission_endurance_misfire,27.861640503012634,19.800083174645643
443,4866.280299010157,716.3977289698447,166.5012298395349,62.79515524889841,92.0767078305023,1.1952759384172882,19.00390776832396,endurance,4000,-5,none,756.0,601,1199,mission_endurance_misfire,27.80249294216741,19.953396789328806
444,4862.362722462128,714.4793100989568,166.3694188733864,62.86854402793676,92.42860487749874,0.815927675577097,19.53178523616294,endurance,4000,-5,none,755.0,601,1199,mission_endurance_misfire,27.9567842406988,20.222465452644283
445,4861.804394256614,717.5623222047341,165.65297007760574,63.44456143815163,91.3455979226597,1.0763312020304467,19.74543502396717,endurance,4000,-5,none,754.0,601,1199,mission_endurance_misfire,27.82403815943892,19.60788923034617
446,4867.744920932832,719.6230978988468,166.66434681926287,63.52580469416003,92.99757980975744,0.9474891900934056,19.788487343113182,endurance,4000,-5,none,753.0,601,1199,mission_endurance_misfire,27.94313404781297,19.580324155417255
447,4877.735361674584,714.0430546959013,169.91252055496284,62.478465468835616,93.49200229197322,1.2265452370048977,20.06031404895788,endurance,4000,-5,none,752.0,601,1199,mission_endurance_misfire,27.966102141348795,19.916586468464388
448,4876.129013078865,716.708825570873,169.9384784574176,62.61595769004051,92.56440845910431,1.202135017841573,19.26903558213171,endurance,4000,-5,none,751.0,601,1199,mission_endurance_misfire,27.88447521447148,20.39782836042691
449,4878.307397950082,719.6858422346938,166.5530585368109,63.38640020114222,92.37575825140225,0.9677485647491026,19.87852593597231,endurance,4000,-5,none,750.0,601,1199,mission_endurance_misfire,27.95593543339813,19.65624479634051
450,4880.71354254953,714.4125710471598,165.14870313704077,62.84307802894361,91.00327981375794,1.0634722910485026,19.58192027951193,endurance,4000,-5,none,749.0,601,1199,mission_endurance_misfire,27.867147841532457,19.77383751453534
451,4875.456015285218,711.7255641080889,167.91527862909848,62.18291562816757,90.5052989224904,1.2541313290152534,19.284967257951507,endurance,4000,-5,none,748.0,601,1199,mission_endurance_misfire,27.7980833476187,19.85699756171333
452,4872.596615059268,724.188085463517,169.6948212929966,63.19588661130975,93.70533416064607,1.1919220464174345,19.952762659789936,endurance,4000,-5,none,747.0,601,1199,mission_endurance_misfire,27.904105597114494,20.006788746157138
453,4869.593616680027,713.9250575835835,168.80533523754656,62.86714151419815,94.41223570386788,0.9560837236485064,19.411062569097226,endurance,4000,-5,none,746.0,601,1199,mission_endurance_misfire,27.819303088262583,19.452227883645627
454,4874.484159956409,720.2845648142987,165.89727796928145,63.20321492866941,90.22157692540254,1.1179202738741412,20.12783050931359,endurance,4000,-5,none,745.0,601,1199,mission_endurance_misfire,27.9088297226321,20.35242127089387
455,4879.721001684096,721.6782910644447,167.4207365228292,64.7910714712514,93.38580916836425,1.0059282969105945,19.73641848011318,endurance,4000,-5,none,744.0,601,1199,mission_endurance_misfire,27.82932242932633,20.553173088642744
456,4887.917089408316,720.0848650011856,168.31625793588898,62.203498445302095,94.25352834622647,1.1146581494564078,19.58205376928838,endurance,4000,-5,none,743.0,601,1199,mission_endurance_misfire,27.930374518032764,20.10902912579333
457,4894.134562816467,718.5041940973468,167.87352861030303,63.38721646466074,91.3613694382613,1.219018281116914,20.329122393128856,endurance,4000,-5,none,742.0,601,1199,mission_endurance_misfire,27.96267013290663,20.348263187729316
458,4890.69474451608,716.2550749397592,168.36015836815,63.35648108617811,93.44439085475554,0.964140595517842,20.27431905781941,endurance,4000,-5,none,741.0,601,1199,mission_endurance_misfire,27.94303531841408,19.689284469270223
459,4886.483241436423,715.270944534965,169.50607115863775,64.26165760608582,92.67087090542891,0.9611848698927796,19.800297195339628,endurance,4000,-5,none,740.0,601,1199,mission_endurance_misfire,27.82483939290883,19.918577097167997
460,4893.548634096535,715.5124072098536,169.12219526629414,62.66734619366163,92.3281133744305,1.047024498606428,19.58341216706115,endurance,4000,-5,none,739.0,601,1199,mission_endurance_misfire,27.897953832058246,19.863997225072946
461,4898.432601116801,712.9597865657354,169.54663919684322,64.86089563054986,93.69565964066489,1.1235483372796955,20.111380017990864,endurance,4000,-5,none,738.0,601,1199,mission_endurance_misfire,27.83724093827004,19.93749208387343
462,4901.300635043435,715.8985610116024,168.631507598801,62.31494996260218,90.4121000750265,1.049774916045194,19.486512464404097,endurance,4000,-5,none,737.0,601,1199,mission_endurance_misfire,27.884800498758363,20.51165813604155
463,4903.84551852009,722.16297519669,170.51514353580038,64.2623920272689,93.06952416108554,1.0323766070512204,20.08379287576144,endurance,4000,-5,none,736.0,601,1199,mission_endurance_misfire,27.784912846964996,19.67364508542282
464,4896.286005321174,721.5502852349215,170.4830243087447,63.15782290955806,94.09973374702506,0.927399299809952,19.791859410359027,endurance,4000,-5,none,735.0,601,1199,mission_endurance_misfire,27.82331880721054,20.126643802401798
465,4895.199091464322,720.5411886388913,168.07962369870043,64.21361698556893,92.12796857562354,1.1084508737503938,20.03594197443857,endurance,4000,-5,none,734.0,601,1199,mission_endurance_misfire,27.761111697034316,19.45171314753027
466,4889.349802315728,716.9338920434737,166.5462804407229,63.29186926733184,92.14895350601832,1.3141758745282963,19.71395374771326,endurance,4000,-5,none,733.0,601,1199,mission_endurance_misfire,27.806048303314228,20.03742701947974
467,4885.636708093876,723.4258499339242,167.02472437160688,62.15774189524464,94.3645270497774,1.034924845218845,19.72032217664374,endurance,4000,-5,none,732.0,601,1199,mission_endurance_misfire,27.863620541718305,19.896627473610312
468,4880.019383106097,723.0615745426476,167.16660881376308,63.98213485870255,93.68473645261456,1.0891812811428765,19.42229698901817,endurance,4000,-5,none,731.0,601,1199,mission_endurance_misfire,27.805435634535733,19.66358717753063
469,4879.467007494525,721.962814720131,166.68315120945272,61.96004061306111,91.58013654092582,0.8670662462534937,19.4676297505929,endurance,4000,-5,none,730.0,601,1199,mission_endurance_misfire,27.811182375992306,20.042334537778675
470,4884.486825089225,719.7111612270518,168.1239740738866,63.17501617569763,91.78568475859926,0.8935252903072568,19.84361618288149,endurance,4000,-5,none,729.0,601,1199,mission_endurance_misfire,27.816163578040676,20.252793464287535
471,4884.12310726347,716.6178282221647,169.23612256669685,62.37736896979069,92.87595342963128,1.290650325020017,20.45413470061777,endurance,4000,-5,none,728.0,601,1199,mission_endurance_misfire,27.933784026909166,19.689016004500814
472,4883.235155387112,717.3628617120667,169.9039183184951,64.5245727346468,92.7305022981924,0.9979798097679242,19.69929183609467,endurance,4000,-5,none,727.0,601,1199,mission_endurance_misfire,27.85278630237459,20.14839609843163
473,4887.587531450523,718.7470866031891,169.01816773784032,63.36898068591131,93.90348040848228,1.03055582847979,19.69092314842321,endurance,4000,-5,none,726.0,601,1199,mission_endurance_misfire,27.8652335468674,19.651907460172772
474,4885.102294091979,718.9987784167284,169.09604684089294,63.22726625241832,93.88729207548988,1.075872378653186,20.05773229662841,endurance,4000,-5,none,725.0,601,1199,mission_endurance_misfire,27.824286028324217,19.865165617241026
475,4879.985677778504,718.8166024735231,169.12324063641404,63.84258661071245,92.105271094543,1.0666206975246062,19.81740182971899,endurance,4000,-5,none,724.0,601,1199,mission_endurance_misfire,27.731989725111013,19.506715458502676
476,4874.75035553089,721.4364688993666,168.94211010304278,62.62954818031137,95.1982497687565,1.1458284930661908,20.202961323744056,endurance,4000,-5,none,723.0,601,1199,mission_endurance_misfire,27.75570378537268,20.052285876272066
477,4874.250722460335,718.9873239953964,168.5703469574781,64.40731285895153,93.72176466188566,1.1532540837785945,19.625173125403958,endurance,4000,-5,none,722.0,601,1199,mission_endurance_misfire,27.618602332995074,19.81567515302487
478,4874.852060123882,714.0653632158269,168.14454946143908,62.08925899127982,93.04748244772202,0.9836593310308336,20.388950366846814,endurance,4000,-5,none,721.0,601,1199,mission_endurance_misfire,27.737039561800067,19.151632932420256
479,4874.542066088548,714.9217965704233,168.19844051171174,61.55894583372461,93.25802723822424,1.1363146536275788,19.60403619489683,endurance,4000,-5,none,720.0,601,1199,mission_endurance_misfire,27.652921546017524,20.898443716817823
480,4877.716271551699,719.2817877111048,167.1514621729056,63.2752519043373,90.90925673860144,1.0884593250678156,19.695253266890045,endurance,4000,-5,none,719.0,601,1199,mission_endurance_misfire,27.58691246631655,20.164052366926878
481,4882.013729522038,717.8451195581181,167.5629763444207,64.6698344138612,94.03631797699016,1.0954501801268557,20.44557742782826,endurance,4000,-5,none,718.0,601,1199,mission_endurance_misfire,27.57231562510252,20.5905812180335
482,4883.985905328676,717.0935844219867,169.63186406809382,62.34017280780191,93.91061672541412,1.0667762138668748,19.727573856234923,endurance,4000,-5,none,717.0,601,1199,mission_endurance_misfire,27.47602978075328,19.69190117289184
483,4880.0021679802485,715.0367270163865,167.60408438605126,63.26574513754316,92.8663106854096,1.1242228279303812,19.023721470750804,endurance,4000,-5,none,716.0,601,1199,mission_endurance_misfire,27.535739697740652,20.070416744873
484,4880.944235850852,716.3900180838194,168.17722003465445,62.86786005445227,93.80485277917764,1.0438061416088558,19.755902536201443,endurance,4000,-5,none,715.0,601,1199,mission_endurance_misfire,27.584118566239727,19.957070842407195
485,4880.085595237596,716.4474581641654,167.00115330066043,63.3636156000114,93.2157475095075,1.0835448022099583,19.78190348806872,endurance,4000,-5,none,714.0,601,1199,mission_endurance_misfire,27.62719391465204,20.192391891551726
486,4876.217314239508,714.092075348264,170.36894583105237,62.99637663054186,91.4511424719942,1.2591146731316274,19.490492432542467,endurance,4000,-5,none,713.0,601,1199,mission_endurance_misfire,27.65431693213588,20.23338285849678
487,4871.222394007791,714.8540091109039,166.5963214825166,63.51775104686497,93.23709490851164,0.9766555909601408,19.35238061779117,endurance,4000,-5,none,712.0,601,1199,mission_endurance_misfire,27.70248805841203,19.553905850528906
488,4877.717222277868,720.3929099501297,171.2370889034463,63.021286667373936,92.57404919681728,0.8524767741707695,19.66027757637013,endurance,4000,-5,none,711.0,601,1199,mission_endurance_misfire,27.654191296358135,20.08560981563527
489,4881.894369211726,718.2717983932545,168.99237944112255,62.69843513536241,93.54541793626636,1.1459729139947423,19.83489878472713,endurance,4000,-5,none,710.0,601,1199,mission_endurance_misfire,27.61134194796918,19.924645065671427
490,4887.042371655995,722.4817267199229,169.65520196805855,62.57658115938512,91.51176495375162,1.0584270949617816,20.10804349000588,endurance,4000,-5,none,709.0,601,1199,mission_endurance_misfire,27.597392242683565,20.008047636230373
491,4879.985832265814,711.0808885171947,168.92019697688806,63.19319651332207,94.46352311160882,1.1617016429794376,19.691584124826985,endurance,4000,-5,none,708.0,601,1199,mission_endurance_misfire,27.518060836955758,19.75857531854811
492,4887.659673599751,713.6181531542287,169.36008071147594,62.601153863381015,92.84240329880171,1.2530637061110566,19.759195940872363,endurance,4000,-5,none,707.0,601,1199,mission_endurance_misfire,27.552380584157333,19.9993756575385
493,4890.319306184574,716.9111003797283,169.23593404297358,63.18733227138338,94.14233272963594,1.190690592493793,20.116670005641136,endurance,4000,-5,none,706.0,601,1199,mission_endurance_misfire,27.516247827811153,19.780385994687546
494,4891.606652921881,711.3042321230431,169.76132948594275,63.83853327081241,92.22014054296096,0.9891321202100536,19.767394767250646,endurance,4000,-5,none,705.0,601,1199,mission_endurance_misfire,27.665940249892166,19.839302145645846
495,4892.688375515971,716.7938558431963,168.22001578083962,63.53852708599355,92.552390134671,1.1368989266836325,20.26239517368992,endurance,4000,-5,none,704.0,601,1199,mission_endurance_misfire,27.67724330839697,20.111993794502776
496,4887.178111483626,718.1936506655576,169.19159878800718,64.09844673890349,92.90508871930602,1.1768778407610874,19.86627565888288,endurance,4000,-5,none,703.0,601,1199,mission_endurance_misfire,27.65518546011076,20.469392974638307
497,4886.317827554489,715.9913141131997,170.4647638979118,62.85504791460895,95.15832843163206,1.244278664858074,19.948168187300706,endurance,4000,-5,none,702.0,601,1199,mission_endurance_misfire,27.69042677980872,19.536960500752787
498,4885.796709424167,711.9710966450111,167.99275400423156,63.93646527864534,92.89029457455256,1.2727103156079391,20.051221797595623,endurance,4000,-5,none,701.0,601,1199,mission_endurance_misfire,27.56594760886524,19.898036799439105
499,4879.617038589729,715.7541273993479,167.6699208060876,64.18736402399495,93.31148837336094,0.9002512696474131,19.932818821551702,endurance,4000,-5,none,700.0,601,1199,mission_endurance_misfire,27.61135198001158,19.98038322334411
500,4879.474100695792,715.0704219712294,169.2658111016869,61.85510516427089,92.87198466793345,1.073647455103382,19.6829354901625,endurance,4000,-5,none,699.0,601,1199,mission_endurance_misfire,27.662424086059843,20.288602221505357
501,4883.124733744629,718.83764367346,167.19540545783622,63.00436817037409,94.41586189021136,1.2417667974494986,20.0258668459032,endurance,4000,-5,none,698.0,601,1199,mission_endurance_misfire,27.581960689027735,19.97816658416985
502,4880.067976515504,723.1433026995096,169.37683492323404,63.0527411007302,93.10559890048908,1.08821619756835,19.64277131297272,endurance,4000,-5,none,697.0,601,1199,mission_endurance_misfire,27.61760353104021,20.406301167015055
503,4885.370089629925,717.2413167605583,166.11310728625034,64.65751486865231,93.84341219264208,1.0628706398385694,19.99436687945145,endurance,4000,-5,none,696.0,601,1199,mission_endurance_misfire,27.551364872433417,20.020468683435094
504,4884.284024432377,718.6811109045051,168.1121230082138,63.05838901354065,92.72099579584118,1.0291458677969716,19.71524338768381,endurance,4000,-5,none,695.0,601,1199,mission_endurance_misfire,27.56093995831448,20.16359221948162
505,4886.740138014861,718.1896766903261,169.9238987512072,64.53261986279445,92.63649714943598,1.0433292697616272,19.76548019354821,endurance,4000,-5,none,694.0,601,1199,mission_endurance_misfire,27.454528059969277,20.317370832763967
506,4880.902986311493,721.1050379995974,167.9355042925114,62.36447911067826,92.73744071888984,1.0820534997568136,19.928782711005077,endurance,4000,-5,none,693.0,601,1199,mission_endurance_misfire,27.576662296339926,19.731361894934647
507,4882.983841116229,715.171063811323,171.34315290140233,63.29788944704781,92.9071761757138,0.917637681202303,19.379103766970974,endurance,4000,-5,none,692.0,601,1199,mission_endurance_misfire,27.488779179154236,20.54665874042272
508,4883.473103841758,719.1108208921411,168.64674605716456,64.3583370613798,94.06800823691268,1.144949875554254,19.936634332047465,endurance,4000,-5,none,691.0,601,1199,mission_endurance_misfire,27.467399464572154,20.364082466972818
509,4884.041537844176,717.5636862260179,166.93167611913873,64.3579853563841,93.14009668926316,0.986424728174608,19.37648851187701,endurance,4000,-5,none,690.0,601,1199,mission_endurance_misfire,27.409460759113802,19.535253126445596
510,4889.070703220471,720.0218089907534,167.07167911886523,63.51538491194309,93.96265050517786,1.1059348675028096,19.830806673627688,endurance,4000,-5,none,689.0,601,1199,mission_endurance_misfire,27.37330219355593,20.3137404031809
511,4897.644487881535,725.1060534095187,167.45059316942152,64.26606484170374,93.90629489313116,1.047005928107385,20.04926077966732,endurance,4000,-5,none,688.0,601,1199,mission_endurance_misfire,27.391484773961444,20.157840500618313
512,4891.016643865811,722.1394588643375,169.26046615897835,63.11438930410672,93.03409281235402,1.117103607017007,19.67760884661453,endurance,4000,-5,none,687.0,601,1199,mission_endurance_misfire,27.37275600410834,20.862423307065555
513,4893.626459323198,715.7170127637885,169.30605987961448,63.92501780200839,92.88684187241974,1.2957473701461248,19.65262247668113,endurance,4000,-5,none,686.0,601,1199,mission_endurance_misfire,27.46682536643661,20.25657789490521
514,4887.341510930761,719.0652852064838,168.0849380449587,62.7373314914187,93.64526776129,1.2047044855537532,19.740818528410134,endurance,4000,-5,none,685.0,601,1199,mission_endurance_misfire,27.53933562229897,20.071347717563107
515,4883.6269923216,716.9871622233264,168.00220037598075,62.7264943883578,92.60851318730997,1.0646414477644972,19.53136731667037,endurance,4000,-5,none,684.0,601,1199,mission_endurance_misfire,27.517952873437494,19.80793476235586
516,4881.749454410094,714.3364019078485,168.25236722609193,63.08134450569924,93.30296795036708,1.2040931352853137,19.57577818999441,endurance,4000,-5,none,683.0,601,1199,mission_endurance_misfire,27.41761614612124,20.510185555496424
517,4870.239639552377,715.8113569836955,168.61566328730143,62.92791877079748,90.7425724101099,1.088247817158526,19.59141962833793,endurance,4000,-5,none,682.0,601,1199,mission_endurance_misfire,27.43370623230483,20.212796902774397
518,4877.340727517101,715.434862038577,169.1797685495898,63.53447237672909,94.55994416418322,1.1166436193039964,19.967341719489102,endurance,4000,-5,none,681.0,601,1199,mission_endurance_misfire,27.427771781085987,20.019777533715207
519,4877.576518499668,718.12433288747,168.6710651151641,61.82530530273785,95.3534159241034,1.242141397182276,20.246755986186564,endurance,4000,-5,none,680.0,601,1199,mission_endurance_misfire,27.454557888643507,20.3735523504602
520,4877.960720173716,717.9832174269493,168.07354418375854,62.56366020170032,94.06504409151091,1.1277886856195345,19.70267220031088,endurance,4000,-5,none,679.0,601,1199,mission_endurance_misfire,27.403711530793377,19.959137501011817
521,4880.214727655944,716.5202800666453,166.935836843157,64.34756110776024,92.88656878044172,1.117168886666821,19.578030327328623,endurance,4000,-5,none,678.0,601,1199,mission_endurance_misfire,27.377991997268136,20.193018184504215
522,4884.291920117083,716.2726737377133,166.75474128150748,63.60163757244396,93.8832995967728,1.28432546994121,19.863363489495985,endurance,4000,-5,none,677.0,601,1199,mission_endurance_misfire,27.43087392942814,20.206571348727298
523,4888.968658054728,720.7712098480362,169.49594296162317,62.68212373739828,93.73463677874126,1.158328599468908,20.202076804508188,endurance,4000,-5,none,676.0,601,1199,mission_endurance_misfire,27.340876393701485,19.804384867299905
524,4890.1676847775725,720.7895070415998,168.00506765184963,62.16351174867819,94.02903473970524,1.0656555572719393,20.1376398292216,endurance,4000,-5,none,675.0,601,1199,mission_endurance_misfire,27.24529449839789,20.44233013747661
525,4892.327532563153,721.698782640554,171.55703558625711,61.47624543842203,92.84261681160974,1.248700276752621,20.323543917512275,endurance,4000,-5,none,674.0,601,1199,mission_endurance_misfire,27.265076998799664,19.796717585420815
526,4890.475731185282,719.1740669086198,168.28808751499528,64.1363015489771,93.07982971245154,1.2818781890527502,20.380588603970928,endurance,4000,-5,none,673.0,601,1199,mission_endurance_misfire,27.34475974180528,20.544961964523633
527,4885.8291072546,720.54670333557,168.22672668746304,62.6287543827396,92.94496964207237,0.9401556809285004,19.7556179876627,endurance,4000,-5,none,672.0,601,1199,mission_endurance_misfire,27.324736111277776,20.532952799020144
528,4878.374696114753,718.6726525708264,169.97991371018497,66.08067705390647,92.96736346594687,1.3849782313913814,19.687446890273108,endurance,4000,-5,none,671.0,601,1199,mission_endurance_misfire,27.29728855569891,19.745841212273422
529,4878.754685574002,716.5731673536903,169.51017063068707,63.516805609219006,93.60740889903684,1.266066947983618,19.40077159274335,endurance,4000,-5,none,670.0,601,1199,mission_endurance_misfire,27.291292568122156,20.02052347420095
530,4878.934411228879,715.4701048513894,169.27749875986868,63.63133756733193,92.92978450945144,0.8805027067652058,19.31597369065308,endurance,4000,-5,none,669.0,601,1199,mission_endurance_misfire,27.38300441289253,19.97298989848905
531,4880.212085389512,718.2081128967627,168.8211558969011,63.394937921995165,91.52501574473976,1.208935126554617,19.72879852969852,endurance,4000,-5,none,668.0,601,1199,mission_endurance_misfire,27.20795199918391,20.04815333468109
532,4879.580139957043,717.9954147874415,167.63130215501744,63.045769377420754,92.8742463574006,0.9454704150567136,19.450189927791364,endurance,4000,-5,none,667.0,601,1199,mission_endurance_misfire,27.280885518218515,20.344307789246184
533,4885.852021364915,718.0172069462491,168.8775421087251,62.78339751560741,92.53755701285002,1.099783942842054,19.91007174027489,endurance,4000,-5,none,666.0,601,1199,mission_endurance_misfire,27.248168293066747,19.99709780055914
534,4884.063475850248,716.0604461482055,172.59214500132697,63.08812922834517,92.43407016057954,1.2041396891394742,20.122918748148223,endurance,4000,-5,none,665.0,601,1199,mission_endurance_misfire,27.34492294791939,19.392916538284716
535,4878.4070091001895,718.4930917457777,168.73292573468638,62.34473162939008,91.95173341698064,1.208807474650546,19.86092189597444,endurance,4000,-5,none,664.0,601,1199,mission_endurance_misfire,27.29528800828117,19.629948577139274
536,4874.358362166356,715.9218618479053,167.37934411332867,61.80526138504235,91.99190404189964,0.8804113111364743,19.73553162584045,endurance,4000,-5,none,663.0,601,1199,mission_endurance_misfire,27.265927156658275,19.941870443308083
537,4870.058647271833,720.4424078885136,166.85300727132855,62.15911466126094,93.97541238054032,1.2406790563564365,19.783181775961022,endurance,4000,-5,none,662.0,601,1199,mission_endurance_misfire,27.313043294066226,19.896275813002863
538,4873.258155051885,719.1091463327898,168.1143697718362,62.30546961537441,93.58908246462924,1.1625317541183349,19.935222796253782,endurance,4000,-5,none,661.0,601,1199,mission_endurance_misfire,27.263290356401207,20.55411026250893
539,4881.282095731959,722.5827758895867,167.54467984028756,62.56232228327988,93.96534683649575,1.0610854022989409,19.89036161565945,endurance,4000,-5,none,660.0,601,1199,mission_endurance_misfire,27.103311657122042,20.558823916107137
540,4880.788389510633,715.8017176555738,169.2803945701369,64.01624610757042,91.60265998159406,1.1483289178871812,19.74486951923802,endurance,4000,-5,none,659.0,601,1199,mission_endurance_misfire,27.24762771018069,20.129838495035095
541,4882.655387923596,720.8999884294162,168.4354539040341,63.4001280892692,92.80265940108868,1.129239336892672,19.945665293284588,endurance,4000,-5,none,658.0,601,1199,mission_endurance_misfire,27.19584353985531,19.791663989442476
542,4885.53571630415,719.6828489718905,167.87591734539976,64.49074922947729,92.77285366562964,0.9397254633674104,19.672999438370063,endurance,4000,-5,none,657.0,601,1199,mission_endurance_misfire,27.288961564347737,20.404945695448145
543,4885.037804093282,718.1758662827702,170.72913130604584,63.22027662900954,90.67514097423567,1.156080473160895,19.518992505694342,endurance,4000,-5,none,656.0,601,1199,mission_endurance_misfire,27.310145335609235,19.819169216724955
544,4884.26872044875,718.0016120006039,168.3615336222134,63.1895360650902,92.6555617938595,1.268708134829972,19.598718940842424,endurance,4000,-5,none,655.0,601,1199,mission_endurance_misfire,27.26164253171101,20.35511279448107
545,4883.440493872705,715.3553878198429,165.23781959920592,63.38081530965825,93.72004603204932,1.264200940401085,20.033159076497128,endurance,4000,-5,none,654.0,601,1199,mission_endurance_misfire,27.264537525732123,19.92999566794176
546,4878.49380173944,717.3821489605157,167.4836470792107,63.27923314412502,91.18451146732546,0.9645185406227942,19.35151735457645,endurance,4000,-5,none,653.0,601,1199,mission_endurance_misfire,27.263852722932192,19.906655831481416
547,4877.521727426949,718.0991452675687,167.80541906009998,62.63390671689167,92.37509862707348,1.09689712764246,19.89550583447696,endurance,4000,-5,none,652.0,601,1199,mission_endurance_misfire,27.31068357242006,20.15030373570941
548,4881.492396397386,716.8807882891141,169.7209592192405,62.36859126981754,93.90116995623198,1.114537639977128,19.348268797698896,endurance,4000,-5,none,651.0,601,1199,mission_endurance_misfire,27.214728641191968,19.734968713081198
549,4887.264491042944,716.5685492397707,167.97127748227632,64.39957187049127,92.73399986718184,1.2379619115251697,19.632617266546053,endurance,4000,-5,none,650.0,601,1199,mission_endurance_misfire,27.27605882732447,20.551901673929567
550,4888.70455287836,722.0081637863083,167.16156812520413,64.51988606694522,94.03034589386108,1.2196415885389398,19.666965931526708,endurance,4000,-5,none,649.0,601,1199,mission_endurance_misfire,27.18001639606716,19.912981196460635
551,4886.425669905619,719.8564989712777,169.49457243017144,63.96372325597704,93.68530314369043,1.1652166710116338,19.899636622341298,endurance,4000,-5,none,648.0,601,1199,mission_endurance_misfire,27.285655131798865,19.938942129943843
552,4889.497349984143,719.850663391429,171.10596418687578,62.93632444620816,92.0159185295072,1.1482257409172043,19.70260833872737,endurance,4000,-5,none,647.0,601,1199,mission_endurance_misfire,27.276210205712385,19.50131438547801
553,4879.608769585189,717.9896979538188,167.517566533368,63.32974245821656,91.2231226894151,1.052991896896894,19.472548682811908,endurance,4000,-5,none,646.0,601,1199,mission_endurance_misfire,27.37521787906585,19.991284220641838
554,4877.641403896787,719.5843793076589,168.08008311527922,62.300972104024254,92.96011649560296,1.3784500209771005,19.24475617322572,endurance,4000,-5,none,645.0,601,1199,mission_endurance_misfire,27.4453524953923,19.91369345314895
555,4881.791616185984,716.5309859886544,168.59558105975643,63.75467755294448,92.83958894151397,0.9448188329068492,19.712394347736907,endurance,4000,-5,none,644.0,601,1199,mission_endurance_misfire,27.414865114546956,19.97293067994859
556,4887.92807447296,719.2657786549086,166.71961324996485,63.13311398780458,93.37190419972572,0.9260311046133376,20.092229370436566,endurance,4000,-5,none,643.0,601,1199,mission_endurance_misfire,27.412601219826954,19.660808644888554
557,4887.800490135621,715.5478676533618,167.14110237103182,62.906110333895086,91.93662441836248,1.112655940071024,20.12976176229878,endurance,4000,-5,none,642.0,601,1199,mission_endurance_misfire,27.352100735778357,20.52764159718496
558,4882.627892917257,721.0286977144978,164.30850030088018,64.04246593217907,93.89087512891165,1.053947961014878,19.525106645506543,endurance,4000,-5,none,641.0,601,1199,mission_endurance_misfire,27.333141467404328,19.92518522254269
559,4883.516832130257,719.1714796677353,167.07679386074398,63.10091694997802,92.55988441291277,1.1733039765016606,19.44236737540228,endurance,4000,-5,none,640.0,601,1199,mission_endurance_misfire,27.408996357275402,19.301696711325317
560,4878.237967192739,716.0702298680746,168.80267243789885,62.35149642744396,95.82199957027268,0.8314007303472706,20.035233613510112,endurance,4000,-5,none,639.0,601,1199,mission_endurance_misfire,27.53556632476333,19.819848404705688
561,4871.935013324948,717.0249476980341,165.87870175072874,64.21888979080242,92.87148434680785,1.070709055598088,19.686280279797195,endurance,4000,-5,none,638.0,601,1199,mission_endurance_misfire,27.410136728116623,19.5200936158321
562,4876.942921466177,719.8154019498402,165.04994882277708,63.33908441438859,93.80631835723842,0.8933681311207062,19.896490976345493,endurance,4000,-5,none,637.0,601,1199,mission_endurance_misfire,27.319571605344997,19.32873303317393
563,4879.954262508612,715.1001945495341,173.0452920702954,64.19321426697536,93.79395533739336,1.102245017227916,19.60731822610968,endurance,4000,-5,none,636.0,601,1199,mission_endurance_misfire,27.473094600580314,19.826264561684987
564,4879.8333576807,719.9232303893073,169.67200347315608,62.95060825833077,92.14959849060337,1.31173955921563,19.610407689457155,endurance,4000,-5,none,635.0,601,1199,mission_endurance_misfire,27.375853707672825,20.158651369618145
565,4881.416793697453,714.5029568392783,168.2407998276019,62.49663912807674,92.19552176677308,1.2591207445218822,19.60516121938109,endurance,4000,-5,none,634.0,601,1199,mission_endurance_misfire,27.37728163947499,19.407468622263778
566,4875.884097099272,720.5290792215695,168.6015834064292,63.44863671922076,92.7532604518249,1.2463331637021382,18.979060748876183,endurance,4000,-5,none,633.0,601,1199,mission_endurance_misfire,27.413418873441714,19.98770252679543
567,4873.481371697888,716.3849099323904,168.89283074678045,63.445089139846615,93.54070695360748,1.163634386609485,19.88737707922723,endurance,4000,-5,none,632.0,601,1199,mission_endurance_misfire,27.5418064899227,19.954246790642653
568,4877.395427715192,720.3758832201383,166.36606387603973,63.47840620543381,91.84219864656691,0.993901238610994,19.673514152267987,endurance,4000,-5,none,631.0,601,1199,mission_endurance_misfire,27.51331031801131,19.964518483074862
569,4872.74878999813,721.056336612902,169.7379268507906,62.48194036411617,93.85209798091692,1.1485195916830748,19.603917901769368,endurance,4000,-5,none,630.0,601,1199,mission_endurance_misfire,27.355677622134433,20.408427593956382
570,4873.747263669023,717.1172149000033,168.0195723975917,64.08605866223637,92.01311027329687,1.1084610007916005,19.586553385428783,endurance,4000,-5,none,629.0,601,1199,mission_endurance_misfire,27.389416612223144,20.261555156780073
571,4866.415168074223,720.6614768516457,169.28500763288247,62.81740379249348,90.73571534837777,1.1976253879080725,19.228945195222845,endurance,4000,-5,none,628.0,601,1199,mission_endurance_misfire,27.367976563217155,19.809406339594553
572,4869.2967233716845,715.6875220655221,171.34539428814733,63.89299029111826,93.7074255714693,1.2932198830343724,19.51836704939854,endurance,4000,-5,none,627.0,601,1199,mission_endurance_misfire,27.33529738307641,19.884550475092293
573,4871.842620321175,721.0855524236875,167.974278765321,62.05421691695856,92.44448503196055,1.0249092419290349,19.4184063069467,endurance,4000,-5,none,626.0,601,1199,mission_endurance_misfire,27.51279700064494,19.995175155331815
574,4874.653269586294,717.3997403014976,168.2238916827139,62.77135837345436,94.50934773123343,1.136470087256039,19.46922211848285,endurance,4000,-5,none,625.0,601,1199,mission_endurance_misfire,27.50831957567035,19.61111968077141
575,4882.324108460712,723.6314379559793,170.67946806576845,63.90646281914358,91.62200696977696,1.0365355105809604,19.473776746628552,endurance,4000,-5,none,624.0,601,1199,mission_endurance_misfire,27.49190227338669,20.128797370373256
576,4883.691516717198,717.883788146311,170.87351119385468,62.9075439777962,93.97351917050186,1.0108956940435367,19.831707627190745,endurance,4000,-5,none,623.0,601,1199,mission_endurance_misfire,27.59220943540813,20.022639947164926
577,4889.770468701403,720.5807859525127,168.3142540367585,65.33160016788008,91.52695295702492,1.2721295095230725,19.746564699308045,endurance,4000,-5,none,622.0,601,1199,mission_endurance_misfire,27.597176126461957,19.949114116958135
578,4890.6465821229685,716.4564624167886,168.4153651165363,63.72026458776208,93.5249312560605,1.2612959876379195,19.53519375449265,endurance,4000,-5,none,621.0,601,1199,mission_endurance_misfire,27.424376989625532,19.32774431066664
579,4895.52005363103,714.9053400494009,167.7837434906029,63.67506484899231,93.479364701837,1.1878156378314129,19.58682342543282,endurance,4000,-5,none,620.0,601,1199,mission_endurance_misfire,27.315339912090717,20.032908570093277
580,4901.75495249274,720.6837815137446,171.51605695645435,63.01400546226107,93.4854799688172,1.2262710015432967,20.031647001811223,endurance,4000,-5,none,619.0,601,1199,mission_endurance_misfire,27.390656489100525,20.15950731689916
581,4901.243847365625,719.3618667001706,171.18724708915596,63.13275115885003,92.7643246086806,1.4716684416725092,20.222707854081595,endurance,4000,-5,none,618.0,601,1199,mission_endurance_misfire,27.390643164162427,20.087078804006342
582,4900.069013725562,721.3125257058622,169.01213147009642,63.77576319505213,92.50650445792238,1.1891131360102911,20.00053122772479,endurance,4000,-5,none,617.0,601,1199,mission_endurance_misfire,27.400262280554113,19.58200970291476
583,4899.755511080874,720.8605288284913,168.25611109258412,65.02187542143848,93.09890600920112,1.1198496684644488,19.612686678549466,endurance,4000,-5,none,616.0,601,1199,mission_endurance_misfire,27.371880871410664,20.445123484211432
584,4909.143115131044,714.4894208309788,168.56930963990308,65.33430391682818,94.6175243576948,1.0948063029424555,20.37549323176753,endurance,4000,-5,none,615.0,601,1199,mission_endurance_misfire,27.401034551037743,20.565028315145383
585,4910.353729134696,727.958343882639,167.0565341239641,63.88311366239879,94.535153366965,1.0042021565038783,19.82989138304513,endurance,4000,-5,none,614.0,601,1199,mission_endurance_misfire,27.59091957343334,19.765985754597875
586,4912.478995925658,720.0710548440945,167.99084232809324,63.02987928159148,93.7769323297572,1.3285462268599155,20.131264531955186,endurance,4000,-5,none,613.0,601,1199,mission_endurance_misfire,27.463788442777133,20.069018232077298
587,4915.938053603219,724.0533516399996,168.70519544988605,62.80859837264964,91.39848809966804,1.0066409568060417,20.231507542967424,endurance,4000,-5,none,612.0,601,1199,mission_endurance_misfire,27.56158428667449,19.478198506080652
588,4908.936570211707,719.9519374340865,166.4881780214208,63.58728638532316,95.21823756164363,1.408190396948008,19.767078189485986,endurance,4000,-5,none,611.0,601,1199,mission_endurance_misfire,27.474840377642273,20.13336044856832
589,4909.956649010739,720.9150740136635,169.807211647826,64.10840400125467,93.179847552353,1.1515605504905726,19.83614959911816,endurance,4000,-5,none,610.0,601,1199,mission_endurance_misfire,27.596203725753494,20.150630794643604
590,4905.596294810228,723.7531210279113,168.76082451418787,63.1553576364614,92.10952924027416,0.855283923395038,19.944269485725496,endurance,4000,-5,none,609.0,601,1199,mission_endurance_misfire,27.51294234709931,19.53898427510609
591,4907.0641101934125,717.1978680957274,171.4693776021606,64.15491615855866,93.55568496527415,1.077805150873227,19.732991436754745,endurance,4000,-5,none,608.0,601,1199,mission_endurance_misfire,27.561049578275583,20.33144099088261
592,4904.746092715073,722.1910854381846,170.13513971969533,63.85637336313244,93.73282615155564,1.141119964557895,19.74884610109409,endurance,4000,-5,none,607.0,601,1199,mission_endurance_misfire,27.474290595675505,20.344694458003236
593,4905.549313782067,720.1413125540292,169.51655001263433,62.35951055246702,90.44347233505069,1.1573116806854942,20.18429516425868,endurance,4000,-5,none,606.0,601,1199,mission_endurance_misfire,27.63914339849715,19.739652988484035
594,4898.030614233529,713.3870595845844,172.4462821551181,63.020763759748206,91.32524481377696,0.9548653079689308,19.92015517272097,endurance,4000,-5,none,605.0,601,1199,mission_endurance_misfire,27.564584056793045,20.17102286987259
595,4892.64214819899,712.6844894766887,169.12955168337905,63.3902844108698,93.34246261866824,1.2043751617424163,19.867710280833855,endurance,4000,-5,none,604.0,601,1199,mission_endurance_misfire,27.50263695485571,19.619068720279387
596,4888.059639845648,722.7304921266265,167.2387823297583,63.38767080130254,92.26625200877916,1.130248863907466,19.4104778356524,endurance,4000,-5,none,603.0,601,1199,mission_endurance_misfire,27.510818408876883,19.845387159335793
597,4890.152419128215,721.9771116191529,166.83996302956595,64.27304711678752,93.3088484400008,1.083068965680798,19.80261080968268,endurance,4000,-5,none,602.0,601,1199,mission_endurance_misfire,27.439072994032458,19.81540188245989
598,4888.539622483303,718.2011646100483,169.99023761130752,63.262600089852,92.8193297946811,1.3143279417699805,19.80424499611186,endurance,4000,-5,none,601.0,601,1199,mission_endurance_misfire,27.47508221047013,19.965931796794717
599,4886.914324798788,722.8494713273432,168.21761738251715,61.85589585721208,95.7433682230269,1.0210545122545511,19.823884900053308,endurance,4000,-5,none,600.0,601,1199,mission_endurance_misfire,27.525342666863576,20.64100560526373
600,4887.967590929494,719.8411401405814,167.46185617231473,63.59143559669644,93.09486928966211,0.9865980749207236,19.67618245554794,endurance,4000,-5,none,599.0,601,1199,mission_endurance_misfire,27.443043232501623,19.541169171752234
601,4886.084334283146,717.2486303028736,170.02757564082302,62.74999044173895,94.16836292002984,1.1569487165635988,20.221170303993,endurance,4000,-5,none,598.0,601,1199,mission_endurance_misfire,27.53043743287612,20.570542549755015
602,4891.688829172559,717.8807265680299,169.05045158461883,65.13505875165396,92.1246896337671,1.1859824467912758,19.948700578485955,endurance,4000,-5,none,597.0,601,1199,mission_endurance_misfire,27.498857690916978,20.162463339752
603,4890.14814260976,715.6757360177522,169.4833367239868,62.031075588282064,94.51432623667236,0.7939576785610124,19.87272872602076,endurance,4000,-5,none,596.0,601,1199,mission_endurance_misfire,27.440797970739872,19.782828793381274
604,4892.875788299758,719.3038548732247,168.65523285440077,63.48022492010384,94.17997068138293,0.9305964294313812,19.500837998427148,endurance,4000,-5,none,595.0,601,1199,mission_endurance_misfire,27.439523035243642,19.74083475126583
605,4895.050151944404,715.7638996342135,167.47061309065143,63.96167519107137,93.6871059085959,1.1280659198131369,20.02507447831484,endurance,4000,-5,none,594.0,601,1199,mission_endurance_misfire,27.291918541577274,20.00813671338715
606,4895.898116770853,719.438108024702,170.6413940319821,61.75636593992703,92.37287039259192,1.30651239919864,19.93211556953763,endurance,4000,-5,none,593.0,601,1199,mission_endurance_misfire,27.443832351541474,20.220304834385797
607,4886.645495654837,716.7783165690788,168.33009387384314,64.68451173826652,92.16563813125713,1.1670235921284453,19.534464578918467,endurance,4000,-5,none,592.0,601,1199,mission_endurance_misfire,27.36554574191739,20.49901985077492
608,4892.03216901892,719.3058610941437,168.91605683803485,63.6435677464228,92.46075025774957,1.1669538001437616,19.67919293503898,endurance,4000,-5,none,591.0,601,1199,mission_endurance_misfire,27.31181541712658,20.059422892357542
609,4893.089312617807,719.7489944315486,172.30487685839637,64.24360316977598,94.7785142815337,1.1253380456008215,19.728443693330338,endurance,4000,-5,none,590.0,601,1199,mission_endurance_misfire,27.35609417002581,19.90599483045362
610,4890.472087384653,718.9121734420124,170.5187934689531,62.66350963701574,90.8342867365156,1.1260451157065787,19.86588296954229,endurance,4000,-5,none,589.0,601,1199,mission_endurance_misfire,27.482090987189583,19.92472728033937
611,4895.694351657039,722.8081862488748,168.5236691014297,62.95772351150529,91.741312754287,1.1470046072878293,20.06199266908108,endurance,4000,-5,none,588.0,601,1199,mission_endurance_misfire,27.36123297139838,20.04434925240838
612,4891.619840430626,718.6335372117383,166.88580215846608,64.28694965776552,93.46777745118396,1.3100687886462294,19.598993608089646,endurance,4000,-5,none,587.0,601,1199,mission_endurance_misfire,27.382088733441574,19.69755445903892
613,4892.801392970952,720.9196446043221,167.38028953335973,62.465859294174415,93.68048746402349,1.0203324004641003,19.811296995976427,endurance,4000,-5,none,586.0,601,1199,mission_endurance_misfire,27.363740340431377,20.042425450129134
614,4888.14443993367,710.6094362251596,168.85770426533955,63.1634804387154,92.47319047386333,1.154697663716132,19.97715080508521,endurance,4000,-5,none,585.0,601,1199,mission_endurance_misfire,27.41912370360796,19.944312123509864
615,4891.471334001998,719.4349465564396,171.13518869977565,61.84911923292333,92.23825781552137,0.9167696775816168,19.869973972115183,endurance,4000,-5,none,584.0,601,1199,mission_endurance_misfire,27.426804193512616,19.987055323201982
616,4887.421799378948,721.8729779076307,168.12863033368797,63.50472555756485,92.13971386607096,1.1645949022137128,20.079204546313584,endurance,4000,-5,none,583.0,601,1199,mission_endurance_misfire,27.30906530644705,20.236916479473244
617,4897.311374208878,721.8125499824756,169.70144568632668,63.415954408263374,91.130544495968,0.9422021634851498,19.86613911069767,endurance,4000,-5,none,582.0,601,1199,mission_endurance_misfire,27.391996050262964,20.11146856684027
618,4821.709434861334,746.9292765431704,169.0502541848187,63.216781365729865,92.99917715103966,1.293928331649676,20.027221095682787,endurance,4000,-5,misfire,581.0,601,1199,mission_endurance_misfire,27.26221777239927,19.89574658552703
619,4896.033321081543,719.1227682339505,170.10646562238583,63.247678248473086,91.133811149004,1.2485779664718764,19.944669320600404,endurance,4000,-5,none,580.0,601,1199,mission_endurance_misfire,27.299652984809093,19.5712649230722
620,4901.066851439478,725.8078208245879,171.34584243379496,63.29981555382382,92.09010864607691,1.128475543658367,19.933044535699747,endurance,4000,-5,none,579.0,601,1199,mission_endurance_misfire,27.32308668402986,20.255101646959073
621,4893.605072516245,718.2275806583713,170.30215916373766,62.90621599144736,93.56586353004764,1.059841163615807,19.92649706579132,endurance,4000,-5,none,578.0,601,1199,mission_endurance_misfire,27.189828322432945,19.973845820176237
622,4898.382163782222,717.699412119738,168.05464356332513,63.313286563283846,93.74253728985732,1.1350393807643189,19.6397584895655,endurance,4000,-5,none,577.0,601,1199,mission_endurance_misfire,27.370227028844216,20.019419544961206
623,4894.375090257707,716.0151161515015,172.08921511583557,62.94270135105004,91.68585627248024,1.2019796466722346,19.669066149061734,endurance,4000,-5,none,576.0,601,1199,mission_endurance_misfire,27.20549017097937,20.35008847772381
624,4892.64896558104,718.0918971618655,169.01301527284917,65.53657968426873,95.01928312900256,1.1250923662648686,20.076594505355025,endurance,4000,-5,none,575.0,601,1199,mission_endurance_misfire,27.245256595153464,19.792910478019778
625,4885.695594920956,715.4318565940777,166.3228877091052,60.753622665173936,92.1614043684546,1.095596885801401,20.003199214561743,endurance,4000,-5,none,574.0,601,1199,mission_endurance_misfire,27.233726022818878,19.710951211448968
626,4881.976063865564,718.1438959427602,168.83217261471205,62.50500354062157,92.08199872748489,1.2299677152051762,19.635791995555017,endurance,4000,-5,none,573.0,601,1199,mission_endurance_misfire,27.08756194750541,20.06384787377033
627,4883.068187905482,715.1603603993877,168.56698332585705,62.78418484800168,93.13607818296978,1.1812069368425062,19.766537945043115,endurance,4000,-5,none,572.0,601,1199,mission_endurance_misfire,27.16430736465014,19.904744382306085
628,4889.086743834049,719.6106184542795,168.36584868169888,64.51869059387761,94.64793272507322,1.0710883202585917,20.101121965445984,endurance,4000,-5,none,571.0,601,1199,mission_endurance_misfire,27.225380701984502,19.89208737862062
629,4888.550788304226,721.3468068617364,170.7016317581394,63.77364813301612,92.6603075259248,1.2034253625309232,20.03923435897057,endurance,4000,-5,none,570.0,601,1199,mission_endurance_misfire,27.17275922373864,19.934339933608378
630,4886.108634909919,719.7084762640873,170.91527023590228,62.98690229803132,93.29864520554672,1.3332961135977703,19.70949574282,endurance,4000,-5,none,569.0,601,1199,mission_endurance_misfire,27.21918917549487,20.13806796411651
631,4888.580638456525,715.2389678339794,169.82436137643916,62.7645856648554,92.850912175376,1.0171167741559346,20.05692806396054,endurance,4000,-5,none,568.0,601,1199,mission_endurance_misfire,27.09854465555249,20.536479871335487
632,4893.244516447983,715.6915034046248,168.54709855343097,63.00572372796709,92.18955872812366,1.0042748927534149,19.58466726516872,endurance,4000,-5,none,567.0,601,1199,mission_endurance_misfire,27.13693390665002,20.22504970670235
633,4843.402519828695,735.1045000875945,169.4010670552764,64.19247441138285,92.79288115015852,1.3862933243627185,19.597477741431856,endurance,4000,-5,misfire,566.0,601,1199,mission_endurance_misfire,27.097178285590978,19.932981140077867
634,4886.3388603189605,717.7880979455908,166.74713167844735,62.83314560705647,93.129575377339,1.0301193988073776,19.85782362538184,endurance,4000,-5,none,565.0,601,1199,mission_endurance_misfire,27.183401221549783,20.489552101198694
635,4850.82210140759,734.2633671805575,169.11809788493767,62.26525656387496,92.6154055977091,1.505328508395644,19.923616545549987,endurance,4000,-5,misfire,564.0,601,1199,mission_endurance_misfire,27.1799774816387,19.99948458586421
636,4901.006556421627,718.5221004260967,169.04354239528527,63.1657512672605,92.55670228636856,1.2666693436740954,19.85731551043541,endurance,4000,-5,none,563.0,601,1199,mission_endurance_misfire,27.081839990415624,20.140020237318407
637,4808.993367429687,740.2050027508268,169.3559855953547,63.71659434412905,92.72508704829914,1.7734155036672807,20.14722757536324,endurance,4000,-5,misfire,562.0,601,1199,mission_endurance_misfire,27.160457463645283,20.05693796376042
638,4891.099563776302,716.1749514663832,168.9121829308432,63.7077239333404,94.77955612524154,1.2322188658914124,19.65329749971301,endurance,4000,-5,none,561.0,601,1199,mission_endurance_misfire,27.109585945626936,20.27171910558192
639,4892.424659696295,715.6622345891343,171.0453025769542,62.59733317410933,93.92045757455548,1.1717008545088952,19.96473797160719,endurance,4000,-5,none,560.0,601,1199,mission_endurance_misfire,27.115701671906503,20.11144070537601
640,4850.756623251342,737.3594506674922,170.6153164592183,63.14503152199703,92.86257347379446,1.351303954812538,19.99303333361493,endurance,4000,-5,misfire,559.0,601,1199,mission_endurance_misfire,27.116033361308556,20.21152481106768
641,4903.910350543128,717.5790054437455,168.67850542466402,62.618057160717,92.32642294700987,1.2098916104905697,19.932241746709643,endurance,4000,-5,none,558.0,601,1199,mission_endurance_misfire,27.119559225002092,20.38665897125888
642,4908.052550040228,719.9046811585972,170.75859389502082,63.712346940388976,91.75468486054228,1.211404023235484,19.98270307308672,endurance,4000,-5,none,557.0,601,1199,mission_endurance_misfire,27.17876961653174,19.462110754401188
643,4909.162513372424,721.4195982420011,168.9865614814886,62.41903543172166,93.57876264164328,1.1199783190102608,19.68698678252713,endurance,4000,-5,none,556.0,601,1199,mission_endurance_misfire,27.27611154173987,20.03635767305971
644,4909.4076538146255,718.6323485934078,170.27431439455128,65.2578007609174,94.40091711486885,1.2582092385088726,20.217163747339804,endurance,4000,-5,none,555.0,601,1199,mission_endurance_misfire,27.349069584933325,19.845534627997424
645,4864.341222621107,729.5593036122608,170.4740827512669,63.61081772528014,92.56299414266049,1.4828782849981568,20.027820738781703,endurance,4000,-5,misfire,554.0,601,1199,mission_endurance_misfire,27.13088174331895,19.607990686416954
646,4906.100410650781,721.9841881299075,172.10574845090892,63.76494533464581,92.70116344052876,0.9943209225672254,20.494579084396708,endurance,4000,-5,none,553.0,601,1199,mission_endurance_misfire,27.2606312035748,19.919432510146518
647,4910.640741981743,717.7029027770707,168.7501905270939,63.44625586162056,93.18186102151353,1.2055721413422438,20.19823273216569,endurance,4000,-5,none,552.0,601,1199,mission_endurance_misfire,27.184665324791762,20.167392290703745
648,4912.288808138121,727.1789198734906,166.89896277151698,64.96197808218153,93.9642805384116,1.132247590060235,19.57078539830692,endurance,4000,-5,none,551.0,601,1199,mission_endurance_misfire,27.15971354837088,19.63036460460814
649,4907.973733450596,722.512330898128,171.48092079413507,63.99047601171027,93.37479798916674,1.2230827935958095,20.35781396259349,endurance,4000,-5,none,550.0,601,1199,mission_endurance_misfire,27.25512279675336,19.98836314894936
650,4904.504782198782,717.3741057531465,172.56197458614133,64.38514743085864,95.1545561973046,1.0317193860215643,20.21281345238707,endurance,4000,-5,none,549.0,601,1199,mission_endurance_misfire,27.290020206673724,19.973561636532924
651,4905.32113756796,726.0487675165618,169.80588000034456,62.5998185206204,93.41390325555632,1.118035903363713,19.929915675033183,endurance,4000,-5,none,548.0,601,1199,mission_endurance_misfire,27.2310957580061,20.03087536566127
652,4903.523796619262,716.1213230965017,170.36228136577662,64.37508059036524,92.58955073658588,1.045547178197845,20.02042344682212,endurance,4000,-5,none,547.0,601,1199,mission_endurance_misfire,27.21040967242235,20.01071410166511
653,4906.719026226922,728.2683841526143,169.664474467054,63.74965154780958,93.9174469229258,1.0496948976513167,20.029900127529707,endurance,4000,-5,none,546.0,601,1199,mission_endurance_misfire,27.270902278834573,20.01629251330877
654,4909.65645120026,717.5309481516493,171.3342250905858,64.30401313380119,94.03049885356764,1.0499199659410865,20.01693281167572,endurance,4000,-5,none,545.0,601,1199,mission_endurance_misfire,27.421894207411732,19.583068609413584
655,4910.8577870614245,722.9760749673944,172.33442263592175,63.38507721479725,94.21130203289178,1.1068711454554805,20.36310532884979,endurance,4000,-5,none,544.0,601,1199,mission_endurance_misfire,27.375275593535278,20.153619890532458
656,4913.717001690426,717.8418761145323,171.60398749365683,64.75349674874185,94.13178922282638,1.2180827318169265,19.401134193631258,endurance,4000,-5,none,543.0,601,1199,mission_endurance_misfire,27.34622285404254,19.63187924013662
657,4905.878641382758,721.8669000534317,169.4210516065465,63.42444446624087,94.4974325227993,1.2097176735130315,20.07612057841004,endurance,4000,-5,none,542.0,601,1199,mission_endurance_misfire,27.357068783025372,20.073448715748167
658,4906.973043752239,725.3873856543462,170.37070466793594,63.957066814041234,92.97516803313492,1.2404380920971352,20.075113168544856,endurance,4000,-5,none,541.0,601,1199,mission_endurance_misfire,27.27906548522645,19.963561949531037
659,4913.155112528584,724.2001835548322,170.25079958684836,62.53568360195296,93.84598661980468,1.30289936249827,20.58002426381106,endurance,4000,-5,none,540.0,601,1199,mission_endurance_misfire,27.39818924529953,19.304549845655593
660,4909.17870659128,723.0711864421303,169.11485436772804,64.01093516540561,94.5244217034918,1.1330507555083733,20.297726711409343,endurance,4000,-5,none,539.0,601,1199,mission_endurance_misfire,27.28978563296359,20.061843284874207
661,4906.454603653081,725.7847866960376,168.77800828849087,64.09498945278916,93.70665638373472,1.2844912705676794,19.656040161424148,endurance,4000,-5,none,538.0,601,1199,mission_endurance_misfire,27.466446637873414,19.70324461309365
662,4905.976137094481,722.8978417445834,168.69394821268912,63.18645346686564,93.37737367375053,1.0103285384865306,19.94921292822789,endurance,4000,-5,none,537.0,601,1199,mission_endurance_misfire,27.45575615094727,19.42611165058862
663,4907.821679377455,721.7641430289394,172.91081149430428,63.87521366118833,93.3429580406152,1.1354868420078614,20.11218188484004,endurance,4000,-5,none,536.0,601,1199,mission_endurance_misfire,27.390763577501204,19.710686190174062
664,4910.187510503955,715.9106714277877,170.1668510349273,63.85832996059542,92.32757433580429,1.109528935433323,20.14193456209421,endurance,4000,-5,none,535.0,601,1199,mission_endurance_misfire,27.304663001437415,20.058953367501747
665,4907.021169250478,723.4197080483848,170.06674196353728,63.22106882918024,94.14456127205004,0.9388465944807396,20.022341907381048,endurance,4000,-5,none,534.0,601,1199,mission_endurance_misfire,27.41286197735989,19.708889029860917
666,4910.939235309052,718.398470868315,168.9313652577537,64.79851648244127,92.01468496536955,1.193189207759508,20.07097285688525,endurance,4000,-5,none,533.0,601,1199,mission_endurance_misfire,27.391355490352,20.33877708931569
667,4799.825916151655,739.5533880539623,172.44982902932682,64.56462145495077,94.51426162822732,1.6091620557296673,19.79847050134511,endurance,4000,-5,misfire,532.0,601,1199,mission_endurance_misfire,27.37521065921353,19.968316921511178
668,4910.447911600226,717.4266130134694,168.92828785482016,63.54524791492228,93.73020463923932,1.1599414143093605,19.60669179286396,endurance,4000,-5,none,531.0,601,1199,mission_endurance_misfire,27.403928948422116,20.118477171515497
669,4912.514768016132,721.3506992733653,169.03846294345485,63.04443701637205,94.38802824893531,1.294741831610248,20.236392070600708,endurance,4000,-5,none,530.0,601,1199,mission_endurance_misfire,27.408594972382303,19.801006451329503
670,4793.92946775396,734.5470176609244,168.25802624451958,64.14525795024446,94.08486853101653,1.56028627209746,20.18265004543586,endurance,4000,-5,misfire,529.0,601,1199,mission_endurance_misfire,27.39184878683135,20.215309911234826
671,4908.2630905233,713.7452182801679,167.97016957562153,63.65975402018676,93.49883426170288,1.27973785234903,20.240277383946918,endurance,4000,-5,none,528.0,601,1199,mission_endurance_misfire,27.414201937774624,20.284988714354352
672,4907.731447553965,725.756319243601,169.2134336502958,63.79696650256109,94.49057812476474,1.0443727968181915,19.79178584757167,endurance,4000,-5,none,527.0,601,1199,mission_endurance_misfire,27.301941216203616,20.251515998007818
673,4907.144818067996,725.289816911163,169.1897103432182,64.5790355771066,94.6646435827802,0.938923074107206,20.538643002381484,endurance,4000,-5,none,526.0,601,1199,mission_endurance_misfire,27.31395463355896,20.32881562427895
674,4918.011653969437,725.1501095273413,170.6478214198894,63.00835952574226,92.51536866976885,1.1148679205957357,20.332544345188243,endurance,4000,-5,none,525.0,601,1199,mission_endurance_misfire,27.326317947411315,19.754713840706334
675,4916.725778568855,718.4934193386543,169.19064824976866,63.22453543948096,94.28058116094756,1.230843121448598,20.413785777956207,endurance,4000,-5,none,524.0,601,1199,mission_endurance_misfire,27.378625923722797,19.752275751380903
676,4924.374533582338,730.4102741059276,170.4335481161408,64.14320770568023,93.4810929162138,1.1762502245840902,20.87221588314351,endurance,4000,-5,none,523.0,601,1199,mission_endurance_misfire,27.36114907257263,20.1184485602012
677,4923.258651404142,719.8561414745242,171.22909202336183,63.80692654286825,93.05906377470464,1.1623611302638113,20.119331681166347,endurance,4000,-5,none,522.0,601,1199,mission_endurance_misfire,27.294392668311982,19.899695665511466
678,4928.017828837138,719.494961438796,169.64469747024282,65.05827858625828,95.48073295230712,1.278685898755236,20.29529600364237,endurance,4000,-5,none,521.0,601,1199,mission_endurance_misfire,27.311582156519755,19.734117384270114
679,4938.021398839862,723.0956764648898,167.7913701186344,64.80041702888416,94.5681813920926,1.3487880473474407,20.383701059738023,endurance,4000,-5,none,520.0,601,1199,mission_endurance_misfire,27.399448609659885,19.90420076702143
680,4938.684312183231,732.6624134605017,170.83454888833404,63.510691203475226,94.59259176863496,0.849567376566392,20.31242833288087,endurance,4000,-5,none,519.0,601,1199,mission_endurance_misfire,27.497228778917766,20.122898112116665
681,4936.4571876610125,717.163806257027,171.2460637323187,62.7340761562254,92.2797329527004,1.2038991627684026,20.19951119723884,endurance,4000,-5,none,518.0,601,1199,mission_endurance_misfire,27.449196195230915,20.031484424750293
682,4936.914033372762,718.2647375184949,174.86996486280262,63.93009311578953,94.05775240000864,1.360871587286791,20.47387955406535,endurance,4000,-5,none,517.0,601,1199,mission_endurance_misfire,27.48546488107578,20.102092094201485
683,4932.893730049686,722.9049961383466,169.607420745653,64.61630120572808,94.71785059270888,1.0485002793919729,20.53893957350201,endurance,4000,-5,none,516.0,601,1199,mission_endurance_misfire,27.447729220578136,19.908488602878318
684,4854.111203404404,753.6609374738556,171.67250782791297,63.04584151293043,93.58449158511056,1.5195584654934475,20.02181755706081,endurance,4000,-5,misfire,515.0,601,1199,mission_endurance_misfire,27.462792089495608,19.810115806245644
685,4929.725153905701,721.3154982833358,172.096864707833,64.51850093947043,94.34944516642514,1.3350573552409295,20.288977647142804,endurance,4000,-5,none,514.0,601,1199,mission_endurance_misfire,27.47220715773248,19.733526679975466
686,4928.715355382464,719.2205483095405,167.14738400849043,63.340962186452,92.27462414925576,1.231342457881914,20.1481059807687,endurance,4000,-5,none,513.0,601,1199,mission_endurance_misfire,27.49013718149212,19.350280653394698
687,4931.683534536172,720.3775342176697,171.45785979816048,63.079369995561095,93.5142721420111,1.2335084484609584,20.19561624642391,endurance,4000,-5,none,512.0,601,1199,mission_endurance_misfire,27.497399765213657,20.049421742817916
688,4926.004183163733,717.3587418951123,171.3565376741221,63.77310051526494,93.70435845978668,1.276615597543696,20.136576354226865,endurance,4000,-5,none,511.0,601,1199,mission_endurance_misfire,27.470442038741,20.184347226829836
689,4920.32416632582,720.3279960074564,168.56566420653496,64.95130453909543,93.46565083242156,1.0138936593148884,20.102413370126147,endurance,4000,-5,none,510.0,601,1199,mission_endurance_misfire,27.309755951728533,19.596819746831056
690,4918.114923812476,719.9433697001789,169.7078104198363,63.26034592297284,94.14210793768736,1.1708016369812442,20.115753809344103,endurance,4000,-5,none,509.0,601,1199,mission_endurance_misfire,27.5066222438826,20.0509671257272
691,4916.514214601136,722.3912488234101,170.96964450053264,62.44298000476755,94.32491386300626,1.2727602846477586,19.369917258767323,endurance,4000,-5,none,508.0,601,1199,mission_endurance_misfire,27.42510059110106,20.01464361530572
692,4918.598022643443,727.9637200680132,171.27189332278692,63.95655693297294,92.87361499986127,1.085997317100493,20.12329525715386,endurance,4000,-5,none,507.0,601,1199,mission_endurance_misfire,27.446676357419623,20.56173148115543
693,4915.667021441155,723.6938897363212,169.3767799959418,62.42865961936286,93.22691116873354,1.2370189320314269,20.347897384460516,endurance,4000,-5,none,506.0,601,1199,mission_endurance_misfire,27.472148401861475,19.939858527166937
694,4910.461694946582,720.047105964328,167.91653069634148,63.63370095012374,93.0262424637032,1.1863134518084806,20.260701833355345,endurance,4000,-5,none,505.0,601,1199,mission_endurance_misfire,27.378640485947532,19.91088245499292
695,4917.050382891344,723.1633544945149,168.91843345415057,63.80921749897247,93.65103586462868,1.1361246820287816,20.198005896271248,endurance,4000,-5,none,504.0,601,1199,mission_endurance_misfire,27.446554629173477,20.23701069112245
696,4920.303044565101,721.9873639235014,171.93585673011015,63.060873739143176,93.53725552437804,1.1368153616806504,20.06892858969259,endurance,4000,-5,none,503.0,601,1199,mission_endurance_misfire,27.533678128507947,20.627328462778653
697,4920.709621082713,727.4430332822636,169.516883500747,64.61685705878396,94.47901511895304,1.201075837836807,19.955916051300388,endurance,4000,-5,none,502.0,601,1199,mission_endurance_misfire,27.43844753848386,20.198729221003738
698,4919.014848105317,722.2590701077578,166.28991555697965,64.81326319182271,94.031575064973,1.0676559149497546,20.327504647092667,endurance,4000,-5,none,501.0,601,1199,mission_endurance_misfire,27.52398614773237,19.84136139720166
699,4924.596450641742,716.4126123357754,169.8448464194797,63.22514050217912,93.26394508134806,1.3080734060164427,20.063005198924667,endurance,4000,-5,none,500.0,601,1199,mission_endurance_misfire,27.460541719964805,20.36957027256408
700,4927.889587796,727.963766038852,169.82624897900956,64.07484710610302,92.80261616751211,0.952501125471782,20.326646210359936,endurance,4000,-5,none,499.0,601,1199,mission_endurance_misfire,27.489736234631017,19.768063447038625
701,4878.761722485549,732.0507498980908,170.81863508354203,65.1390511340703,94.8307234433647,1.2885158804895034,19.850640075861676,endurance,4000,-5,misfire,498.0,601,1199,mission_endurance_misfire,27.400399876537058,19.90382311736623
702,4927.400904295585,727.8624207064313,173.59663823042783,63.4121661323201,93.87564690684592,1.3551856792170325,20.31922578377924,endurance,4000,-5,none,497.0,601,1199,mission_endurance_misfire,27.578548523064892,20.27514949681672
703,4919.632040188745,728.8682663915661,169.72179367966905,64.23724073712282,93.6439116742145,1.0415491784371915,20.37365025686964,endurance,4000,-5,none,496.0,601,1199,mission_endurance_misfire,27.44567572360147,19.369782574092273
704,4913.82049581183,717.8587425789107,170.44911004987426,64.57809877308367,93.95242113948758,0.95745686085213,19.86336982529105,endurance,4000,-5,none,495.0,601,1199,mission_endurance_misfire,27.550151995233747,19.858410854407907
705,4907.998594168599,720.071363753149,170.16902614188243,64.8842404235013,92.10774682293108,1.1343767307573218,20.298732779666956,endurance,4000,-5,none,494.0,601,1199,mission_endurance_misfire,27.508905940501304,20.0591230131284
706,4910.832095774353,724.3536246351367,171.42038509493074,64.08552169076255,92.13175835434872,1.230072832758414,19.73450527032093,endurance,4000,-5,none,493.0,601,1199,mission_endurance_misfire,27.45971263600706,19.992318850818776
707,4910.306289892394,717.046421422347,168.01803923098217,62.85340087511207,94.96379063426158,1.23195734181357,19.993742494338345,endurance,4000,-5,none,492.0,601,1199,mission_endurance_misfire,27.496701985537204,20.59779694442297
708,4914.147336259061,721.9455130568871,172.31663100454966,64.41217871292288,93.47176861972969,1.169167780220579,19.97984033840196,endurance,4000,-5,none,491.0,601,1199,mission_endurance_misfire,27.41723875481141,20.09093624238871
709,4922.136453011403,721.0522367468834,171.79563620864118,62.5319730160515,91.71445737060724,1.2080766777316123,20.04671598014411,endurance,4000,-5,none,490.0,601,1199,mission_endurance_misfire,27.473519534384824,19.48793744063705
710,4917.638023162186,722.141249785608,169.11642765004083,62.6172186582559,93.7585119622792,1.0241528891081535,19.800023262537294,endurance,4000,-5,none,489.0,601,1199,mission_endurance_misfire,27.460717727470257,20.358100914638136
711,4917.096729312927,718.7771004712723,169.32456254230573,63.561867210394354,93.98300835133077,1.172497068734851,20.147487301227063,endurance,4000,-5,none,488.0,601,1199,mission_endurance_misfire,27.435966963335126,20.02516133138905
712,4914.522376212423,727.5558779224035,167.22494937380517,63.91840758494335,93.35564433514747,0.9704895791903658,19.74203498027553,endurance,4000,-5,none,487.0,601,1199,mission_endurance_misfire,27.39848564094527,19.81612381224138
713,4916.762603805796,726.867678285166,170.21905460268903,63.32594915728042,94.08364336038495,1.0627855192375917,19.77816436497483,endurance,4000,-5,none,486.0,601,1199,mission_endurance_misfire,27.281014829230617,19.68327240172897
714,4915.244776427389,720.5025549462928,170.3133571635787,64.60204866969833,93.36890693995862,1.0558901315158284,20.09056507977093,endurance,4000,-5,none,485.0,601,1199,mission_endurance_misfire,27.5048250633886,20.19687417821863
715,4917.300504466316,719.4211894388914,166.48447794133278,64.60379778454822,93.46909358041124,1.0635636749594426,20.79139290160763,endurance,4000,-5,none,484.0,601,1199,mission_endurance_misfire,27.378693486049666,20.19407094797911
716,4838.421482414409,753.3156603277338,168.2866524753754,64.97581423817667,93.2886003519228,1.5926808859057957,20.2190653883572,endurance,4000,-5,misfire,483.0,601,1199,mission_endurance_misfire,27.300567361456253,20.192507366017733
717,4907.543735518005,722.8191172863872,168.76240638223354,63.760303055040325,96.17019910843702,1.155745098654527,20.32020070242326,endurance,4000,-5,none,482.0,601,1199,mission_endurance_misfire,27.40290190412082,20.02662511652146
718,4907.4759731991735,717.774643303362,170.31039914327872,64.2887985525119,95.2066046582548,1.311900642250936,20.40279025593236,endurance,4000,-5,none,481.0,601,1199,mission_endurance_misfire,27.467447057811327,20.389133289209585
719,4909.489470590875,717.2539047450026,168.94417199115324,62.683519269837234,95.24807515178188,1.033808320320401,19.803547885839297,endurance,4000,-5,none,480.0,601,1199,mission_endurance_misfire,27.34990575570195,19.747797078659936
720,4907.930579522393,723.7843370353417,168.07611231069842,62.66351308593966,92.4519836211364,1.203374886430708,19.681504182694884,endurance,4000,-5,none,479.0,601,1199,mission_endurance_misfire,27.29632036357641,19.599552482217813
721,4911.775192791002,717.4522287782728,168.19201502257738,64.55329699948024,91.85523344703697,1.1519152950806832,19.9089986635884,endurance,4000,-5,none,478.0,601,1199,mission_endurance_misfire,27.387008894548654,19.81368965793429
722,4914.912561204666,725.1787959570909,168.46544639638944,63.872511595044735,93.69122292457524,1.2720117114974565,19.81940696428449,endurance,4000,-5,none,477.0,601,1199,mission_endurance_misfire,27.286919082485973,19.9073843945052
723,4911.421329185303,723.0873168760421,169.60631665949612,64.64711794321647,92.42423741438428,1.0813487760046214,19.71471271907886,endurance,4000,-5,none,476.0,601,1199,mission_endurance_misfire,27.321402477394635,19.88244829258732
724,4913.66433650195,723.6242079893462,169.40482911377612,63.35361888934057,92.06720966816393,1.1105221628137514,20.08337002858728,endurance,4000,-5,none,475.0,601,1199,mission_endurance_misfire,27.31733788323235,19.413606702850533
725,4907.358927153328,720.7762648614188,170.67545536976408,64.06557971713694,94.30415273723357,1.2723188951673663,20.042282374654373,endurance,4000,-5,none,474.0,601,1199,mission_endurance_misfire,27.413642094899306,19.607237258998
726,4899.120122888497,719.1572574360862,170.154116760249,63.122310944714336,93.07003590166622,0.91865594959025,20.252744948450086,endurance,4000,-5,none,473.0,601,1199,mission_endurance_misfire,27.47119046856115,20.258815932494123
727,4894.77368912989,721.542787483648,170.94993929222588,63.12854864937135,92.97159550663024,1.2131379917561604,19.66374287288038,endurance,4000,-5,none,472.0,601,1199,mission_endurance_misfire,27.483040005804465,19.668990486567786
728,4893.347790876542,719.5616141451634,166.60856686424114,60.86999209505417,93.79017960451236,1.1358239223591609,20.1438734662248,endurance,4000,-5,none,471.0,601,1199,mission_endurance_misfire,27.41428852496825,19.75479692154708
729,4815.53418426808,743.3633278258008,168.82621625935548,63.71336215392998,92.87103744770928,1.4358947329087028,19.95602317908112,endurance,4000,-5,misfire,470.0,601,1199,mission_endurance_misfire,27.419085547806546,20.012697877067687
730,4890.894208108594,719.4869255293451,168.03246833519145,63.46407267446697,91.504784066029,1.1545816023635007,19.501195444392835,endurance,4000,-5,none,469.0,601,1199,mission_endurance_misfire,27.46797245437855,20.391399438014663
731,4887.819976016491,718.7518709273908,165.72605458410737,63.367375315507736,92.91988845294316,1.0551930985264668,19.79256016880362,endurance,4000,-5,none,468.0,601,1199,mission_endurance_misfire,27.34004984536324,19.805028583225454
732,4889.020853419159,719.2310207694431,171.0556299441088,62.39327571215947,92.41268384859968,1.1180621749034492,19.82399219052581,endurance,4000,-5,none,467.0,601,1199,mission_endurance_misfire,27.344049362285013,19.784500271156062
733,4887.613891356861,717.8150696940951,171.59257728395482,63.61005437596313,91.8743709730844,1.02412193461768,19.808526357404155,endurance,4000,-5,none,466.0,601,1199,mission_endurance_misfire,27.394622709243283,19.66770262263254
734,4892.633021661859,714.1654870107957,169.64147411948036,63.13456357563178,92.96943347287493,1.1673438771668778,20.08114417666849,endurance,4000,-5,none,465.0,601,1199,mission_endurance_misfire,27.33804081059277,20.014103073150153
735,4898.03469099255,718.4963017495604,171.69424226448763,62.3991159931532,93.55058508750491,1.2640559840376024,19.96654111995431,endurance,4000,-5,none,464.0,601,1199,mission_endurance_misfire,27.36624476261716,19.450258890599315
736,4885.400078419926,721.1142228108779,165.17472053735992,63.28660996352048,93.1603728393628,1.1299788055473696,20.02748236193745,endurance,4000,-5,none,463.0,601,1199,mission_endurance_misfire,27.41162262461688,19.847994703115106
737,4796.503399718096,743.8927923817628,167.1859651990684,63.306591357065386,93.323530600046,1.870128822135165,19.534096944050845,endurance,4000,-5,misfire,462.0,601,1199,mission_endurance_misfire,27.42083058183446,19.702776063199277
738,4886.791599928347,717.9332043678965,170.18288810224732,64.30302172842592,91.39601946131025,0.9750227036462834,19.7042557523024,endurance,4000,-5,none,461.0,601,1199,mission_endurance_misfire,27.400181660999042,19.93203891495109
739,4890.30485515111,723.9235886290708,170.33198041775495,63.92138934751478,92.9366112014234,1.258220002555796,20.34282564959912,endurance,4000,-5,none,460.0,601,1199,mission_endurance_misfire,27.301281245449776,20.45172791189008
740,4884.74783096968,723.0697730463291,169.061138604713,62.57103720872884,93.77439717565125,1.0395708924456726,19.64467106077017,endurance,4000,-5,none,459.0,601,1199,mission_endurance_misfire,27.331393933371125,19.694523473222446
741,4891.377990540106,721.4986101712643,167.17251813426543,63.53380468100228,93.92061415035876,1.3208836828289467,20.05297564952452,endurance,4000,-5,none,458.0,601,1199,mission_endurance_misfire,27.346440976251014,19.84475804162432
742,4890.094302808272,718.7958320956225,168.2459361540245,63.57918883480325,92.85752375401242,1.25584803922123,20.45938801482799,endurance,4000,-5,none,457.0,601,1199,mission_endurance_misfire,27.33003583990048,19.938662034271964
743,4893.49198533194,720.1494163843163,166.9378290452075,63.48669671791769,94.16149938160822,1.31672770226676,19.83343095986902,endurance,4000,-5,none,456.0,601,1199,mission_endurance_misfire,27.259869879435602,20.41433512069443
744,4896.160329343268,719.9798421207618,168.94908917405508,63.63961599755983,93.17463733301676,1.286963364885854,19.73387170904576,endurance,4000,-5,none,455.0,601,1199,mission_endurance_misfire,27.28208835885105,20.40651811726854
745,4898.349112400973,719.1601840335369,167.68807389761477,62.79428059704796,92.39859629787684,0.9701619308505216,19.82995236855828,endurance,4000,-5,none,454.0,601,1199,mission_endurance_misfire,27.364917699022538,19.75186629279799
746,4898.911934671809,713.3357184196198,168.40598668909797,65.21768144582215,92.31580558384316,1.01670444885408,19.7403484214172,endurance,4000,-5,none,453.0,601,1199,mission_endurance_misfire,27.367098297126695,20.028621022981557
747,4895.119230775364,721.8698847278089,167.2320557563216,61.71639216850068,91.30546525157088,1.2614978138814783,19.89981020333997,endurance,4000,-5,none,452.0,601,1199,mission_endurance_misfire,27.309699823996368,19.77977343894273
748,4779.599457091962,728.265249427784,170.29252574858228,62.834064492805446,93.22455914201116,1.5731986050210136,19.937611912998324,endurance,4000,-5,misfire,451.0,601,1199,mission_endurance_misfire,27.392168073765788,20.434694300521144
749,4897.487580379113,721.841909609945,167.12143327799964,63.30923171498197,94.85105771314358,1.2139312194288625,19.46385301861272,endurance,4000,-5,none,450.0,601,1199,mission_endurance_misfire,27.384122251201735,20.176181904845315
750,4890.455274593344,722.3858239938694,168.07706870040923,62.464949284524856,92.5553870176452,1.3301633701086355,20.10310968502386,endurance,4000,-5,none,449.0,601,1199,mission_endurance_misfire,27.438537746598215,20.076184566176362
751,4895.9891482536295,723.0309300920667,169.2424738265255,63.10444333822596,91.39030373687896,1.0285447889929054,19.859171440794626,endurance,4000,-5,none,448.0,601,1199,mission_endurance_misfire,27.438431657417148,19.750312141703088
752,4895.8750222668095,714.3534326399395,169.66277952084647,63.88776064805107,93.40608426857077,1.013866526786916,19.853845583998798,endurance,4000,-5,none,447.0,601,1199,mission_endurance_misfire,27.41402022034283,20.477670865517133
753,4893.020578517586,721.8022774114594,169.88581410358813,63.44578584918311,93.69733769492846,1.1462505522357471,20.00831073623673,endurance,4000,-5,none,446.0,601,1199,mission_endurance_misfire,27.24220738841712,19.99266144151996
754,4892.463775991112,721.4634670950338,164.9332309953993,62.35449792600857,93.41954671100667,1.19795045862686,19.9793276749744,endurance,4000,-5,none,445.0,601,1199,mission_endurance_misfire,27.337288730393755,19.9843883959743
755,4892.176909619335,717.4215598298117,165.55995643387496,63.46713222352195,92.7482689533194,1.1020802941564092,20.176925795650988,endurance,4000,-5,none,444.0,601,1199,mission_endurance_misfire,27.241020984348726,20.420314994170297
756,4841.641134107873,738.4578453397711,169.93164186895947,62.167483181763394,93.30377819181996,1.6059658207540255,19.68565537436844,endurance,4000,-5,misfire,443.0,601,1199,mission_endurance_misfire,27.312391821298775,19.908615464372826
757,4895.573395366559,717.3953366569729,168.14663777026533,63.41834608421096,93.51579508741108,1.2692652405318583,19.97326182424105,endurance,4000,-5,none,442.0,601,1199,mission_endurance_misfire,27.220958718849822,19.883193496967852
758,4898.184084434445,722.6571436502085,169.80947880893476,62.76577479800318,92.95848369727028,0.9990613130482092,19.92437837981914,endurance,4000,-5,none,441.0,601,1199,mission_endurance_misfire,27.285867683785877,19.888350002989736
759,4786.080239098701,733.7361215088935,166.63377328598636,63.921167086317546,93.30163698289782,1.5236564755711892,19.74927964333475,endurance,4000,-5,misfire,440.0,601,1199,mission_endurance_misfire,27.284388205599534,19.995862620921535
760,4892.705622897522,717.8813930632833,167.43852240123172,63.89324460852071,92.39307993580336,1.0739525118633064,19.180767983887108,endurance,4000,-5,none,439.0,601,1199,mission_endurance_misfire,27.32373674647722,19.58268577044683
761,4890.029729539717,720.8388254231098,169.70982511754215,61.82875105593641,93.67911780277818,1.2140567502504471,19.720149842805505,endurance,4000,-5,none,438.0,601,1199,mission_endurance_misfire,27.25974849705301,19.970252882873776
762,4893.487382660851,724.0542610748164,169.16151675292207,64.50802517801847,92.04604089373731,1.3508422503779305,20.13383131342544,endurance,4000,-5,none,437.0,601,1199,mission_endurance_misfire,27.315147463558162,20.13287881673979
763,4891.905702440967,718.3216427415987,166.43409029250483,63.03167270514744,93.86121620189353,1.154850000951397,19.805287765329275,endurance,4000,-5,none,436.0,601,1199,mission_endurance_misfire,27.198597263045503,20.207404012455473
764,4889.563520077014,726.7376950399155,169.2125522383808,63.61952107832927,93.79234989051614,1.0549983774987104,19.959264416047787,endurance,4000,-5,none,435.0,601,1199,mission_endurance_misfire,27.241237913253812,19.51737898209524
765,4890.729836871278,716.2635521344299,167.40004973471503,62.3988239563127,92.5917134067578,1.2772183683759937,20.084128060833013,endurance,4000,-5,none,434.0,601,1199,mission_endurance_misfire,27.20343804003523,20.197075078300184
766,4896.415319800482,720.5041721352467,171.02757197505736,64.05450852111886,94.50107245401192,1.2774974504343035,19.263996078855005,endurance,4000,-5,none,433.0,601,1199,mission_endurance_misfire,27.215177738234935,20.49416994677108
767,4895.352175918145,717.6118034903386,171.23231505990702,65.4656093945895,94.96825100700995,1.0977406832364198,19.68439519815024,endurance,4000,-5,none,432.0,601,1199,mission_endurance_misfire,27.282870428224886,19.56807697408499
768,4896.955551743052,723.9609673457853,170.5237184991111,63.4636419031865,93.55003922905966,1.0173161984780208,19.906210547507225,endurance,4000,-5,none,431.0,601,1199,mission_endurance_misfire,27.068106735464948,20.21942291867903
769,4902.931181219612,715.7886110660652,169.5554101287327,63.84764663810756,92.19495180932752,1.0160649756727296,19.92726401494947,endurance,4000,-5,none,430.0,601,1199,mission_endurance_misfire,27.116052735283443,20.003634882891348
770,4901.405990449181,717.0070937603997,171.6151476547482,63.29609358223759,93.50139246138464,1.2554185271446574,19.8728298680732,endurance,4000,-5,none,429.0,601,1199,mission_endurance_misfire,27.335069419876092,20.2170413203253
771,4896.487096771184,715.4841790329307,168.55336981329128,63.999762185803625,93.48762577320451,1.163539051947312,19.82120825312973,endurance,4000,-5,none,428.0,601,1199,mission_endurance_misfire,27.141875260717754,19.730697137920032
772,4897.872569398189,723.6794475415311,168.56058330165823,62.72282433548039,94.10243076706206,1.1705406557186668,19.20932021980892,endurance,4000,-5,none,427.0,601,1199,mission_endurance_misfire,27.20613878894176,20.6166384027851
773,4900.913403096329,720.0891733504363,170.39848320179053,63.55641389009129,94.17180218315076,1.1334169528290874,19.979074072003883,endurance,4000,-5,none,426.0,601,1199,mission_endurance_misfire,27.18566264656679,19.400331316120045
774,4899.89154755929,719.5187380200085,167.2782089294476,63.09172293368643,94.27943862853832,1.0759815635823802,20.35977769624922,endurance,4000,-5,none,425.0,601,1199,mission_endurance_misfire,27.203166523572477,19.80237716292102
775,4898.471971276181,715.7660788773258,168.92391288873873,62.63567677917285,92.78429521546516,1.339954070216508,20.098000934287665,endurance,4000,-5,none,424.0,601,1199,mission_endurance_misfire,27.06096616686063,20.19623916403756
776,4897.673721130635,721.4935229085847,170.39961618983878,63.85464238517456,94.08653941666668,1.0888042715243091,19.712889371114304,endurance,4000,-5,none,423.0,601,1199,mission_endurance_misfire,27.134808970594392,20.31533375643504
777,4895.350491784393,714.7344693431529,168.6336780297044,64.08886887843633,93.721739363561,1.0186259079040576,19.82104092381071,endurance,4000,-5,none,422.0,601,1199,mission_endurance_misfire,27.04892410410923,20.298791818709237
778,4891.994844599097,713.7934359177319,169.2958993203329,65.06005417003848,91.95508271113256,1.048344925589334,19.744279307366767,endurance,4000,-5,none,421.0,601,1199,mission_endurance_misfire,27.162591553315583,19.761078188728717
779,4892.361562099148,720.126669276621,166.84283374755242,63.60060467812463,94.7634275276758,1.1788862253051131,19.81877370021586,endurance,4000,-5,none,420.0,601,1199,mission_endurance_misfire,27.05822467419322,20.425364923085482
780,4890.729208244429,720.9691606823719,167.4273426649026,62.441426104534045,93.1719217351251,1.1639879425226118,19.906369504615643,endurance,4000,-5,none,419.0,601,1199,mission_endurance_misfire,27.102222923918834,20.167307063202973
781,4894.663286439587,717.2911885007657,166.44533328352426,63.37720399969102,93.5156346358214,1.2516670430516246,19.947717321330455,endurance,4000,-5,none,418.0,601,1199,mission_endurance_misfire,27.00592232316393,20.300296376874616
782,4893.817032792916,718.9072757244898,168.85671490727384,62.39789044146187,92.12123584804246,1.4609328941110251,20.339707575013676,endurance,4000,-5,none,417.0,601,1199,mission_endurance_misfire,26.97255908816812,19.864989020966277
783,4819.527014294989,728.2197531491313,169.07813079674418,63.8063964821132,93.35871367657852,1.395122794968756,20.148891278826607,endurance,4000,-5,misfire,416.0,601,1199,mission_endurance_misfire,27.00099311479379,20.278136497258085
784,4888.354840697403,716.843889369598,169.1960181690587,62.93236651394079,94.28956950956218,1.2549952754497993,20.2703548582233,endurance,4000,-5,none,415.0,601,1199,mission_endurance_misfire,26.97859583509808,20.0452437366953
785,4894.854271278459,717.086929862162,170.04386918145764,62.09893330098223,94.27057059676928,1.1491879306386863,19.786980837228185,endurance,4000,-5,none,414.0,601,1199,mission_endurance_misfire,26.90707863829069,20.21473332548961
786,4892.671070183652,719.7983037429699,170.7171603687162,63.36553845640165,92.01325910408627,0.8923115292791141,19.84327628738517,endurance,4000,-5,none,413.0,601,1199,mission_endurance_misfire,26.924247143842365,20.17204805156311
787,4896.102527494924,725.7937352045157,169.04132267406226,61.85974404477229,93.27598244513555,1.1886137328680757,19.388741635507927,endurance,4000,-5,none,412.0,601,1199,mission_endurance_misfire,26.90522587759633,19.611628731631306
788,4891.26406482794,715.8003588020605,169.7897732277847,62.67844473980003,93.1537182338355,0.94717373077426,19.746819414421285,endurance,4000,-5,none,411.0,601,1199,mission_endurance_misfire,26.824274692612814,19.827329642589973
789,4890.811056240085,721.3437706344461,169.17637437403235,62.4753630351179,93.4015183485104,1.0494560016735537,19.94137938749259,endurance,4000,-5,none,410.0,601,1199,mission_endurance_misfire,26.947190387936256,20.014411027653846
790,4891.651749648096,715.7067104020134,169.50584341166976,62.3591658959489,93.31280724226846,0.9674876061029596,20.10871994985552,endurance,4000,-5,none,409.0,601,1199,mission_endurance_misfire,26.85998947003987,20.659257615859822
791,4896.459627732748,720.0717849996884,171.42865374554415,63.65980171949582,92.71851454666604,1.29830253115798,19.999719746256588,endurance,4000,-5,none,408.0,601,1199,mission_endurance_misfire,26.972981257202566,20.62372450677984
792,4896.7733503935015,720.1291331229138,165.47880030892534,62.10093661297228,92.70892983264196,1.1996477200174154,19.748000610100185,endurance,4000,-5,none,407.0,601,1199,mission_endurance_misfire,27.055672494991907,19.8403012273013
793,4901.528555454031,720.21250866648,164.4229589399811,62.95053891926555,92.3437169601076,1.2982354240554517,19.92148124663455,endurance,4000,-5,none,406.0,601,1199,mission_endurance_misfire,26.947443445810404,20.16639003103618
794,4907.525457713603,722.740824290016,169.6042677239841,63.98127827418954,93.81829459039162,1.2410101514295655,19.59884058519868,endurance,4000,-5,none,405.0,601,1199,mission_endurance_misfire,27.001845627817197,20.151084596700418
795,4911.749747290335,718.2215104497764,168.23779508960033,63.551843323505416,94.07797390356386,1.1756837098902122,19.51035412589092,endurance,4000,-5,none,404.0,601,1199,mission_endurance_misfire,26.958873017186793,19.891667595220028
796,4912.148837515619,722.2946960107644,170.13303334947437,63.837574152806766,92.62625215379956,1.1408761669247771,19.895276734772672,endurance,4000,-5,none,403.0,601,1199,mission_endurance_misfire,26.792515473698135,20.07481699166128
797,4911.29238529061,718.2693791718264,170.05360991406823,64.18090983983781,93.36296864189002,1.1769473955166705,19.916103120613183,endurance,4000,-5,none,402.0,601,1199,mission_endurance_misfire,26.974714257269024,20.112438091329093
798,4908.860076035149,722.1713887084283,166.12692017639975,62.44616379791052,92.95031185493114,1.0308036962217146,19.879316893196723,endurance,4000,-5,none,401.0,601,1199,mission_endurance_misfire,26.97516878576394,19.545677128612112
799,4906.5661787622985,722.1702849240264,171.06129717661997,62.79792386625452,94.0132526405332,1.2592123246882885,20.54094816969697,endurance,4000,-5,none,400.0,601,1199,mission_endurance_misfire,26.993900504493492,19.581715041190296
800,4906.660925580339,720.1351229649944,171.94393911743853,63.97016145653615,93.09039215957536,1.1081208443605228,19.91378951649306,endurance,4000,-5,none,399.0,601,1199,mission_endurance_misfire,27.078341161440896,19.872601035537713
801,4907.986875543264,723.9102672398778,170.6526196055016,63.79878788446277,94.04507579649584,1.10641283565884,19.548249685909745,endurance,4000,-5,none,398.0,601,1199,mission_endurance_misfire,27.027320601696672,20.278427292905217
802,4905.181018770083,718.9706140484675,166.98065764450263,63.95648724686539,92.8108786452748,0.9610794077938858,20.352094544205613,endurance,4000,-5,none,397.0,601,1199,mission_endurance_misfire,27.060917997416443,19.57085579947973
803,4908.532344364831,724.909008409509,170.7997694292011,62.51477454104692,94.78684074801444,1.2383383230459708,20.2156753839658,endurance,4000,-5,none,396.0,601,1199,mission_endurance_misfire,27.055020404231207,19.71559249117124
804,4913.21083606954,722.4845827140673,165.39752547773344,64.02800866872832,93.29825393382497,1.2910056484306458,20.073993221542008,endurance,4000,-5,none,395.0,601,1199,mission_endurance_misfire,27.067562389932103,19.738246999996342
805,4917.118014863583,722.3009104296631,167.44962587937036,63.65875795380439,92.8495675348725,1.147125277925465,20.622423626403062,endurance,4000,-5,none,394.0,601,1199,mission_endurance_misfire,26.940141678974047,20.083889874904038
806,4917.636863973241,719.4423918782705,170.00294973961354,65.57661494763325,93.67122800734968,1.1928720975638751,20.34088770919587,endurance,4000,-5,none,393.0,601,1199,mission_endurance_misfire,26.98241453145485,20.268929099477678
807,4915.34418093878,722.4485490595495,169.57021888707416,62.44777581874376,93.30060275565424,1.095251387111296,19.53947644758664,endurance,4000,-5,none,392.0,601,1199,mission_endurance_misfire,26.898621221631295,20.297313483737334
808,4912.97345870959,719.4587782780941,171.41969518636884,62.60189071511548,91.48354286476,1.311872494581241,19.686483311476003,endurance,4000,-5,none,391.0,601,1199,mission_endurance_misfire,26.90230462776826,20.132243930913994
809,4914.770598777302,711.9288313568698,170.8155508131305,61.50089644439283,92.98793682709989,1.3136938166202488,20.51916068223092,endurance,4000,-5,none,390.0,601,1199,mission_endurance_misfire,26.886441383553926,20.37359068884261
810,4925.073564352683,718.4015728274417,168.28575917672245,62.83733259518431,94.68567453171886,1.209184509663011,20.47624170092734,endurance,4000,-5,none,389.0,601,1199,mission_endurance_misfire,27.026147877691454,20.014600595237315
811,4929.0040774587,721.5828412995282,172.44002600248575,63.24434546827949,94.04939084435829,1.2319301913467595,20.648243689563973,endurance,4000,-5,none,388.0,601,1199,mission_endurance_misfire,26.955218216549806,20.086646496238277
812,4921.349415770059,722.1807711079324,170.65278987088857,64.29410631275026,94.18653386315772,0.9062810329133248,20.332931067906635,endurance,4000,-5,none,387.0,601,1199,mission_endurance_misfire,26.930862319200056,20.18109089606157
813,4920.302247835538,722.4365310203709,170.7794240260387,64.04168973956122,94.16813113671954,1.1135842225581225,19.978944445770093,endurance,4000,-5,none,386.0,601,1199,mission_endurance_misfire,26.97009077907918,20.04035912168691
814,4918.118834309061,725.7120649269771,171.15895600736562,64.25376426626688,93.24058103514967,1.174686056519101,20.334966800143963,endurance,4000,-5,none,385.0,601,1199,mission_endurance_misfire,26.96432037474476,20.391028718443195
815,4915.251063719759,727.5601007335378,167.32878233282133,65.0277638902264,92.21569211359768,1.3469859407266505,19.72141103347361,endurance,4000,-5,none,384.0,601,1199,mission_endurance_misfire,27.064216853056422,20.36700742387606
816,4917.584510874805,720.7457086413723,172.07235976689554,63.8459975057551,93.54209832221512,1.0725339215907754,20.15178859964394,endurance,4000,-5,none,383.0,601,1199,mission_endurance_misfire,26.948790624015103,19.728394862816472
817,4922.17710317387,726.2752331845252,168.91272877450035,62.90688850258738,92.9999768180684,1.1390363187839183,20.023969753353963,endurance,4000,-5,none,382.0,601,1199,mission_endurance_misfire,27.049624983012773,20.392912883663886
818,4917.575630587776,727.1083273729396,168.48249066826017,65.0671384985076,93.96270440747658,1.1552688923930337,19.790238275458684,endurance,4000,-5,none,381.0,601,1199,mission_endurance_misfire,27.075811874533322,19.969885083911592
819,4917.5462100664345,716.8243802523473,167.96157950957772,63.1217019715197,93.92152217247136,1.0655008502768608,20.322127998322763,endurance,4000,-5,none,380.0,601,1199,mission_endurance_misfire,27.120452667767232,20.369836894663127
820,4822.668787832143,737.482597283044,171.49953304640096,63.19462460910167,92.85471750059772,1.7071343731987645,20.36253997475155,endurance,4000,-5,misfire,379.0,601,1199,mission_endurance_misfire,27.129090388810855,20.030824816356468
821,4865.715652984931,742.3737062383714,170.42091586484636,63.27744893177375,91.80984453369044,1.2906586250226149,20.38858567026076,endurance,4000,-5,misfire,378.0,601,1199,mission_endurance_misfire,27.09762985323655,19.885971338949304
822,4915.701397826887,723.7131457478581,166.80625525371303,62.77570223425095,92.45204132640649,1.3311047627816015,20.58613928369776,endurance,4000,-5,none,377.0,601,1199,mission_endurance_misfire,27.17947885353362,20.275184888882023
823,4917.8915124007935,726.4289580951433,168.28951062393355,64.31262123190234,93.4535603987783,1.0466362915517264,20.04331278078624,endurance,4000,-5,none,376.0,601,1199,mission_endurance_misfire,27.227073130155237,20.44938414566397
824,4921.974156171074,720.3439475034669,169.7971118247073,62.18631279405899,95.98435748498218,1.0818559414956148,19.95731215313621,endurance,4000,-5,none,375.0,601,1199,mission_endurance_misfire,27.204981873259424,19.6154220485439
825,4920.266783206393,720.0708190357801,167.34115742378694,63.42710739523657,93.34184925719649,1.1240058727900897,20.19736956049134,endurance,4000,-5,none,374.0,601,1199,mission_endurance_misfire,27.14328072100689,20.63327919369373
826,4916.813212552471,719.9962588941656,170.72141525683486,64.02003828288,94.39604400906654,1.0589445258741432,20.067263175976954,endurance,4000,-5,none,373.0,601,1199,mission_endurance_misfire,27.130584400235314,19.541707523761833
827,4912.906417538298,723.0000551689426,169.15321492219272,63.96508481794783,91.48001570700738,1.3349947552216306,20.30683283112789,endurance,4000,-5,none,372.0,601,1199,mission_endurance_misfire,27.247561855650368,20.030020892391292
828,4814.950041300782,741.3488554194473,171.19533721375112,63.29104432421027,95.7460128375076,1.506980888985061,20.353364214446746,endurance,4000,-5,misfire,371.0,601,1199,mission_endurance_misfire,27.224172247399537,20.3853942341203
829,4909.202080303247,714.9316596307809,165.8010454374439,62.820282449084935,92.60352461138902,1.0554882309210087,19.953590540535217,endurance,4000,-5,none,370.0,601,1199,mission_endurance_misfire,27.202670769984497,20.06415889157033
830,4905.04623150402,720.9058969986002,171.49992004059015,61.69357070596925,92.3669505473968,1.1883650263608765,19.541449767775028,endurance,4000,-5,none,369.0,601,1199,mission_endurance_misfire,27.202950174658028,19.970547055083216
831,4911.877322938006,726.0890999378115,171.7633572236916,62.45428913662678,94.56339684260344,1.0905217433728591,20.03245692237784,endurance,4000,-5,none,368.0,601,1199,mission_endurance_misfire,27.152366293080863,19.422907536933973
832,4914.100207870587,729.6627843339045,170.73882846244013,64.02234593616772,91.89551325623736,1.194982735893414,20.375909460084205,endurance,4000,-5,none,367.0,601,1199,mission_endurance_misfire,27.16923022776778,19.947706650057107
833,4918.707230537769,724.3423374496325,168.74400356392474,65.42474358101981,93.33114982447567,1.2087573707403452,20.000123565264133,endurance,4000,-5,none,366.0,601,1199,mission_endurance_misfire,27.173332502882378,20.3154129628323
834,4807.917233914654,730.7277585450328,169.92934324736387,62.41545457671153,93.14757337734216,1.3459420786382108,20.03587683580202,endurance,4000,-5,misfire,365.0,601,1199,mission_endurance_misfire,27.151716327747543,20.23301608769352
835,4915.300217567439,721.1798579158354,167.21245356647935,63.58393529552912,91.89239361471796,1.183846482494291,20.00041124908751,endurance,4000,-5,none,364.0,601,1199,mission_endurance_misfire,27.11805268714371,20.175963214046515
836,4914.255677358547,718.0695270911303,168.33460142601692,64.37734495828428,93.26958110320076,1.099264633929021,20.17535340441987,endurance,4000,-5,none,363.0,601,1199,mission_endurance_misfire,27.068117200675985,19.91074684711259
837,4867.843998237446,736.7003012315345,169.0212367335293,64.24887755549716,93.41560353283488,1.595604296754384,20.227871289475736,endurance,4000,-5,misfire,362.0,601,1199,mission_endurance_misfire,27.172050414453732,20.151434811134912
838,4911.622301543327,720.9329955193533,170.22613655237043,62.259562681247,93.29779141426695,1.1950077696893031,20.352958412873004,endurance,4000,-5,none,361.0,601,1199,mission_endurance_misfire,27.05612312120588,19.487400905504565
839,4904.740107508392,719.4106779057139,167.59476112233222,63.42564264561111,92.81434612297168,1.2406195591144908,20.25286174682438,endurance,4000,-5,none,360.0,601,1199,mission_endurance_misfire,27.122991772795018,19.901569581656467
840,4904.072102775852,723.1964441244234,171.38397382778297,63.08926038572165,93.73543698242248,1.216324967466508,20.292041539402888,endurance,4000,-5,none,359.0,601,1199,mission_endurance_misfire,27.11578019985387,20.877423531115465
841,4896.309629635937,718.2575357983786,171.1271516265291,64.7961566027102,95.17313715628188,1.227217760785036,20.08973058122508,endurance,4000,-5,none,358.0,601,1199,mission_endurance_misfire,27.099834951873124,19.446158008733338
842,4783.694957395333,747.3797012550448,167.1800731630814,63.40219436757419,94.48045870795364,1.8328258147737144,20.225197338065424,endurance,4000,-5,misfire,357.0,601,1199,mission_endurance_misfire,27.2000475732101,19.88039465263836
843,4900.7459635495325,723.0808139596078,169.16370272619508,64.40794432018166,92.99211207543166,1.1585281096896292,20.079283222705747,endurance,4000,-5,none,356.0,601,1199,mission_endurance_misfire,27.08043026536942,19.887501638333646
844,4900.222393660044,718.2604269361324,169.75152344294116,63.13303905889479,94.7551163512882,1.3365296588428333,19.88919949696924,endurance,4000,-5,none,355.0,601,1199,mission_endurance_misfire,27.014844231777275,20.03223269118119
845,4902.11487180705,713.7692652189997,169.41159956281982,63.08002087353836,94.52144925623828,1.06781713181592,20.138634964892,endurance,4000,-5,none,354.0,601,1199,mission_endurance_misfire,27.08812943574071,20.5028305410654
846,4903.654762595168,720.345003125861,170.0135642478509,63.9549324412711,93.74336745524776,1.1768645310542445,19.82915793996933,endurance,4000,-5,none,353.0,601,1199,mission_endurance_misfire,27.18467057962861,19.87942916035938
847,4905.797448646828,717.02701136476,170.76359446348812,63.02531851902563,92.23135284431896,1.2073230132538664,19.912409445383894,endurance,4000,-5,none,352.0,601,1199,mission_endurance_misfire,27.17155178711372,20.406964714328993
848,4765.414496472053,751.4707293998005,169.76246524443198,64.01857768092077,92.98597761177462,1.5791253609000226,19.39673747543804,endurance,4000,-5,misfire,351.0,601,1199,mission_endurance_misfire,27.182029021392832,20.619357803667935
849,4907.669866349694,717.9398067227976,172.1651598501722,63.02462732240509,93.68653163654454,1.2230220286605538,20.169794503628875,endurance,4000,-5,none,350.0,601,1199,mission_endurance_misfire,27.129059452611997,19.88295228725684
850,4912.197952126387,718.3222314394802,170.58240148557178,63.20410502569887,92.89080042373796,1.131442316549719,19.721578545139053,endurance,4000,-5,none,349.0,601,1199,mission_endurance_misfire,27.134211257228195,20.177716073021827
851,4794.005326045319,749.3508956480375,169.63861796442583,63.73833117108316,94.04566289523348,1.604679848543133,19.936367730303672,endurance,4000,-5,misfire,348.0,601,1199,mission_endurance_misfire,27.207630511162545,19.726228476631697
852,4914.667574530091,723.348137960392,168.89547913174704,64.50709915237218,92.63147305719826,1.1163671705378628,20.440670953408997,endurance,4000,-5,none,347.0,601,1199,mission_endurance_misfire,27.044094900890762,20.311825124853407
853,4920.632829913755,720.2920938740755,171.30363511592572,62.79178195719423,92.4412504799381,1.417081645328519,20.225995880638077,endurance,4000,-5,none,346.0,601,1199,mission_endurance_misfire,27.217014061416933,19.989272682217564
854,4919.97920907146,715.4793223799386,169.50319382207277,62.305336371471,93.033604465155,1.2275420223422897,19.761668868618862,endurance,4000,-5,none,345.0,601,1199,mission_endurance_misfire,27.136415373239306,19.738314976485633
855,4919.2654119231465,722.7995662591002,170.1892510161943,65.4212269939888,93.5211838801481,1.129832818088111,20.30910313394853,endurance,4000,-5,none,344.0,601,1199,mission_endurance_misfire,27.2006902184181,19.98273422932401
856,4919.162217432481,724.085530909566,169.20026364932522,63.99943635068996,91.707267358871,1.145405860221972,19.995985032424915,endurance,4000,-5,none,343.0,601,1199,mission_endurance_misfire,27.194635242286466,19.25555982358994
857,4920.566054923186,729.9534383722466,170.06801025873264,63.54668850950389,90.63316918696322,1.1379066226794128,20.25623655955897,endurance,4000,-5,none,342.0,601,1199,mission_endurance_misfire,27.14925691258309,19.809670031715797
858,4920.485110506616,722.868049834609,170.36137795653872,63.3377124402534,93.45975911307453,1.0223166278076667,20.077036698725603,endurance,4000,-5,none,341.0,601,1199,mission_endurance_misfire,27.093895709819208,20.168265216916627
859,4917.507045935024,719.4214514090279,172.7600708307767,62.49314036623065,94.99943936120094,1.223778738546666,20.27443143753281,endurance,4000,-5,none,340.0,601,1199,mission_endurance_misfire,26.93839219940721,20.19533778524954
860,4919.879556353841,723.9803074467923,169.58574627930625,64.15092544107704,93.4034487087624,1.3226459963246715,20.381275959786368,endurance,4000,-5,none,339.0,601,1199,mission_endurance_misfire,27.06438339646648,19.820291633076852
861,4929.026591475823,722.9334690759239,168.19330995389345,62.69301348779745,94.44292541331998,1.2296695523873653,20.006968434177068,endurance,4000,-5,none,338.0,601,1199,mission_endurance_misfire,27.092970276616583,20.129446186758276
862,4924.881625591246,721.627113065159,169.95238270174136,64.04017254963011,95.13013824852445,1.050520965783692,19.891616293672207,endurance,4000,-5,none,337.0,601,1199,mission_endurance_misfire,27.06893484457648,19.665408124830268
863,4931.019574323482,730.5529680370264,170.87244823766622,64.79076689533439,95.0179623309668,1.104126291917965,20.27623331650936,endurance,4000,-5,none,336.0,601,1199,mission_endurance_misfire,27.11704620044149,19.9196324629964
864,4923.679975800638,723.2128492017716,171.04448002418522,64.93196882595635,93.97166824621556,1.0404593903824335,20.30911099922788,endurance,4000,-5,none,335.0,601,1199,mission_endurance_misfire,27.065154654095426,19.9282073844234
865,4925.416312128041,727.7149092189276,167.3536967428174,64.13517159504839,92.26494424195748,1.272982877598651,20.58611571205905,endurance,4000,-5,none,334.0,601,1199,mission_endurance_misfire,27.071516814797146,20.284184221466674
866,4922.482745618582,723.5192395465984,171.44343128979966,65.26453363224762,94.52612505131157,1.3288113811805675,20.283407298858933,endurance,4000,-5,none,333.0,601,1199,mission_endurance_misfire,27.0856766027185,19.845164637786233
867,4923.626910772058,723.0452467341192,169.82742895138895,63.777123777365695,93.78865991550995,1.3082727537847312,20.027703332238172,endurance,4000,-5,none,332.0,601,1199,mission_endurance_misfire,27.14985570774139,20.121348236426837
868,4924.202888020367,719.8773249688519,171.1504509520871,64.39031463400121,91.70450392777376,1.1511103331642727,20.19146629720995,endurance,4000,-5,none,331.0,601,1199,mission_endurance_misfire,26.97868957746607,19.86563741973484
869,4925.885434549565,721.4176810662188,169.0210494037845,64.79894716537983,94.1604788231674,1.258936798997926,20.38378908674197,endurance,4000,-5,none,330.0,601,1199,mission_endurance_misfire,26.993470484953033,19.88960105876586
870,4922.81909918693,715.0747299490123,167.55960533609715,63.74076993068928,94.41621636648966,1.0804653733785408,19.73631858271585,endurance,4000,-5,none,329.0,601,1199,mission_endurance_misfire,27.0170556048221,19.564318990517656
871,4921.511928345562,724.744894502938,169.37592652960743,62.96089662478202,92.43001316863064,1.1312729387969973,20.189273654708,endurance,4000,-5,none,328.0,601,1199,mission_endurance_misfire,26.97405446964984,20.077938671820487
872,4924.945408102944,723.2625155850519,171.64348573787896,65.03332513838845,93.6472568501437,1.333464688572395,20.11686361921833,endurance,4000,-5,none,327.0,601,1199,mission_endurance_misfire,27.083667757633098,20.148173365111802
873,4924.539217502332,724.2910637314262,169.22928793369834,64.78021268528954,92.7954324269096,1.17717982716988,20.088026440368736,endurance,4000,-5,none,326.0,601,1199,mission_endurance_misfire,27.043757836752736,20.239838994513548
874,4924.148819275232,723.3599996219489,171.33040955191984,65.37563430743423,93.27789246792504,1.309680377367986,20.507702364200632,endurance,4000,-5,none,325.0,601,1199,mission_endurance_misfire,27.056714955598093,20.4761210681106
875,4929.071612359267,725.2276429687871,170.62149951838313,64.95776682500137,90.94189068192036,0.9255651839341168,20.23673328664141,endurance,4000,-5,none,324.0,601,1199,mission_endurance_misfire,27.17998677418264,20.301566441478933
876,4850.991670876399,751.4736865680876,168.09073416268282,62.82101897932447,93.71438424401818,1.6255246480371912,20.10883322190302,endurance,4000,-5,misfire,323.0,601,1199,mission_endurance_misfire,26.997263232083466,20.22002086303055
877,4931.66529361784,728.1222606021399,170.568677879882,63.64527547256398,92.95296297452484,1.2073859192081489,20.253107881399902,endurance,4000,-5,none,322.0,601,1199,mission_endurance_misfire,27.160110171354997,19.67114277706733
878,4937.652363089896,725.0843823133403,167.99137456591,64.29437319294794,94.0079129922869,1.1061363474292976,19.94700234251926,endurance,4000,-5,none,321.0,601,1199,mission_endurance_misfire,26.99284514029529,19.800668343574415
879,4858.395398200248,748.3831718815372,170.79605273048415,64.14473954750102,93.69238008797277,1.31736117275719,20.128493713762523,endurance,4000,-5,misfire,320.0,601,1199,mission_endurance_misfire,27.173045641542362,20.293786474650563
880,4924.415408473725,725.9023654106618,170.72576880841282,63.72218497778938,93.8415337473249,0.9733184099526412,19.89634704989155,endurance,4000,-5,none,319.0,601,1199,mission_endurance_misfire,27.16117732953444,20.384560949245085
881,4922.459698203632,727.4671072151239,171.8155428002837,64.0308569253853,93.93492068796652,1.1254456158666186,20.536264064598463,endurance,4000,-5,none,318.0,601,1199,mission_endurance_misfire,27.133787232184048,20.047211797587376
882,4808.845109274786,741.478402769248,169.46263074986368,63.58860007335359,94.22188250698778,1.6389395536061035,20.095796177856084,endurance,4000,-5,misfire,317.0,601,1199,mission_endurance_misfire,27.12167879739056,19.94575808594312
883,4937.4425140686335,723.8641363369729,170.63616784786686,64.46888870773371,93.9326273929025,1.046182818687548,20.123171474045,endurance,4000,-5,none,316.0,601,1199,mission_endurance_misfire,27.219452663162105,19.974258304330707
884,4857.957969281036,738.7932020378995,169.69985822089996,64.53540773016967,91.81563908851808,1.4234835169791793,19.901615838884386,endurance,4000,-5,misfire,315.0,601,1199,mission_endurance_misfire,27.204389776707863,19.971867609570214
885,4933.713965447645,726.0985680521563,169.25966829651966,62.44837629881739,95.61898666425922,1.145040513560605,20.70374899174076,endurance,4000,-5,none,314.0,601,1199,mission_endurance_misfire,27.165955186697687,19.57524721109451
886,4943.193450079254,722.4413256332368,171.86657671376497,64.35365651958651,94.01001003011388,1.2223118636100978,20.49564829043124,endurance,4000,-5,none,313.0,601,1199,mission_endurance_misfire,27.129635544341195,20.47588184896396
887,4946.789384310867,720.4244380290824,169.73340815382917,64.43887386034083,93.8739730370858,1.1359895837037797,20.480658907957885,endurance,4000,-5,none,312.0,601,1199,mission_endurance_misfire,27.127344053347016,19.587310944664495
888,4945.4404112347565,724.8729585990773,169.7490911137265,64.66854193540948,94.25158191225964,1.182462875475615,20.46665197494118,endurance,4000,-5,none,311.0,601,1199,mission_endurance_misfire,27.271895034755946,20.366021848355043
889,4861.214671590892,759.2205630596568,170.3646154278179,64.23569638009211,93.18929471394718,1.7508761621688955,20.39665653531164,endurance,4000,-5,misfire,310.0,601,1199,mission_endurance_misfire,27.196781090963153,19.901831383651288
890,4948.4118301047865,722.5001960219871,171.99265648889622,63.99163478512789,92.74232194866651,1.2042902718984854,20.661315869203943,endurance,4000,-5,none,309.0,601,1199,mission_endurance_misfire,27.264197729549572,20.068307208289074
891,4947.042075078668,725.0324697983734,171.39381287473262,63.854227526607225,93.11296514190066,1.041725467410996,19.70007802118762,endurance,4000,-5,none,308.0,601,1199,mission_endurance_misfire,27.280919946109986,19.822553875339384
892,4952.588846418293,723.7026504945214,175.1980778044873,64.94755822079858,94.11687065172131,1.3449565452634182,20.150108866171333,endurance,4000,-5,none,307.0,601,1199,mission_endurance_misfire,27.156618868454615,19.89672229098611
893,4955.534377014456,722.846848173927,172.86468368565318,64.33553056378476,94.4943192203453,1.324510511128299,20.76313548977867,endurance,4000,-5,none,306.0,601,1199,mission_endurance_misfire,27.20849668863863,19.765618528814745
894,4954.301166642279,730.4377456315768,169.38522162173075,63.778706930895886,95.5746348225342,1.2518247572744192,20.086177202628832,endurance,4000,-5,none,305.0,601,1199,mission_endurance_misfire,27.053477104500352,20.047613850688123
895,4896.53251324697,750.4324539522551,170.88286441861246,63.93004520824325,95.91270786651084,1.906541786928038,20.570885318071703,endurance,4000,-5,misfire,304.0,601,1199,mission_endurance_misfire,27.13722914920271,20.328193118416785
896,4954.491609669517,725.9078971466489,168.55269022470162,64.74701448663997,94.83352095304666,1.0001881745784036,20.565417644225928,endurance,4000,-5,none,303.0,601,1199,mission_endurance_misfire,27.164969800775395,19.5400063963181
897,4952.347305423445,731.7194816292634,171.54772429924606,64.53428771097194,94.55413212177424,1.257071476595334,20.7748115301512,endurance,4000,-5,none,302.0,601,1199,mission_endurance_misfire,27.199137434800104,20.480370776341214
898,4952.641407069008,721.3750184806237,170.94187610092058,64.60642082124996,94.64443994162556,1.1589174507602693,20.481069107269924,endurance,4000,-5,none,301.0,601,1199,mission_endurance_misfire,27.107324972174098,20.177245565428613
899,4955.030892251235,729.0161961744153,173.06296082605718,64.7646273579759,94.08435058303964,1.2430459463214525,20.03914196019824,endurance,4000,-5,none,300.0,601,1199,mission_endurance_misfire,27.22306900628054,19.72024149584549
900,4826.922747868498,758.0213061918463,170.16158220378102,63.91500747648363,95.88313494966928,1.307703727114235,20.388986213337883,endurance,4000,-5,misfire,299.0,601,1199,mission_endurance_misfire,27.15070875571599,20.068845341990162
901,4953.344902559468,729.1072146346634,173.50826514049717,62.93074252747126,94.14843385028992,1.0220744602164722,20.46020398030086,endurance,4000,-5,none,298.0,601,1199,mission_endurance_misfire,27.118781254848695,20.165755776460973
902,4949.47081948872,729.9448167541215,168.66040367728786,64.23158054639481,92.38057740187696,1.1004899941906243,20.668066387928885,endurance,4000,-5,none,297.0,601,1199,mission_endurance_misfire,27.17170939920832,20.50183470857793
903,4947.827808805164,724.2712843229803,169.4180944742018,65.23365864990029,92.23613235377624,1.2978323393338205,20.203614133260608,endurance,4000,-5,none,296.0,601,1199,mission_endurance_misfire,27.135357505364425,20.403997020931733
904,4956.507546503507,730.0349842524486,171.92268163633236,65.07749774663019,93.24902575268368,1.1655989848256345,20.92090411061834,endurance,4000,-5,none,295.0,601,1199,mission_endurance_misfire,27.106241141287942,19.37316321187028
905,4952.389826710413,720.8506555138708,171.28293177713488,63.21864445789219,94.7075730226592,1.1168841564439398,20.791492833750304,endurance,4000,-5,none,294.0,601,1199,mission_endurance_misfire,27.207810106369944,20.076150445958472
906,4808.415657667762,748.9500630815646,168.20996641402706,64.43941781214507,94.23290300889929,1.3233426768557537,20.310263457473415,endurance,4000,-5,misfire,293.0,601,1199,mission_endurance_misfire,27.26758778615363,20.1731776368646
907,4848.783603199302,742.4759424337624,173.36452233107417,63.30930551302065,95.46053112448509,1.4028145698195502,20.40079479692969,endurance,4000,-5,misfire,292.0,601,1199,mission_endurance_misfire,27.218167140999267,19.801996338716137
908,4950.833174756079,730.8451296594816,170.63416884128327,62.48932089611628,93.74276208792648,1.224510557279684,20.344400502148986,endurance,4000,-5,none,291.0,601,1199,mission_endurance_misfire,27.235828854634775,19.974810896430508
909,4954.050264625161,727.3849826175209,172.573356260794,64.94597797288947,94.39787308157456,1.2323316812995215,20.576170498332203,endurance,4000,-5,none,290.0,601,1199,mission_endurance_misfire,27.176820833894343,19.99052133445105
910,4808.112226256925,744.8198053891172,171.24190103726772,63.866557491495904,93.20763563048092,1.563693220845863,20.704685164209483,endurance,4000,-5,misfire,289.0,601,1199,mission_endurance_misfire,27.284493961350833,20.496710726669978
911,4957.675104438178,727.5141404509936,169.50995562438217,63.41919875696593,96.04912151813402,1.2171286661492005,20.44685730231496,endurance,4000,-5,none,288.0,601,1199,mission_endurance_misfire,27.2162462654982,20.09880010353621
912,4812.16575416686,757.6116394989781,170.8343066551908,64.22823877233787,91.02833899472591,1.766403941277538,20.78544204980088,endurance,4000,-5,misfire,287.0,601,1199,mission_endurance_misfire,27.199368990616627,20.051422187395026
913,4825.034804378096,742.1808026177988,170.9055343876704,65.35318508816819,95.869853197016,1.7348210150383037,20.791897132211588,endurance,4000,-5,misfire,286.0,601,1199,mission_endurance_misfire,27.18898773538987,20.066114663316434
914,4966.122867112114,724.6490312554073,173.3654121070944,65.57464449737095,93.82001493845743,1.2093980184143498,20.63250525432548,endurance,4000,-5,none,285.0,601,1199,mission_endurance_misfire,27.186922093975756,19.736023288692856
915,4970.973518863898,734.0795853686128,171.57059342216263,64.23698059506401,94.84705828021671,1.3342992421063646,20.617713564392496,endurance,4000,-5,none,284.0,601,1199,mission_endurance_misfire,27.23440214071757,20.211564728626715
916,4814.820899204022,760.8581317110797,170.31783540641857,63.34224290005688,91.51643749096893,1.687246698591296,20.936550426418314,endurance,4000,-5,misfire,283.0,601,1199,mission_endurance_misfire,27.197503186549245,19.322223417886967
917,4965.815723026062,728.9306899240554,171.2217139752315,64.64836343211823,94.23143389683212,1.399248845377529,21.202966741218813,endurance,4000,-5,none,282.0,601,1199,mission_endurance_misfire,27.219538714386,19.56419771795821
918,4969.061670654297,729.198551267722,174.17753112257657,65.86853731002648,93.51881946834236,1.2891158816762815,20.440069631147484,endurance,4000,-5,none,281.0,601,1199,mission_endurance_misfire,27.32056587012549,20.06076954664787
919,4967.037866263658,724.1786559605059,172.1751069189512,62.62966403322421,92.61178018164595,1.220658361543932,20.014939389095765,endurance,4000,-5,none,280.0,601,1199,mission_endurance_misfire,27.24895512338723,19.88293646986562
920,4960.435708175368,735.098922469611,171.8762442456619,64.48119719799071,95.9265887815424,1.1627937502717824,20.79700325186601,endurance,4000,-5,none,279.0,601,1199,mission_endurance_misfire,27.20754232154187,19.871768003069025
921,4819.839599580622,740.8461401376597,174.2508196629265,64.2062604470434,93.8511950906142,1.4432178569829448,20.42230155670923,endurance,4000,-5,misfire,278.0,601,1199,mission_endurance_misfire,27.15349271181578,20.37997478671846
922,4956.364221391782,722.5445445531774,170.81151445308058,64.99080177434878,95.64074718074072,1.3898929451580204,20.46594425074153,endurance,4000,-5,none,277.0,601,1199,mission_endurance_misfire,27.264459662255035,19.956067593024983
923,4952.192677725096,730.8776758412727,169.52043815803128,65.4229004145415,95.05766044324122,1.2951926698960503,20.86534476680893,endurance,4000,-5,none,276.0,601,1199,mission_endurance_misfire,27.141836435698092,20.09365943689245
924,4951.410335249055,724.1025131792896,170.24095471385766,64.54325590817533,92.600445037566,1.1025575755625177,20.7373449590522,endurance,4000,-5,none,275.0,601,1199,mission_endurance_misfire,27.21107154156347,20.19101293998787
925,4947.260581513385,721.5027339403528,171.19631973558683,63.45691766268192,94.75687958521536,1.0800289261077574,20.443106589829974,endurance,4000,-5,none,274.0,601,1199,mission_endurance_misfire,27.085903359785416,19.839874285540702
926,4941.985201480888,732.303594515849,168.98485918212202,64.5857077253115,94.87507916626365,1.1375144593860342,20.426656115658275,endurance,4000,-5,none,273.0,601,1199,mission_endurance_misfire,27.097556111146837,19.828624359833853
927,4947.136809182567,726.9949572916441,173.48492687291264,65.02566029234337,93.20169098892669,1.22930176967796,20.399898392615405,endurance,4000,-5,none,272.0,601,1199,mission_endurance_misfire,27.24006963904463,19.523963485534697
928,4943.153437079507,724.8046030385943,170.86194829698985,64.22379227184113,92.49567203683608,0.9223303577094412,20.51809669323672,endurance,4000,-5,none,271.0,601,1199,mission_endurance_misfire,27.135053620509584,19.85567586210469
929,4944.960387993378,722.6417193951158,172.73967290843393,64.06843158755186,93.5943822624219,1.1477809554038731,20.47872415797283,endurance,4000,-5,none,270.0,601,1199,mission_endurance_misfire,27.241722981662484,20.13575937337026
930,4938.512745875254,720.6029682387963,172.24108029837038,64.5225789491079,93.17529136869028,1.154041252256638,20.15520762412113,endurance,4000,-5,none,269.0,601,1199,mission_endurance_misfire,27.202369499642806,19.897246347193036
931,4928.478190912156,725.0887347124334,172.5933850456858,63.134346037842505,91.25856650019008,1.2393447075083048,19.82596477570868,endurance,4000,-5,none,268.0,601,1199,mission_endurance_misfire,27.273510556847224,20.13723278648222
932,4927.248694122287,723.2597654940079,172.26578520149894,63.50538232863224,94.7410612057754,1.1277437777077468,19.79175604349222,endurance,4000,-5,none,267.0,601,1199,mission_endurance_misfire,27.197769169287344,20.150368138584472
933,4930.1925976712855,729.1459606581438,172.9946822991971,63.31165536657879,93.57877497217834,1.0087613116387832,20.476922258051403,endurance,4000,-5,none,266.0,601,1199,mission_endurance_misfire,27.25121531140208,19.849197636232365
934,4938.633378023194,725.1359586060701,167.5784089698944,63.983217626115696,93.80199813040136,1.274885171954096,20.524705895449923,endurance,4000,-5,none,265.0,601,1199,mission_endurance_misfire,27.18974835471376,20.157525682135166
935,4939.264809177202,718.4936481368344,170.12800925728953,62.995973039188414,94.44428352331454,1.2727594942289984,19.977185817017947,endurance,4000,-5,none,264.0,601,1199,mission_endurance_misfire,27.371879764046078,19.78410480698551
936,4941.194343653998,728.5084211160633,168.81007408877932,63.922713143686686,94.17409314251296,1.124193783944694,20.0215316896904,endurance,4000,-5,none,263.0,601,1199,mission_endurance_misfire,27.3080937001732,20.089329239461485
937,4846.779070966942,759.8290484175182,168.219135824817,63.45893854801342,93.46462767790509,1.530109079827258,20.47619963405013,endurance,4000,-5,misfire,262.0,601,1199,mission_endurance_misfire,27.30686347865354,19.951954675777582
938,4949.285928696438,724.6180526389526,171.63257038777812,64.22497286904401,94.61523783443728,1.1214228675685274,20.97591821845453,endurance,4000,-5,none,261.0,601,1199,mission_endurance_misfire,27.273426014858266,19.791094176000243
939,4940.651250997557,726.2464931338804,171.875942917683,63.93596340412032,93.37574328730264,1.0944682865341544,19.995565016894226,endurance,4000,-5,none,260.0,601,1199,mission_endurance_misfire,27.274131022526003,20.28698111715604
940,4838.629169066375,761.2271284042756,169.8724702951932,62.91969458016246,93.49015098756628,1.7927262082319697,20.263380151581664,endurance,4000,-5,misfire,259.0,601,1199,mission_endurance_misfire,27.293390878884395,19.99855976895088
941,4940.908037050935,724.7764199233935,169.6744203293626,63.32960108677591,95.68723510756548,1.129035733952126,19.972144289478454,endurance,4000,-5,none,258.0,601,1199,mission_endurance_misfire,27.268624429065447,20.209036232688096
942,4942.005833198798,724.7188510671383,169.19130421065378,65.22091832041228,93.44051781378649,1.2717892492657887,20.280044863922328,endurance,4000,-5,none,257.0,601,1199,mission_endurance_misfire,27.211350302115342,19.862579859097345
943,4937.1644306893,724.9990857231154,167.90824204574875,63.67598917017477,94.57144953847212,1.2755987035044989,20.14618710372681,endurance,4000,-5,none,256.0,601,1199,mission_endurance_misfire,27.286261556152922,20.39621190532905
944,4932.672356756377,726.0496339494126,169.71263618566903,64.9110576104453,94.31407353922796,1.203430134810082,20.31646191420297,endurance,4000,-5,none,255.0,601,1199,mission_endurance_misfire,27.3515198120675,19.773982549040216
945,4932.83207533857,724.3618901155033,169.1969988163308,64.37577754861138,92.29227161669222,1.083952993927408,20.08453311656205,endurance,4000,-5,none,254.0,601,1199,mission_endurance_misfire,27.27891493718826,19.78994726914929
946,4933.154067230384,725.8571401245695,167.0533928627483,62.973704833892114,91.90806579581148,1.192932923744598,20.22287435094768,endurance,4000,-5,none,253.0,601,1199,mission_endurance_misfire,27.310085841776676,20.363056744751848
947,4931.418031854448,719.0183349822502,170.8811555893768,64.49283239970242,91.88228725955456,1.0850423950219554,20.602381498864176,endurance,4000,-5,none,252.0,601,1199,mission_endurance_misfire,27.338612536803115,20.204892149293624
948,4931.322398090033,722.9130416596888,171.81443575371216,63.95600855193219,93.15040839072354,1.0827627454641642,20.57081491053992,endurance,4000,-5,none,251.0,601,1199,mission_endurance_misfire,27.239405655861212,19.849102104164043
949,4933.187880364151,719.4319629348219,172.29719171768377,64.61456830182364,94.4681557605663,1.142316669998379,20.339524357134064,endurance,4000,-5,none,250.0,601,1199,mission_endurance_misfire,27.314702515859608,19.742736879509156
950,4935.733965549759,722.1260876985901,170.81107339084886,64.16180763289647,92.37888504277775,1.2073081799529497,20.007084704026,endurance,4000,-5,none,249.0,601,1199,mission_endurance_misfire,27.2896764279826,20.20619668698221
951,4867.636337655038,762.202438441181,170.22293783402006,64.71989305720726,91.92690189316724,1.9362731732356968,20.095437516882928,endurance,4000,-5,misfire,248.0,601,1199,mission_endurance_misfire,27.167241108820875,20.361198176790943
952,4931.446417668592,717.9388795722001,170.33975568482785,63.46727622278806,96.08686791806988,1.2457475734791648,20.594889911651507,endurance,4000,-5,none,247.0,601,1199,mission_endurance_misfire,27.351818197249294,19.910663096542482
953,4930.942185720573,727.7037235465713,170.67360527130606,63.84836893534886,93.80252349306804,0.995630661226722,20.24623468725017,endurance,4000,-5,none,246.0,601,1199,mission_endurance_misfire,27.179548665293616,20.255473121573857
954,4931.868220438822,717.970158937563,170.25392639901168,64.15720237502119,94.8519147134818,1.1533624636012298,20.4979117922662,endurance,4000,-5,none,245.0,601,1199,mission_endurance_misfire,27.24282093174688,19.728629302305414
955,4932.612585130953,730.167903552871,171.31785090216266,63.94931243012589,92.10903507522922,1.1697247325106377,20.593867338549643,endurance,4000,-5,none,244.0,601,1199,mission_endurance_misfire,27.18977893459199,20.109150499662597
956,4936.203039263422,728.794591652459,171.78671164254126,63.634982410082415,92.8183147878775,1.2076865803340782,20.399728062742625,endurance,4000,-5,none,243.0,601,1199,mission_endurance_misfire,27.154894927194515,20.507823899341826
957,4809.305530124485,758.8259745071032,169.69528448089602,64.56894023039628,93.05866547134175,1.765057021172684,19.97452181090343,endurance,4000,-5,misfire,242.0,601,1199,mission_endurance_misfire,27.08348415127673,19.892441323396
958,4928.637423390604,723.2465766574348,171.49170824663068,65.33086548693585,93.99157046271569,1.2090985463221136,19.8495668108662,endurance,4000,-5,none,241.0,601,1199,mission_endurance_misfire,27.06588798501829,19.898295830327253
959,4807.570118306759,731.1326141947146,169.06075333120364,63.48946751738487,94.25745273169994,1.501650569771307,20.12768616204845,endurance,4000,-5,misfire,240.0,601,1199,mission_endurance_misfire,27.147864699842987,19.633324983105382
960,4922.717736448646,721.2931773343961,171.15037480172955,65.14728798218252,94.75030988496596,1.2619664520176397,20.04665407516048,endurance,4000,-5,none,239.0,601,1199,mission_endurance_misfire,27.036532480306562,20.409930696971767
961,4918.011370318121,723.5723489196832,168.17289830595357,63.48149843542189,94.70173428720392,1.1437051088094898,20.09400550315321,endurance,4000,-5,none,238.0,601,1199,mission_endurance_misfire,27.170451282644212,20.13118839094215
962,4917.540319308998,721.672976500702,171.22739800298072,64.87269751218871,94.6951394739723,1.2439080106194262,20.382764796042768,endurance,4000,-5,none,237.0,601,1199,mission_endurance_misfire,27.14734659900818,19.649833288305594
963,4918.3837529373095,721.5988179880009,167.90311732160174,63.050452624505205,93.07368447741868,1.028472409340415,19.88693994421376,endurance,4000,-5,none,236.0,601,1199,mission_endurance_misfire,27.08407033407636,19.921067892758643
964,4914.03259153384,727.584817482866,171.64931557456885,64.35543629562677,94.44470716186012,1.294107800159383,19.9495815063541,endurance,4000,-5,none,235.0,601,1199,mission_endurance_misfire,27.057379801597715,19.902638282453946
965,4838.093069689664,761.9924897388122,170.4369044388527,63.33831899253674,93.1360385662394,1.7846670018641495,20.213322984129803,endurance,4000,-5,misfire,234.0,601,1199,mission_endurance_misfire,27.20960374910629,19.871015663976973
966,4909.730861290495,725.0091494240374,172.3283508426584,63.99714577167487,92.51437982617249,1.0124019747209327,19.95794828131752,endurance,4000,-5,none,233.0,601,1199,mission_endurance_misfire,27.102885057180988,20.296201359023357
967,4912.602236724574,721.1475483834049,169.40594560466195,64.43451528524518,92.84855039574585,1.0984989680910666,20.37084789991149,endurance,4000,-5,none,232.0,601,1199,mission_endurance_misfire,27.124474301436642,20.044645148505495
968,4803.578353650953,731.954208084187,172.8238622192394,64.63993075883005,92.94381642302776,1.5562519566994202,19.985302691703296,endurance,4000,-5,misfire,231.0,601,1199,mission_endurance_misfire,27.0684638089916,20.086946046054162
969,4801.082282290241,728.7826081198364,171.11339110980842,63.31386688468948,91.81945089902018,1.912547156306576,20.123326297975503,endurance,4000,-5,misfire,230.0,601,1199,mission_endurance_misfire,27.01313185039833,20.301663872873227
970,4909.374209575945,722.9965103972238,172.20642824089276,64.67289814778535,91.51102676565796,1.1627352902296983,19.92320526645004,endurance,4000,-5,none,229.0,601,1199,mission_endurance_misfire,27.024289209561303,20.27622199463528
971,4758.964455329195,746.9408720295987,168.30772192810844,63.87638871761016,92.79852443514967,1.6276400006044889,20.47486952028696,endurance,4000,-5,misfire,228.0,601,1199,mission_endurance_misfire,27.142900763260954,20.073101195241982
972,4772.337637277921,743.3644486136982,168.77960646697528,63.38978662869405,95.24385029484732,1.6359788832987536,19.61270043534197,endurance,4000,-5,misfire,227.0,601,1199,mission_endurance_misfire,27.10111157553469,20.232278978900425
973,4904.326596507605,720.4026119698059,169.7921577662277,62.93856476698032,92.84982880565626,1.3273397272360885,19.954375386528483,endurance,4000,-5,none,226.0,601,1199,mission_endurance_misfire,27.155008682596804,19.56730445481674
974,4906.174900148045,719.9907769053345,168.25351090008667,63.39545173882223,94.13293191074295,1.1639163900581313,19.713313438677883,endurance,4000,-5,none,225.0,601,1199,mission_endurance_misfire,27.161888036933043,20.536008587810734
975,4909.4930566851,717.0297633175176,168.44587438518968,63.05988066792037,93.49127425836114,1.1812829355235472,20.065796547181623,endurance,4000,-5,none,224.0,601,1199,mission_endurance_misfire,27.22108021304195,19.952155335437592
976,4910.790866376079,720.7547189043926,166.86680951478306,62.08716634286669,93.16951793853576,1.1634103047857507,20.06970249052943,endurance,4000,-5,none,223.0,601,1199,mission_endurance_misfire,27.149157740217667,19.62871803909879
977,4904.559810266835,718.7435699188511,170.1059509312599,63.89287247021311,94.43102307521885,1.0574449398978158,19.77358245334552,endurance,4000,-5,none,222.0,601,1199,mission_endurance_misfire,27.249790628229317,20.25970785708553
978,4908.556097182257,716.2693127309502,170.0494284278053,62.658459329831885,94.25443156146936,1.3250504830422205,20.087298676854523,endurance,4000,-5,none,221.0,601,1199,mission_endurance_misfire,27.242861926675122,20.105237291151703
979,4909.872055659653,725.0935590081807,169.9248299614536,62.97614219052591,93.20790257242297,1.1615322116374978,19.87942461486232,endurance,4000,-5,none,220.0,601,1199,mission_endurance_misfire,27.23711485733361,20.333982252490994
980,4908.718421062376,722.8216408777593,168.07279949909343,62.19369624573411,91.81434276984068,1.2680673481054614,19.988739662046832,endurance,4000,-5,none,219.0,601,1199,mission_endurance_misfire,27.217122647833143,19.749055556654447
981,4910.264611446963,721.9551704001229,169.29530384018364,63.44826464862463,91.60694430223636,1.277128681189831,20.25638892238892,endurance,4000,-5,none,218.0,601,1199,mission_endurance_misfire,27.28819211200332,20.016334803242803
982,4907.031276202433,723.3768542353271,168.93225561898493,63.701733927326416,91.97694488756969,1.3360318854283098,19.80533099352264,endurance,4000,-5,none,217.0,601,1199,mission_endurance_misfire,27.291355197663805,20.114885166614854
983,4904.280373289809,716.2912487030159,167.30454326529593,62.90330430807206,93.83733202344912,1.187812646757463,19.92941382505751,endurance,4000,-5,none,216.0,601,1199,mission_endurance_misfire,27.261171221374198,19.645771548650607
984,4910.627874040018,719.1972797819865,168.9244142408299,62.69327549322568,92.7114480050041,1.0694849520546192,20.090631611435743,endurance,4000,-5,none,215.0,601,1199,mission_endurance_misfire,27.218226233494963,19.579495326767624
985,4914.299259762204,712.6357532658468,168.87339224963767,63.84081097501789,93.3619143746038,1.3616963702489195,19.891343348036816,endurance,4000,-5,none,214.0,601,1199,mission_endurance_misfire,27.23527517008365,20.137918877018254
986,4904.63196534437,721.8835435493311,171.34571266838702,63.77908084900323,93.91434684912086,1.0661410856631774,20.159196288816386,endurance,4000,-5,none,213.0,601,1199,mission_endurance_misfire,27.257979499623133,20.07094522601266
987,4892.934288277656,717.3854756193448,169.75506381196533,63.3283364016858,93.08778318961868,1.1334479915562667,19.767304455071294,endurance,4000,-5,none,212.0,601,1199,mission_endurance_misfire,27.21106991724198,19.713941935244453
988,4893.724186443725,723.9474888355948,169.4215180175925,62.52755921229154,93.92888241225238,1.0348801079212382,19.90875789963863,endurance,4000,-5,none,211.0,601,1199,mission_endurance_misfire,27.23106276977862,20.258389119797624
989,4810.670466330023,732.69075682114,170.4526347067418,61.78592380588631,93.91155869729354,1.424666873342648,20.12559299951062,endurance,4000,-5,misfire,210.0,601,1199,mission_endurance_misfire,27.224706798492136,19.73702311614055
990,4723.732841511268,739.1575816895091,170.27333213343942,62.57548936786665,92.01496045412216,1.7665245839260968,19.528411783319797,endurance,4000,-5,misfire,209.0,601,1199,mission_endurance_misfire,27.356643428604276,20.843043468628526
991,4885.009711763452,715.1568516297559,170.20003435411763,64.82154173343153,93.10882514012836,1.1243214594011848,19.571088692955108,endurance,4000,-5,none,208.0,601,1199,mission_endurance_misfire,27.200916756668082,19.972111617917488
992,4880.6609533666415,718.956762323032,167.0496615444195,63.51335736407381,93.0126313779719,1.2016649336009737,20.01702701970183,endurance,4000,-5,none,207.0,601,1199,mission_endurance_misfire,27.24034918803994,19.698186607051333
993,4877.123241021393,715.866379114084,169.3039618301131,63.91066860255161,91.5311783465416,1.2107961999063463,19.73631418171428,endurance,4000,-5,none,206.0,601,1199,mission_endurance_misfire,27.064073432825214,20.35218802686423
994,4878.888714589174,722.8787101223394,169.93562316748267,63.82974515486276,94.50990079018494,1.1003411766354925,19.90738089606805,endurance,4000,-5,none,205.0,601,1199,mission_endurance_misfire,27.177060986844904,19.82255031360182
995,4706.945670323259,756.2404125084693,170.1721878768076,63.70577020415472,90.4685673157586,1.3290737744255383,19.675879229691144,endurance,4000,-5,misfire,204.0,601,1199,mission_endurance_misfire,27.17689095380585,19.267441626269225
996,4759.075796323284,753.1801160574939,167.980833282983,63.073890963934176,92.42062657050909,1.9488570804652297,19.71254176266089,endurance,4000,-5,misfire,203.0,601,1199,mission_endurance_misfire,27.09792208420111,20.17032354880315
997,4875.658578075233,720.9153158242958,171.52564600046293,62.80701502922021,91.60343681501998,1.061146441992216,19.654996530057577,endurance,4000,-5,none,202.0,601,1199,mission_endurance_misfire,27.180663556702534,19.79179618982191
998,4879.658629609117,720.0240569408752,166.75157577111193,62.91785410706583,91.83014643293733,1.0079841923108388,19.875048027931506,endurance,4000,-5,none,201.0,601,1199,mission_endurance_misfire,27.207001046415517,20.556827552171104
999,4871.9740797501945,718.5656888330819,169.40251358471068,63.58510461053057,92.74995664344688,1.090554840857566,19.38053348459492,endurance,4000,-5,none,200.0,601,1199,mission_endurance_misfire,27.175016033934632,19.8912219514734
1000,4872.179392047698,713.8988456469889,169.0348713884235,63.14535200588614,92.47347788104832,1.1987596437157275,19.72758955852305,endurance,4000,-5,none,199.0,601,1199,mission_endurance_misfire,27.16919360202029,19.70872289708894
1001,4786.784020581293,740.9607079640843,168.06912988170708,62.92374317491903,93.24298381111753,1.7027003374642495,19.651324545878072,endurance,4000,-5,misfire,198.0,601,1199,mission_endurance_misfire,27.211449857968077,20.233549744138116
1002,4867.18428786085,715.2546497152783,167.91757748229665,61.30497696308493,93.00788937421378,1.0853816022177667,20.01262715508416,endurance,4000,-5,none,197.0,601,1199,mission_endurance_misfire,27.13601735948264,20.120343858420473
1003,4861.255429227133,710.5633424491117,168.58953202062412,62.24509971509653,93.25817740544248,1.2412753160907033,19.696643846804065,endurance,4000,-5,none,196.0,601,1199,mission_endurance_misfire,27.155899686081025,20.01864524156966
1004,4861.144902958831,710.2552765753685,166.61476566852625,62.67284735206863,92.5668062966452,0.9810478713949388,19.69113264100619,endurance,4000,-5,none,195.0,601,1199,mission_endurance_misfire,27.187245234991217,20.04872962808943
1005,4858.0778017554685,708.4875802004193,167.4098297918563,63.117014705064,92.06424403091604,1.0381097127728658,19.75015348825613,endurance,4000,-5,none,194.0,601,1199,mission_endurance_misfire,27.11026848235812,20.227369917929778
1006,4858.12061241308,715.2903751935665,166.31456781708553,63.04552569856763,93.3373025128916,1.1243160085626838,19.44803826000897,endurance,4000,-5,none,193.0,601,1199,mission_endurance_misfire,26.989743201993793,19.81643659504103
1007,4855.734244205832,710.6392269175728,168.41265647360405,63.53556281468504,92.90858249388786,0.9219620987733722,19.572772870259264,endurance,4000,-5,none,192.0,601,1199,mission_endurance_misfire,27.05792737729381,20.17998117275478
1008,4852.647386900593,715.5364964317946,166.2206365403149,63.69088693897415,92.11810279458896,1.2524547071252972,19.42061858793079,endurance,4000,-5,none,191.0,601,1199,mission_endurance_misfire,26.934134688759418,20.213317488027705
1009,4851.161749848456,713.541727143567,167.66026995016225,62.3947183901269,92.7831801922035,1.0234141407431725,19.42707528988716,endurance,4000,-5,none,190.0,601,1199,mission_endurance_misfire,26.83439799130825,20.10393087740992
1010,4854.898581652088,714.6775496999591,164.51712914941743,63.62711219686569,92.35666999504998,1.2419576356211557,19.62801525677897,endurance,4000,-5,none,189.0,601,1199,mission_endurance_misfire,26.823518749794758,20.03750028597264
1011,4647.93027357076,734.4269051117094,168.78580236654702,62.74027324403588,91.84968891728252,1.9524199909231503,19.548301588253167,endurance,4000,-5,misfire,188.0,601,1199,mission_endurance_misfire,26.838504127835773,20.649181784576378
1012,4748.2862024147225,753.7918703759422,166.21293932921793,61.9203598388025,90.6530343106685,1.4332546369168455,19.582989231163143,endurance,4000,-5,misfire,187.0,601,1199,mission_endurance_misfire,26.847530598164738,20.10081675061866
1013,4850.290387171625,717.3079064120739,166.68173155164115,62.68968071714783,93.82975780009862,1.1883692534546542,19.16376394049985,endurance,4000,-5,none,186.0,601,1199,mission_endurance_misfire,26.842293918729567,20.656790257613164
1014,4651.0045658090485,747.3324639006122,167.02211303163165,63.41895479444711,92.2063639066825,1.1532750351033736,19.122192144970786,endurance,4000,-5,misfire,185.0,601,1199,mission_endurance_misfire,26.82588418376745,19.487647633303325
1015,4851.072524635953,715.3646007507806,166.58062557851846,62.02368949863124,93.96096210774095,1.0433278524887457,19.57412430597064,endurance,4000,-5,none,184.0,601,1199,mission_endurance_misfire,26.684461622641134,20.09395426213623
1016,4848.474640491321,709.6407511221278,169.67565600849144,62.2376739676159,92.8088115095429,1.0617577487964729,19.78930767951132,endurance,4000,-5,none,183.0,601,1199,mission_endurance_misfire,26.722654668242985,20.329609235247055
1017,4843.029670752038,709.8067495127697,165.84335447911678,65.02140110891857,91.77954940398818,1.269580345448314,19.93919798333776,endurance,4000,-5,none,182.0,601,1199,mission_endurance_misfire,26.856647872553673,20.710561057985537
1018,4844.728052655015,711.699033515412,167.24093729848482,61.675223914700446,90.90459113159802,1.071684053281115,19.338806630824077,endurance,4000,-5,none,181.0,601,1199,mission_endurance_misfire,26.857184122207773,19.611291343950754
1019,4620.314363692218,732.3571916825102,162.58448913515932,61.6775361909452,93.88482705498672,1.515950745795622,19.035601546696792,endurance,4000,-5,misfire,180.0,601,1199,mission_endurance_misfire,26.930070482798186,20.42596815620921
1020,4773.103439537579,742.2056646945182,169.80496388573,63.049340272653936,90.84646392842254,1.738342366345984,19.36375696580081,endurance,4000,-5,misfire,179.0,601,1199,mission_endurance_misfire,27.073457172714935,19.896735450959667
1021,4735.223746567956,738.1884532962737,169.2019180827257,63.30717768668479,92.7500978160824,1.7009890263249696,19.111094268920425,endurance,4000,-5,misfire,178.0,601,1199,mission_endurance_misfire,26.989551247669407,20.349379415261122
1022,4839.894472686798,712.126776922862,167.21988912417515,63.22237502373168,91.44063973451516,0.9278225408971624,19.378759547824128,endurance,4000,-5,none,177.0,601,1199,mission_endurance_misfire,26.942268102613966,20.23457368512005
1023,4608.72732493286,766.6596191842775,170.72023579434435,61.53325687099719,93.21236406209113,1.6881303428570962,19.567013355364352,endurance,4000,-5,misfire,176.0,601,1199,mission_endurance_misfire,26.884560996323952,19.655001376633518
1024,4839.145957066071,714.8767042941936,170.2608746253469,62.881589161104095,93.23646509994651,0.9265372146428308,19.01780558514345,endurance,4000,-5,none,175.0,601,1199,mission_endurance_misfire,26.92963855741907,20.39552942919525
1025,4842.831543420902,711.5453221243371,164.00902793468538,64.72632481479553,92.68299353501963,0.9179013469208388,19.80073316220964,endurance,4000,-5,none,174.0,601,1199,mission_endurance_misfire,26.81562843197094,20.100425082313382
1026,4843.900567690298,712.3184298703063,164.48937290795607,61.960658045515935,93.27872220941818,1.1671173721220196,19.641847893454788,endurance,4000,-5,none,173.0,601,1199,mission_endurance_misfire,27.00390969265314,19.43613997295957
1027,4842.140161672766,715.2616942128183,169.307931854882,63.18529795912419,93.01074739550415,1.082299786768118,19.5356768305512,endurance,4000,-5,none,172.0,601,1199,mission_endurance_misfire,26.903639861537233,19.4457902367571
1028,4621.604065754861,755.2126208055191,167.65384401566385,62.761309158466126,92.10545817312683,1.501372538236151,19.46060674375417,endurance,4000,-5,misfire,171.0,601,1199,mission_endurance_misfire,26.81716166333254,19.318203126536833
1029,4833.039663625915,714.8554636317886,169.60550719697534,62.88173194125875,91.15812831466238,1.0599803212940286,19.34355198635422,endurance,4000,-5,none,170.0,601,1199,mission_endurance_misfire,27.010670361447648,19.837406308465297
1030,4826.118353820618,715.9574610080539,167.06443072164785,62.80745222882894,92.99381359759091,1.1801321990995015,18.89297138443263,endurance,4000,-5,none,169.0,601,1199,mission_endurance_misfire,26.903412920093317,19.535875069041317
1031,4717.270948462615,738.6845227290052,163.7067089539056,61.9953610597747,92.35533249995989,2.024187563704399,19.311308710431824,endurance,4000,-5,misfire,168.0,601,1199,mission_endurance_misfire,26.940794513211987,19.982623964743794
1032,4745.274302644841,756.6307611716707,165.50301694701847,63.25281675085506,92.03650511814132,1.6551841788547177,19.31494645533544,endurance,4000,-5,misfire,167.0,601,1199,mission_endurance_misfire,26.916651787920838,20.203297542662675
1033,4826.646213437613,711.2411456165653,167.1424397528138,61.74914834151131,94.9414429081457,1.0367677334406389,19.30030112146829,endurance,4000,-5,none,166.0,601,1199,mission_endurance_misfire,26.824359461541867,19.24996524965775
1034,4825.005702487508,715.1627846519356,163.291444787365,60.616683245461175,92.63030302979182,0.9614316704341098,19.00486728820132,endurance,4000,-5,none,165.0,601,1199,mission_endurance_misfire,26.929112219598874,20.234380179949852
1035,4621.755007764994,740.5705040827064,166.30979754668076,61.54124929865644,91.98064378444344,1.6743783932383902,19.28949261851257,endurance,4000,-5,misfire,164.0,601,1199,mission_endurance_misfire,26.840132890076717,19.699804922653033
1036,4822.22819091854,710.14321318194,163.8670219151977,62.75475846396024,93.05983400342416,1.027642920619498,19.04264597434063,endurance,4000,-5,none,163.0,601,1199,mission_endurance_misfire,26.832452147619037,19.79369537096516
1037,4684.044421037765,753.6545421220235,166.55006407642068,62.17115698758092,90.20932307349982,1.9047457596742987,19.097097915621557,endurance,4000,-5,misfire,162.0,601,1199,mission_endurance_misfire,26.739093026049957,19.851488499079366
1038,4711.274929829674,754.7772047832451,167.17441370399914,62.0024518500421,91.180336569211,1.5772420028822371,19.142011691923745,endurance,4000,-5,misfire,161.0,601,1199,mission_endurance_misfire,26.792420217938467,20.26962927874483
1039,4817.733059428292,706.4049678845562,166.6066327392572,62.54895037299622,93.9841982663947,1.0164586579988444,19.452252545015817,endurance,4000,-5,none,160.0,601,1199,mission_endurance_misfire,26.807318253327228,20.45934497112931
1040,4700.656742574508,748.290774465276,168.63927754164436,61.91062761424779,90.99824159502606,1.6115447750686909,19.05243710140158,endurance,4000,-5,misfire,159.0,601,1199,mission_endurance_misfire,26.741277733892503,19.666608123001584
1041,4809.898879707231,710.5652214530722,163.55112456739474,61.45433769621033,93.00789681010892,0.8705637576895915,19.133237504360515,endurance,4000,-5,none,158.0,601,1199,mission_endurance_misfire,26.78993658525933,19.707157546399422
1042,4814.971974589667,712.1094832911849,167.63577747152883,64.06159498987813,91.62238503796408,0.9872571445424384,18.977891541312783,endurance,4000,-5,none,157.0,601,1199,mission_endurance_misfire,26.84731636791389,19.671201778315204
1043,4683.771913717581,757.4777887127042,167.56020880307904,61.88756443679568,91.41726465532216,1.485250257292936,19.19251157721379,endurance,4000,-5,misfire,156.0,601,1199,mission_endurance_misfire,26.813601191584247,20.272392424904346
1044,4824.743244713286,710.3562915313162,167.67744670076794,61.89744591052812,91.25963102341198,0.9123985688525634,19.224601138444264,endurance,4000,-5,none,155.0,601,1199,mission_endurance_misfire,26.821455279015886,20.092413141951532
1045,4824.603837764222,710.1413186386533,165.74443767221138,63.417466570424544,91.31473608091312,0.8990017856488794,19.35375560984314,endurance,4000,-5,none,154.0,601,1199,mission_endurance_misfire,26.834906981609908,20.627975133393395
1046,4825.04782449467,707.1294819100983,168.15266941114024,62.12697724948791,92.80458292996931,1.2090084287397898,19.272179747135528,endurance,4000,-5,none,153.0,601,1199,mission_endurance_misfire,26.752717335037186,19.963627937420927
1047,4826.832120090276,707.6284163375321,166.37353083428073,62.54479845620713,92.32604593861814,1.403909993705324,18.834064216898,endurance,4000,-5,none,152.0,601,1199,mission_endurance_misfire,26.79945866123546,19.890421549060992
1048,4717.876075873923,732.128110835257,165.34542090818016,62.25636146133307,93.61576813294474,1.447566411513146,18.777050233168083,endurance,4000,-5,misfire,151.0,601,1199,mission_endurance_misfire,26.777476221338432,19.694375367696107
1049,4829.860609422379,709.9737199800936,164.17764935182774,63.7408703173818,91.85466326812272,1.307801068422698,18.934517449165504,endurance,4000,-5,none,150.0,601,1199,mission_endurance_misfire,26.735123805954164,19.17136817955354
1050,4832.781942883249,709.3222650451878,168.36955152766333,61.3760267390092,91.34392558320091,1.0882342297655667,19.627767372650144,endurance,4000,-5,none,149.0,601,1199,mission_endurance_misfire,26.756047575227026,20.439522099617847
1051,4830.510418434975,712.3423520273252,164.57786169979985,63.21969908934904,92.6333877866788,1.0005886734100982,18.73585913974392,endurance,4000,-5,none,148.0,601,1199,mission_endurance_misfire,26.77678290616879,20.263213872373168
1052,4838.244719916557,713.2418856122632,168.41236494448347,61.93794927573,92.90261980305256,1.0866633449921623,19.184688460525432,endurance,4000,-5,none,147.0,601,1199,mission_endurance_misfire,26.673096380008587,19.840885544191057
1053,4834.617147585649,711.9353209715528,167.7600169566552,62.464373153523134,91.38807463351644,1.3494420339857596,19.373378441150614,endurance,4000,-5,none,146.0,601,1199,mission_endurance_misfire,26.62078591973893,20.257242061631278
1054,4702.111822035757,740.3282598104677,167.9370663947529,62.64545123252896,93.2645438700574,1.6724970940417616,19.472366561815917,endurance,4000,-5,misfire,145.0,601,1199,mission_endurance_misfire,26.62823993792464,19.754725893153715
1055,4836.046850130563,712.122318984569,161.81792661772965,61.455469032065096,94.2358121399184,1.030908815032472,19.362507394723988,endurance,4000,-5,none,144.0,601,1199,mission_endurance_misfire,26.752037299476186,19.75444111539273
1056,4835.805660698319,711.4499045398122,166.2282849505937,61.838811399841326,91.0333445986971,1.0163429858075608,19.289456080514505,endurance,4000,-5,none,143.0,601,1199,mission_endurance_misfire,26.655959892277217,20.472802411483332
1057,4834.800864122996,708.4411100007108,165.85909542095888,62.449629575867775,91.86492962192074,1.04666273492339,19.46926221192235,endurance,4000,-5,none,142.0,601,1199,mission_endurance_misfire,26.65570562130203,20.395866344184167
1058,4838.821959942403,717.5652676750882,167.26613411672275,62.7675085765338,92.34290170769664,0.9881974069779332,19.19335579934632,endurance,4000,-5,none,141.0,601,1199,mission_endurance_misfire,26.703707374775025,20.012964498133563
1059,4846.402336557017,713.479521260886,168.80076545470925,61.43991729349858,91.0919784377846,0.8569152670554911,19.147196039397937,endurance,4000,-5,none,140.0,601,1199,mission_endurance_misfire,26.652821961535064,19.60308570992991
1060,4640.128291670455,746.9055877543616,169.23547400254765,62.00591010377544,91.23989576073164,1.7440532271202542,19.16501531156068,endurance,4000,-5,misfire,139.0,601,1199,mission_endurance_misfire,26.70788841035419,19.636308162803733
1061,4683.414217840037,741.1812929786029,167.31996771744,61.867093127506045,93.40654665236296,2.002541133328928,19.387428648133007,endurance,4000,-5,misfire,138.0,601,1199,mission_endurance_misfire,26.73209022035903,19.785151121343656
1062,4843.139164009065,708.1716328627895,166.67105467250678,62.89285110641004,93.591696103468,1.0872095758418665,19.114638804404212,endurance,4000,-5,none,137.0,601,1199,mission_endurance_misfire,26.760667067950823,20.24852013157794
1063,4844.974139507612,707.2031663599565,166.66806550829625,63.840537574253375,93.00590304758876,1.087957896396321,19.364002107845547,endurance,4000,-5,none,136.0,601,1199,mission_endurance_misfire,26.747921054588385,19.65814524464259
1064,4602.685126292912,771.5419370792096,167.79242117751738,63.15400148805477,91.67063468840092,1.5219956144813358,19.370379315034388,endurance,4000,-5,misfire,135.0,601,1199,mission_endurance_misfire,26.701773045543423,19.97370175902353
1065,4844.206728524486,713.745355118601,166.24138095369813,64.06746217573753,92.72022461266882,1.1066458575751517,19.146800281120672,endurance,4000,-5,none,134.0,601,1199,mission_endurance_misfire,26.630693268605718,19.92219494856895
1066,4845.434884633637,713.2258938620568,167.32154499826595,63.031828996655726,91.4761564450682,1.1863600673382368,19.19907948910186,endurance,4000,-5,none,133.0,601,1199,mission_endurance_misfire,26.690803595552474,20.479536709485
1067,4849.361372613877,716.6610692535496,167.24758709348788,62.702336375936696,91.06749041694609,1.1525936127275087,19.58929168472105,endurance,4000,-5,none,132.0,601,1199,mission_endurance_misfire,26.68300965410045,19.7057668641515
1068,4848.619954724075,711.092699251022,166.5549002630508,63.28427461037615,93.56260068809269,1.3725393648368651,19.12669979176143,endurance,4000,-5,none,131.0,601,1199,mission_endurance_misfire,26.673948243452262,20.12208816619683
1069,4850.930841854505,713.9121408380693,167.91299295257738,61.69971387602968,93.12830341612036,1.121100321935214,19.59829339845027,endurance,4000,-5,none,130.0,601,1199,mission_endurance_misfire,26.711910534857694,20.17766124396368
1070,4651.03760906876,750.364020494091,166.80457906393283,62.72254563169128,91.91306037966515,1.8012936459096278,19.635845577573846,endurance,4000,-5,misfire,129.0,601,1199,mission_endurance_misfire,26.71484277285999,20.21112930989773
1071,4849.059076623797,710.4989845687791,166.2655176088898,61.24853333569531,92.42690057485628,1.0593607694516738,19.425781834869547,endurance,4000,-5,none,128.0,601,1199,mission_endurance_misfire,26.716808502155317,19.69803226640411
1072,4848.7086626230775,711.4728322149632,166.8035798124479,63.37944750291614,93.49773873441973,0.9411168962459008,19.03318473431808,endurance,4000,-5,none,127.0,601,1199,mission_endurance_misfire,26.758900710483623,20.153573723883543
1073,4846.080981504745,716.4939299615063,167.21769737862962,63.89351299864767,93.07417114972716,1.1791780626558823,19.633940227943004,endurance,4000,-5,none,126.0,601,1199,mission_endurance_misfire,26.778991692883373,19.732619746653807
1074,4756.113923635839,755.2986509108932,167.72795935212332,63.65923668868607,92.80384899462732,1.904334700410428,19.901288521279668,endurance,4000,-5,misfire,125.0,601,1199,mission_endurance_misfire,26.7838447065682,20.003664947741726
1075,4846.706148564921,711.6558980106528,166.73864101043264,62.12315722716136,92.75716320903314,1.2139627952832914,19.1819852810406,endurance,4000,-5,none,124.0,601,1199,mission_endurance_misfire,26.715724501489667,20.42373565510039
1076,4846.733828435964,717.6034911362932,165.4563014800044,61.234313806424,92.0110061000235,1.1184455798231083,19.46781177174197,endurance,4000,-5,none,123.0,601,1199,mission_endurance_misfire,26.801501010967005,20.42894065272581
1077,4850.085982434925,714.3145541292706,165.78367351245,61.5515868609015,92.08186968915672,0.9797759592080436,19.14102364813415,endurance,4000,-5,none,122.0,601,1199,mission_endurance_misfire,26.65540463467125,19.969476789653264
1078,4645.646817257025,738.4400224763588,164.82023240832274,62.18175981739972,92.24864369547169,1.61722169307081,19.038867484169284,endurance,4000,-5,misfire,121.0,601,1199,mission_endurance_misfire,26.720508787136584,20.153676800555694
1079,4847.947170614486,716.4340605480161,166.1151146887909,63.01317610194968,92.5368799477967,1.054158889344735,19.40831847027016,endurance,4000,-5,none,120.0,601,1199,mission_endurance_misfire,26.589240281851442,20.165373813473046
1080,4842.840413261101,715.8886118058713,168.0984665853742,62.68074075700136,93.90177955740135,1.06151611654267,19.35178221282781,endurance,4000,-5,none,119.0,601,1199,mission_endurance_misfire,26.657677297564838,19.765196150529967
1081,4689.842684131684,761.7333907608486,163.6465000896293,62.16208050424962,93.6320457551914,2.033571870532798,19.656916103300944,endurance,4000,-5,misfire,118.0,601,1199,mission_endurance_misfire,26.526240708280273,20.319348503860898
1082,4844.210396646784,715.9262779143615,166.21433759985493,61.529104912741936,91.4316224617269,0.8815703595965163,19.041352973442034,endurance,4000,-5,none,117.0,601,1199,mission_endurance_misfire,26.681612653128646,19.54875177472812
1083,4844.511987130629,711.0127715796974,167.28806170195625,63.94548906243978,93.07404107367115,1.0316938168741498,19.19570175524546,endurance,4000,-5,none,116.0,601,1199,mission_endurance_misfire,26.793559216763267,19.116764326822995
1084,4842.73774521036,709.8029028773419,168.77270985442573,63.33643326775337,94.38482887886106,1.115470171788112,19.217819717328503,endurance,4000,-5,none,115.0,601,1199,mission_endurance_misfire,26.64786046580111,19.89456912812329
1085,4621.10040310843,753.511339543348,168.33052142543087,61.96319093575228,92.71701252505544,1.5892375436226156,19.37230996745493,endurance,4000,-5,misfire,114.0,601,1199,mission_endurance_misfire,26.620742291326753,19.769462813349282
1086,4846.489885060622,713.0933381152047,164.9931635874452,63.69997631565573,93.65919748621047,1.2023403167822162,19.291742851340807,endurance,4000,-5,none,113.0,601,1199,mission_endurance_misfire,26.600319948764735,19.693390748336377
1087,4843.527635160635,714.3292163605943,165.1522003286199,63.45072459199053,93.5471916848056,0.9798676080518846,19.627449950640347,endurance,4000,-5,none,112.0,601,1199,mission_endurance_misfire,26.569489369679083,20.00429075090207
1088,4842.542580601406,713.8894047807961,165.30478178848975,62.138307883393104,93.57365382344707,0.8954130889636024,19.15266019336201,endurance,4000,-5,none,111.0,601,1199,mission_endurance_misfire,26.66135575425756,20.367572513412135
1089,4592.420811738629,743.1561596534535,167.94718952157535,62.4173120950014,93.16552608966067,1.934662487885502,19.92961959039133,endurance,4000,-5,misfire,110.0,601,1199,mission_endurance_misfire,26.538860947847482,20.071633168461567
1090,4847.490868008053,713.5533386257571,169.12963299397566,62.09332461175239,93.62625233553392,1.164805012958129,19.717858078963832,endurance,4000,-5,none,109.0,601,1199,mission_endurance_misfire,26.603175451084304,20.112129180188788
1091,4848.341893839489,712.9611963064401,167.55719937112286,62.56136690972989,94.33048288479156,1.0266314535090693,19.226027623580176,endurance,4000,-5,none,108.0,601,1199,mission_endurance_misfire,26.635026755145905,19.93787506772747
1092,4850.544705349415,713.1417773220337,164.89371402722168,62.4611986797119,92.13916289992866,0.846471167698356,19.62661256276147,endurance,4000,-5,none,107.0,601,1199,mission_endurance_misfire,26.652447661680334,19.229145454025982
1093,4846.313628848761,715.0666916955789,165.93299916835252,62.58057991013508,92.93310052457,1.214286484014946,19.52164853504589,endurance,4000,-5,none,106.0,601,1199,mission_endurance_misfire,26.610303863996208,20.259431500564034
1094,4594.954060062616,744.4220046558133,163.2338114204503,63.88051077225297,93.33093038782174,1.3985722550047692,19.395380732634624,endurance,4000,-5,misfire,105.0,601,1199,mission_endurance_misfire,26.70288851325477,19.67171800481176
1095,4727.342750611007,750.2453147792866,167.65556760932566,61.14810456911744,92.44698902362391,1.9809971066996903,19.7015352117324,endurance,4000,-5,misfire,104.0,601,1199,mission_endurance_misfire,26.62552411008379,19.47240652108872
1096,4750.001133057803,764.3153831996624,167.6246738919032,62.02613859981927,91.6070360559496,2.2392771947514136,19.32464988504189,endurance,4000,-5,misfire,103.0,601,1199,mission_endurance_misfire,26.649157548928315,19.98549296990743
1097,4851.717947465035,710.384776319538,165.6064756936974,61.90712902667018,90.67905952051682,1.132556528750059,19.12921215643349,endurance,4000,-5,none,102.0,601,1199,mission_endurance_misfire,26.631097695793056,20.25216429204697
1098,4846.779544489908,714.7011128028361,169.10574992773732,63.95298577218156,93.63158968861924,1.0114261527019592,19.36515609270967,endurance,4000,-5,none,101.0,601,1199,mission_endurance_misfire,26.645635095732906,20.08976054738847
1099,4672.942600197986,750.8320025093415,164.41164566070492,62.19507142063231,92.30657373335912,1.842222583105413,19.104803772512295,endurance,4000,-5,misfire,100.0,601,1199,mission_endurance_misfire,26.561168585538535,19.98695873383958
1100,4748.551945069106,765.27020784827,168.42727766129127,61.74194227300683,93.01240341213123,1.5552244534981894,19.536363558068143,endurance,4000,-5,misfire,99.0,601,1199,mission_endurance_misfire,26.565139125903816,20.039426955245002
1101,4669.58928941489,739.5666219754185,166.92891594706555,62.44334558324648,92.0195494741504,1.6047396450819087,19.3774190225678,endurance,4000,-5,misfire,98.0,601,1199,mission_endurance_misfire,26.622697766147947,19.79685639363294
1102,4845.435938593652,714.8384637678932,170.8257572566109,61.64047847341422,93.98209696231883,1.1401072883030638,19.249922996048277,endurance,4000,-5,none,97.0,601,1199,mission_endurance_misfire,26.55576667343603,20.363138225765983
1103,4658.479625083227,749.9192741125692,166.8579478311546,62.08856087045941,93.27381886338496,1.64930204231277,19.908205443662208,endurance,4000,-5,misfire,96.0,601,1199,mission_endurance_misfire,26.56731137475307,20.251914697505732
1104,4839.969839630782,708.8398280119028,164.41533318643707,61.38520446216951,92.20820430085678,0.8928338451887377,19.46062272592531,endurance,4000,-5,none,95.0,601,1199,mission_endurance_misfire,26.560411542773924,20.284852346073258
1105,4567.79920087742,766.461499878101,164.7245827015618,62.211752793405495,92.13714577233328,1.8704947033067647,19.28812264194948,endurance,4000,-5,misfire,94.0,601,1199,mission_endurance_misfire,26.64449765635979,19.97564742142289
1106,4835.699635522959,713.8842239962262,167.91156155085682,62.90226274727276,94.2131072140963,0.9137069172809206,18.92939391348977,endurance,4000,-5,none,93.0,601,1199,mission_endurance_misfire,26.536547634721607,19.94654177015521
1107,4832.7657481362885,705.1879197318704,165.45288340293305,64.27054255254686,92.10535609833865,0.9071424265982878,19.14415288908621,endurance,4000,-5,none,92.0,601,1199,mission_endurance_misfire,26.64246804901725,20.068305154079432
1108,4830.158699471313,709.6006555389948,166.0226438287143,60.61384684182586,91.71580484441364,1.2320956875177007,19.606293883942275,endurance,4000,-5,none,91.0,601,1199,mission_endurance_misfire,26.583614356293022,20.15741402024802
1109,4825.1734216694285,712.2076156303235,165.09841000872768,63.65306512079203,91.4877252227642,1.2267714942448869,18.875999529549592,endurance,4000,-5,none,90.0,601,1199,mission_endurance_misfire,26.50640654189478,19.661656162055323
1110,4826.759113219804,713.1213935279673,168.0852758099292,61.991581059209565,93.35477346825256,1.2101008702617078,18.932414136945816,endurance,4000,-5,none,89.0,601,1199,mission_endurance_misfire,26.604029365097478,20.163175698537927
1111,4579.750004680633,773.5580681667288,163.82873178427025,62.14066613440796,91.55642411071445,1.749291388578229,19.09054111430271,endurance,4000,-5,misfire,88.0,601,1199,mission_endurance_misfire,26.577644445863598,19.832973583050887
1112,4818.847596001323,709.6546746957131,165.655038503064,62.71726530949506,91.85176398962528,1.0122775064454477,19.168924860644445,endurance,4000,-5,none,87.0,601,1199,mission_endurance_misfire,26.581801664767553,19.860583977799664
1113,4617.6649640067735,748.8369374591844,169.34008944920427,62.586167684761925,92.63571984837976,1.87816202514646,18.97072612253545,endurance,4000,-5,misfire,86.0,601,1199,mission_endurance_misfire,26.59613748834484,20.637503332208684
1114,4811.219526892573,711.594217376309,164.41659904815745,61.90453565422076,92.68965948278986,1.138923545785666,19.430558653082127,endurance,4000,-5,none,85.0,601,1199,mission_endurance_misfire,26.592484349956457,19.652264681648354
1115,4811.195649604834,706.3740903070767,164.44452039549486,62.52118030472324,92.72444693563676,1.0998343401958055,19.2553424220626,endurance,4000,-5,none,84.0,601,1199,mission_endurance_misfire,26.532606319076415,20.27565422148823
1116,4806.188080405207,711.4481519444829,164.06584199295298,61.283892742456885,91.94260522286122,0.9963097376304264,18.76189401740138,endurance,4000,-5,none,83.0,601,1199,mission_endurance_misfire,26.583288084165982,20.13006851784206
1117,4817.48326057699,711.990666648417,166.76080063007757,61.650304084357856,92.29413713555893,1.1530908035618612,19.30405566912449,endurance,4000,-5,none,82.0,601,1199,mission_endurance_misfire,26.696540258526326,19.79883315178879
1118,4691.304932696763,747.8332346813147,166.63621755160875,61.95586292678169,92.3972001249071,1.8065322001901876,18.67855038368788,endurance,4000,-5,misfire,81.0,601,1199,mission_endurance_misfire,26.654637257823158,19.82991086140287
1119,4817.083765207666,706.3394424310704,163.75674352975898,61.52396750202592,91.66608258997525,1.1141000480791088,19.23689595507334,endurance,4000,-5,none,80.0,601,1199,mission_endurance_misfire,26.660245098277116,20.294350771478243
1120,4822.109144397287,705.9612985409768,166.11006853159645,61.39169186295314,90.35764033695732,0.8802116863338201,18.765325049941904,endurance,4000,-5,none,79.0,601,1199,mission_endurance_misfire,26.78078435975858,20.273321532505516
1121,4821.036409990135,703.9552126782789,165.77479047480898,62.12480794941873,91.48786793302664,0.9992215968971828,19.202801103942907,endurance,4000,-5,none,78.0,601,1199,mission_endurance_misfire,26.621311122189795,20.128562652984076
1122,4819.910812218664,710.3159381538621,165.91268979117942,61.65501003570876,92.5581685874529,1.269222254146967,18.954155929674275,endurance,4000,-5,none,77.0,601,1199,mission_endurance_misfire,26.500842997752542,20.10789810946972
1123,4822.801911137079,707.500889316136,168.53816335148082,62.531762409570696,90.62594053195974,0.991424952566926,19.567320705836128,endurance,4000,-5,none,76.0,601,1199,mission_endurance_misfire,26.668451425322548,19.822315160675966
1124,4826.403120991309,712.5748108662107,166.65515351845931,62.4888289826124,91.49500060049564,1.1591476844341937,19.203492945790607,endurance,4000,-5,none,75.0,601,1199,mission_endurance_misfire,26.560946291064706,20.233286431401346
1125,4723.227927256105,737.1411861258573,164.89034505576728,62.219331280082855,92.77588278274332,1.8406435196808897,19.292279170819587,endurance,4000,-5,misfire,74.0,601,1199,mission_endurance_misfire,26.452269323993814,19.50851885534193
1126,4825.208658734276,709.6372463599243,164.89573360209005,63.79559429739808,92.24143048530918,1.1970172069251452,19.22797276104069,endurance,4000,-5,none,73.0,601,1199,mission_endurance_misfire,26.539156236798856,19.84023007876802
1127,4824.152817370843,707.0959936837327,163.9879742846334,62.04257651019247,92.97806617899212,1.094559873103802,19.142855658858167,endurance,4000,-5,none,72.0,601,1199,mission_endurance_misfire,26.556739480034025,20.661484874717253
1128,4820.109500076988,709.8346058406667,164.7265819811517,62.12752485278668,92.92683147212703,0.969676710299677,19.4500049093578,endurance,4000,-5,none,71.0,601,1199,mission_endurance_misfire,26.536221320741298,19.978624007788607
1129,4523.6450784726885,779.7383666902955,164.88107264292694,61.56124693502839,92.48462886056224,2.1200726165394697,18.77640177390261,endurance,4000,-5,misfire,70.0,601,1199,mission_endurance_misfire,26.585672282299758,20.481889444473456
1130,4589.305600951327,767.0409048473867,167.6721053969904,61.28552720866693,92.87863511029234,1.85546534037602,19.160304934354816,endurance,4000,-5,misfire,69.0,601,1199,mission_endurance_misfire,26.527766387269928,19.977764172372353
1131,4815.004450262783,709.8300954124189,167.09826999689767,63.49653923658571,91.44635253388532,1.199009606293456,18.64531795618591,endurance,4000,-5,none,68.0,601,1199,mission_endurance_misfire,26.50698170109491,20.377244490928682
1132,4708.819397252414,747.9637419331137,166.2835478706154,61.913228069146186,92.26852701382508,2.063656394498505,18.928863936150087,endurance,4000,-5,misfire,67.0,601,1199,mission_endurance_misfire,26.546583586102738,20.058606277845957
1133,4597.785872146062,769.0523989789734,166.013037260767,62.66165193421877,91.667111389762,1.986805039573832,18.98522774037479,endurance,4000,-5,misfire,66.0,601,1199,mission_endurance_misfire,26.532506737413314,20.22861790426479
1134,4517.925204701744,755.6951791705903,163.71435654662596,61.90996921407782,91.79273439829193,1.4523938309863174,19.022557982174305,endurance,4000,-5,misfire,65.0,601,1199,mission_endurance_misfire,26.475102938774192,20.332142496300452
1135,4671.738513583796,731.6412831309879,165.7120397896514,63.341493385834205,91.89735110767248,2.124936698164935,18.966150083399608,endurance,4000,-5,misfire,64.0,601,1199,mission_endurance_misfire,26.439842374589254,19.647418188602202
1136,4802.689282666923,711.3685253725147,165.77921780232407,61.500472307204745,90.92820016349596,1.0220631093702268,18.516143452732468,endurance,4000,-5,none,63.0,601,1199,mission_endurance_misfire,26.42287400642218,19.651171692852337
1137,4802.850820201533,714.3523589166108,164.30945879140154,62.14281332229048,92.38499879445544,1.0499366126154708,19.14506514050321,endurance,4000,-5,none,62.0,601,1199,mission_endurance_misfire,26.568423550141862,19.988977383897982
1138,4610.027916454763,778.274306790997,166.04783496789867,62.07898681127464,92.70150343859171,2.156639738365329,19.51574927750143,endurance,4000,-5,misfire,61.0,601,1199,mission_endurance_misfire,26.482204632492536,20.2133579374853
1139,4524.042888137394,766.6923393154233,164.2213198353332,61.12005998788108,92.09216977006233,2.2165351453515747,18.75813848582569,endurance,4000,-5,misfire,60.0,601,1199,mission_endurance_misfire,26.50202028260254,19.91430293617556
1140,4800.0,711.117224969647,165.18967428060486,61.4491932602365,90.9300639528952,1.0972959723978513,18.599599624979927,endurance,4000,-5,none,59.0,601,1199,mission_endurance_misfire,26.454312735077394,20.68045564780003
1141,4800.0,713.0171830492018,166.3490624793451,62.16526107147299,91.65710483250786,1.0057985998473604,18.704854810942,endurance,4000,-5,none,58.0,601,1199,mission_endurance_misfire,26.370681105641285,19.80658021117775
1142,4689.7161208592925,782.1860259333641,164.82203474101686,61.69300421175932,90.96824878387056,2.108642310176416,18.71347289109263,endurance,4000,-5,misfire,57.0,601,1199,mission_endurance_misfire,26.33487667279893,19.54482493620654
1143,4800.0,708.1453246480403,164.2331799322375,61.78391770662439,92.14017576888476,0.9148991147369724,18.759620826288373,endurance,4000,-5,none,56.0,601,1199,mission_endurance_misfire,26.455666685352874,20.425993424178863
1144,4800.0,710.1422025293114,165.73976430452885,60.22462451057194,91.821505638901,1.1508174786202694,19.25072235904649,endurance,4000,-5,none,55.0,601,1199,mission_endurance_misfire,26.36987865062169,20.088494334628933
1145,4800.0,704.5348063365363,166.58600601299094,61.93164221465895,90.9115053460175,0.9024728524921114,18.767095214367476,endurance,4000,-5,none,54.0,601,1199,mission_endurance_misfire,26.481521397013744,19.86119911269016
1146,4800.0,706.283713268886,166.25610393768986,61.35888411664445,93.2103672798664,0.9580044431044922,18.767271207684036,endurance,4000,-5,none,53.0,601,1199,mission_endurance_misfire,26.44624752959462,19.949532110187324
1147,4563.170173034169,753.7530000314996,163.83416224442456,62.68384630093691,91.6263480496504,2.260472987497492,18.794462767410447,endurance,4000,-5,misfire,52.0,601,1199,mission_endurance_misfire,26.514742799617288,19.864764445451474
1148,4800.0,708.4820189887242,165.34990030898916,62.95506951202299,90.16120559452646,0.8655340923832153,18.89843581553017,endurance,4000,-5,none,51.0,601,1199,mission_endurance_misfire,26.454762045261134,19.678666746835024
1149,4800.0,708.0950174170347,166.00040424752677,61.35781553846533,91.8995185764974,1.0357774802461768,18.982131003377397,endurance,4000,-5,none,50.0,601,1199,mission_endurance_misfire,26.38684236072045,19.834348477331858
1150,4800.0,709.8332296539074,166.69608488507043,62.89525394634506,92.4601281835187,1.159774507991998,19.14839413267753,endurance,4000,-5,none,49.0,601,1199,mission_endurance_misfire,26.43410838953553,20.155341765652043
1151,4800.0,704.2478542836176,165.97833056046656,60.36574902725231,93.04444623258225,1.0726588805206043,19.164174016740677,endurance,4000,-5,none,48.0,601,1199,mission_endurance_misfire,26.41102850616542,20.019343364631656
1152,4800.0,708.482383600538,165.83806821633678,61.577936655175925,90.44905137366814,1.0262363114616415,18.723730436649745,endurance,4000,-5,none,47.0,601,1199,mission_endurance_misfire,26.317288144306822,19.82776409695697
1153,4800.0,711.5537052827642,167.88902134338227,62.80128837065884,92.50135089458053,1.0541524942936331,18.746367882598005,endurance,4000,-5,none,46.0,601,1199,mission_endurance_misfire,26.30377125463477,20.262187726168808
1154,4800.0,704.8428884741343,164.08916501097806,61.24120997961808,91.71444786508832,0.9468582704077572,18.908384329681287,endurance,4000,-5,none,45.0,601,1199,mission_endurance_misfire,26.2342291867732,20.59148002982783
1155,4800.0,710.9957122749845,166.19280160660028,61.6042510668161,92.16247188731828,0.8236925522769039,19.14554096324324,endurance,4000,-5,none,44.0,601,1199,mission_endurance_misfire,26.293318347466847,19.942982074674237
1156,4655.139102344483,744.0665931365794,166.51404607056446,63.42291100174454,93.0716885705347,2.0467839106292365,18.810210009126397,endurance,4000,-5,misfire,43.0,601,1199,mission_endurance_misfire,26.314628434400312,19.58564619817843
1157,4587.304212601595,770.7494883477073,165.8942225179963,62.53968348265752,92.97537529119798,1.6241086649414402,18.703579410277023,endurance,4000,-5,misfire,42.0,601,1199,mission_endurance_misfire,26.33419465858181,19.615104000869255
1158,4565.16264124647,754.8286150690129,165.6799465992085,62.22946376320984,91.08097626669274,2.282991529912616,19.02623166366164,endurance,4000,-5,misfire,41.0,601,1199,mission_endurance_misfire,26.326529347496376,20.20902589236098
1159,4800.0,706.5130133122776,166.75018236770256,62.275440068567285,91.09908296376288,0.9216975336792266,19.09985783205537,endurance,4000,-5,none,40.0,601,1199,mission_endurance_misfire,26.362019037613752,20.06035269665184
1160,4473.959438396358,741.2741975152433,168.35368411609542,60.779962449488366,92.482161934925,1.6924238349298766,18.95395946478977,endurance,4000,-5,misfire,39.0,601,1199,mission_endurance_misfire,26.209125512480608,19.524009159443715
1161,4511.66709141935,740.7229773061235,162.73869393489818,60.46614585393639,90.81599535851694,1.5995031571348133,19.23796678398533,endurance,4000,-5,misfire,38.0,601,1199,mission_endurance_misfire,26.27364181268234,19.809715852666713
1162,4800.0,710.1615630222866,168.1369255586995,61.38222828514999,90.71171945363945,0.9651739649361194,18.89500667620085,endurance,4000,-5,none,37.0,601,1199,mission_endurance_misfire,26.348147334926118,20.544012918393147
1163,4595.566828640899,760.4344749991722,163.88022085341126,62.57585341889883,91.22529667102567,1.3799796920669156,18.910865293762424,endurance,4000,-5,misfire,36.0,601,1199,mission_endurance_misfire,26.25417995118189,20.191319479253256
1164,4800.0,708.5566409582547,164.52816698906474,62.21984941048284,91.48873338319868,0.9989639549237056,18.57310510531593,endurance,4000,-5,none,35.0,601,1199,mission_endurance_misfire,26.19963081235134,19.791217423394837
1165,4800.0,711.2401386042617,164.7299206470303,61.29782420729071,92.4617032564702,1.0971484291327902,19.115388651948614,endurance,4000,-5,none,34.0,601,1199,mission_endurance_misfire,26.225431537372458,20.00201957816875
1166,4560.848288347597,763.3952391340495,162.87146462796477,62.23577549270799,92.42491023600763,1.6732039054610228,19.11331630985388,endurance,4000,-5,misfire,33.0,601,1199,mission_endurance_misfire,26.162570111083948,20.03007654801694
1167,4800.0,711.3770987530672,166.04578486290134,61.15137300391569,92.64084217415018,1.0468535964421275,18.845782922265183,endurance,4000,-5,none,32.0,601,1199,mission_endurance_misfire,26.109626187089084,20.211584462756647
1168,4551.2412995027535,762.4648988275288,166.69873269470642,61.66839510373276,94.64189575913218,2.3842159363373137,18.671976755261163,endurance,4000,-5,misfire,31.0,601,1199,mission_endurance_misfire,26.11063243475944,20.27936445512805
1169,4542.809951456762,761.5565417859244,165.2148064083361,62.36445883894394,91.13239339938188,2.4018842365342428,18.880922714304944,endurance,4000,-5,misfire,30.0,601,1199,mission_endurance_misfire,26.075200871505498,19.491696780456817
1170,4800.0,703.0594497522753,166.35949409548886,61.72169726109592,92.69272398929924,1.1729199786559985,19.27778673234953,endurance,4000,-5,none,29.0,601,1199,mission_endurance_misfire,26.154471037739814,20.202065789228612
1171,4541.125843390894,766.2598461998198,168.39635331293815,61.78204147809535,92.09755494332458,1.8122536255456867,18.68770577804082,endurance,4000,-5,misfire,28.0,601,1199,mission_endurance_misfire,26.177101677764934,19.59423753508095
1172,4623.544556747509,736.795075405777,163.82698053948505,62.3375025142606,91.747103640342,2.4369052402924867,18.75594866392468,endurance,4000,-5,misfire,27.0,601,1199,mission_endurance_misfire,26.14322359322072,20.066747313193854
1173,4800.0,709.2004581949246,164.1983979695409,61.58219684584502,89.90683867582936,1.0936550762498063,18.749758054692293,endurance,4000,-5,none,26.0,601,1199,mission_endurance_misfire,26.201444654708645,19.746043856967283
1174,4800.0,705.8809468397367,164.59390332544305,61.73912435930132,91.27104618291906,1.0900640439800036,18.777460236948844,endurance,4000,-5,none,25.0,601,1199,mission_endurance_misfire,26.08940362964239,20.218899469243237
1175,4800.0,711.6775878715788,163.627603036984,61.56367681412088,91.14864879237568,0.8337122442946361,19.498234376208774,endurance,4000,-5,none,24.0,601,1199,mission_endurance_misfire,25.900423100544863,19.578848649823748
1176,4800.0,702.6874077989507,164.03691369011335,62.32651940761999,92.2062804871515,0.9096693940776364,18.82859825647059,endurance,4000,-5,none,23.0,601,1199,mission_endurance_misfire,26.007752739595208,19.84086735728349
1177,4670.634588605135,750.5866731913245,163.44259137337932,62.4752061370227,92.80674582501068,2.0498149959394576,19.041094543140865,endurance,4000,-5,misfire,22.0,601,1199,mission_endurance_misfire,25.998948336090493,20.11670711598977
1178,4800.0,710.2891750228143,165.5865135083786,61.86875491037379,92.89375943817542,0.83933047411053,18.946804824655818,endurance,4000,-5,none,21.0,601,1199,mission_endurance_misfire,26.077349888409717,19.664093712365148
1179,4555.5133986037445,781.2428085261677,166.52726428934426,63.48898613400251,92.22493160605204,2.025985584512056,18.978005750526275,endurance,4000,-5,misfire,20.0,601,1199,mission_endurance_misfire,26.086518452472262,20.02526790123777
1180,4547.199699723914,781.1224708738675,168.03025512660176,61.65919660404011,92.82115871053716,1.6984855776171353,18.750282107047543,endurance,4000,-5,misfire,19.0,601,1199,mission_endurance_misfire,26.082457255199024,20.39078557069451
1181,4800.0,709.8378193540227,168.3410556615896,62.39444142988456,92.71296303549484,0.937980636739802,18.959047545863168,endurance,4000,-5,none,18.0,601,1199,mission_endurance_misfire,26.04379436747165,19.977531082171886
1182,4800.0,699.2809540621216,167.77748288768663,62.57990202614204,91.3032078973123,1.2905937939597851,18.821733670228834,endurance,4000,-5,none,17.0,601,1199,mission_endurance_misfire,26.15583587391971,20.316693770047365
1183,4800.0,709.9551406781853,166.65152086892968,61.12247704647597,91.03030241868846,0.9930776965870662,19.152028437591326,endurance,4000,-5,none,16.0,601,1199,mission_endurance_misfire,26.144750831820044,19.35964802810561
1184,4800.0,706.775977902519,164.82085114070463,62.513880486642414,92.70382413404305,0.9588143052437224,18.6564642059112,endurance,4000,-5,none,15.0,601,1199,mission_endurance_misfire,26.13508260662523,19.772891330971497
1185,4607.437687969829,731.5698280596177,163.43302599572053,61.881224363265154,90.94593107205836,1.563040540009079,18.930271872756105,endurance,4000,-5,misfire,14.0,601,1199,mission_endurance_misfire,26.113104576057477,19.65456851228333
1186,4800.0,704.2591499608667,164.27108292601363,62.54951960486445,91.40502674425755,0.9332002308525552,19.12062185562877,endurance,4000,-5,none,13.0,601,1199,mission_endurance_misfire,26.201415676498044,19.556705264290024
1187,4618.831117399899,739.4433056648297,166.35919555035892,62.22783027929136,92.87820401374309,1.6803909767811174,18.633372430592026,endurance,4000,-5,misfire,12.0,601,1199,mission_endurance_misfire,26.229905237595915,20.06000343276799
1188,4800.0,708.9261053466922,166.15200011495938,61.56161371344916,93.35638883853292,0.9325195415029364,19.092689656039536,endurance,4000,-5,none,11.0,601,1199,mission_endurance_misfire,26.27253302421057,20.390826791123956
1189,4438.957778846639,772.0168182630018,163.06087759030953,63.80343050578241,92.54476879950536,1.6343678730833218,19.137518402514,endurance,4000,-5,misfire,10.0,601,1199,mission_endurance_misfire,26.11418657010488,20.373393384145686
1190,4587.408816253359,772.0458700975203,163.78520329124615,63.53769515963502,93.1049496774354,2.314557852754983,18.94420778499619,endurance,4000,-5,misfire,9.0,601,1199,mission_endurance_misfire,26.134667760249485,19.956927655483636
1191,4660.73710243922,790.6618872527474,166.97329659351965,62.52506587385354,91.14689341928288,1.755693995627574,18.789780428415074,endurance,4000,-5,misfire,8.0,601,1199,mission_endurance_misfire,26.161796138726235,19.649748878683926
1192,4597.424112012367,730.7178880086947,164.9910559351233,61.765748348824346,92.51609638816748,1.5789832413121208,18.35864998101675,endurance,4000,-5,misfire,7.0,601,1199,mission_endurance_misfire,26.324634119895745,19.675692160717556
1193,4453.862290887912,766.5986151855631,163.66914939230338,60.88908872996833,91.1799719038725,2.134728789701394,19.02980117975924,endurance,4000,-5,misfire,6.0,601,1199,mission_endurance_misfire,26.26035546733339,19.552331081618604
1194,4553.040985165654,748.7436287679258,163.48857555931937,62.17025109245506,90.53611240636718,1.496852140661966,19.019724265154608,endurance,4000,-5,misfire,5.0,601,1199,mission_endurance_misfire,26.286780196634798,20.03195148760729
1195,4588.330924307017,744.603413029787,164.23209002026582,61.759522912924005,91.18120478085704,2.5289267999408365,19.006677060032917,endurance,4000,-5,misfire,4.0,601,1199,mission_endurance_misfire,26.317976468034512,19.903639034517955
1196,4800.0,705.2338724741481,162.3247903554443,62.201048956568535,90.73939575266776,1.2019941394057592,19.24033476401504,endurance,4000,-5,none,3.0,601,1199,mission_endurance_misfire,26.315566204903895,20.00026606671309
1197,4449.62930009817,781.6732372070246,165.02730293848686,61.726918241194845,92.52333498437218,1.8869822433805716,18.97056470064524,endurance,4000,-5,misfire,2.0,601,1199,mission_endurance_misfire,26.21691074316299,20.138145910735396
1198,4802.218073178107,714.0330516437584,168.8727553957394,62.174048461576334,91.30935429640904,0.987830483370934,18.960127122308712,endurance,4000,-5,none,1.0,601,1199,mission_endurance_misfire,26.23175691814981,19.641619557319455
1199,4801.825075361643,714.9021037373698,165.73881935079453,61.59623456266636,92.88029213347656,1.0011129542234631,19.207270374396423,endurance,4000,-5,none,0.0,601,1199,mission_endurance_misfire,26.289581495749438,19.930842456000125
